"address,""categories/0"",""categoryName"",""cid"",""city"",""countryCode"",""fid"",""imageUrl"",""isAdvertisement"",""isLocalGuide"",""language"",""likesCount"",""location/lat"",""location/lng"",""name"",""neighborhood"",""originalLanguage"",""permanentlyClosed"",""placeId"",""postalCode"",""price"",""publishAt"",""publishedAtDate"",""rating"",""responseFromOwnerDate"",""responseFromOwnerText"",""reviewContext/Sebaiknya buat reservasi"",""reviewContext/Waktu antrean"",""reviewContext/Waktu kunjungan"",""reviewId"",""reviewImageUrls/0"",""reviewImageUrls/1"",""reviewImageUrls/2"",""reviewImageUrls/3"",""reviewImageUrls/4"",""reviewImageUrls/5"",""reviewImageUrls/6"",""reviewImageUrls/7"",""reviewImageUrls/8"",""reviewImageUrls/9"",""reviewImageUrls/10"",""reviewImageUrls/11"",""reviewImageUrls/12"",""reviewImageUrls/13"",""reviewImageUrls/14"",""reviewImageUrls/15"",""reviewImageUrls/16"",""reviewImageUrls/17"",""reviewImageUrls/18"",""reviewImageUrls/19"",""reviewImageUrls/20"",""reviewImageUrls/21"",""reviewImageUrls/22"",""reviewImageUrls/23"",""reviewImageUrls/24"",""reviewImageUrls/25"",""reviewImageUrls/26"",""reviewImageUrls/27"",""reviewImageUrls/28"",""reviewImageUrls/29"",""reviewImageUrls/30"",""reviewImageUrls/31"",""reviewImageUrls/32"",""reviewImageUrls/33"",""reviewImageUrls/34"",""reviewImageUrls/35"",""reviewImageUrls/36"",""reviewImageUrls/37"",""reviewImageUrls/38"",""reviewImageUrls/39"",""reviewImageUrls/40"",""reviewImageUrls/41"",""reviewImageUrls/42"",""reviewImageUrls/43"",""reviewImageUrls/44"",""reviewImageUrls/45"",""reviewImageUrls/46"",""reviewImageUrls/47"",""reviewImageUrls/48"",""reviewImageUrls/49"",""reviewOrigin"",""reviewUrl"",""reviewerId"",""reviewerNumberOfReviews"",""reviewerPhotoUrl"",""reviewerUrl"",""reviewsCount"",""scrapedAt"",""searchString"",""stars"",""state"",""street"",""temporarilyClosed"",""text"",""textTranslated"",""title"",""totalScore"",""translatedLanguage"",""url"",""visitedIn"""
"Maron, Dersono, Kec. Pringkuku, Kabupaten Pacitan, Jawa Timur 63552, Indonesia,""Tujuan Wisata"",""Tujuan Wisata"",""4060743041843258778"",""Kabupaten Pacitan"",""ID"",""0x2e7bdc5940de0881:0x385aa8482534e59a"",""https://lh3.googleusercontent.com/p/AF1QipMNuPRl3Yiq7QhQIJCyERjVOIzFTXzxm5P_ScFH=w408-h306-k-no"",""false"",""false"",""id"",""0"",""-8.2045083"",""110.9552183"",,""Maron, Dersono, Kecamatan Pringkuku"",,""false"",""ChIJgQjeQFncey4RmuU0JUioWjg"",""63552"",,""16 jam lalu"",""2025-04-01T09:15:23.784Z"",,,,,,""Akhir pekan"",,,,,,,,,,,,,,,,,,,,,,,,,,,,,,,,,,,,,,,,,,,,,,,,,,,,""Google"",,,""5"",,,""3741"",""2025-04-02T02:10:04.574Z"",""Direct Detail URL: https://www.google.com/maps/place/Sungai+Maron+Pacitan/@-8.204503,110.9526434,17z/data=!4m8!3m7!1s0x2e7bdc5940de0881:0x385aa8482534e59a!8m2!3d-8.2045083!4d110.9552183!9m1!1b1!16s%2Fg%2F11f06mb36n?entry=ttu&g_ep=EgoyMDI1MDMzMC4wIKXMDSoASAFQAw%3D%3D"",""5"",""Jawa Timur"",,""false"",,,""Sungai Maron Pacitan"",""4.7"",,""https://www.google.com/maps/search/?api=1&query=Sungai%20Maron%20Pacitan&query_place_id=ChIJgQjeQFncey4RmuU0JUioWjg"","
"Maron, Dersono, Kec. Pringkuku, Kabupaten Pacitan, Jawa Timur 63552, Indonesia,""Tujuan Wisata"",""Tujuan Wisata"",""4060743041843258778"",""Kabupaten Pacitan"",""ID"",""0x2e7bdc5940de0881:0x385aa8482534e59a"",""https://lh3.googleusercontent.com/p/AF1QipMNuPRl3Yiq7QhQIJCyERjVOIzFTXzxm5P_ScFH=w408-h306-k-no"",""false"",""false"",""id"",""0"",""-8.2045083"",""110.9552183"",,""Maron, Dersono, Kecamatan Pringkuku"",,""false"",""ChIJgQjeQFncey4RmuU0JUioWjg"",""63552"",,""2 hari lalu"",""2025-03-30T08:50:56.346Z"",,,,,,""Akhir pekan"",,,,,,,,,,,,,,,,,,,,,,,,,,,,,,,,,,,,,,,,,,,,,,,,,,,,""Google"",,,""0"",,,""3741"",""2025-04-02T02:10:04.574Z"",""Direct Detail URL: https://www.google.com/maps/place/Sungai+Maron+Pacitan/@-8.204503,110.9526434,17z/data=!4m8!3m7!1s0x2e7bdc5940de0881:0x385aa8482534e59a!8m2!3d-8.2045083!4d110.9552183!9m1!1b1!16s%2Fg%2F11f06mb36n?entry=ttu&g_ep=EgoyMDI1MDMzMC4wIKXMDSoASAFQAw%3D%3D"",""5"",""Jawa Timur"",,""false"",,,""Sungai Maron Pacitan"",""4.7"",,""https://www.google.com/maps/search/?api=1&query=Sungai%20Maron%20Pacitan&query_place_id=ChIJgQjeQFncey4RmuU0JUioWjg"","
"Maron, Dersono, Kec. Pringkuku, Kabupaten Pacitan, Jawa Timur 63552, Indonesia,""Tujuan Wisata"",""Tujuan Wisata"",""4060743041843258778"",""Kabupaten Pacitan"",""ID"",""0x2e7bdc5940de0881:0x385aa8482534e59a"",""https://lh3.googleusercontent.com/p/AF1QipMNuPRl3Yiq7QhQIJCyERjVOIzFTXzxm5P_ScFH=w408-h306-k-no"",""false"",""true"",""id"",""0"",""-8.2045083"",""110.9552183"",,""Maron, Dersono, Kecamatan Pringkuku"",""en"",""false"",""ChIJgQjeQFncey4RmuU0JUioWjg"",""63552"",,""3 hari lalu"",""2025-03-29T23:45:54.239Z"",,,,""Tidak"",""Tanpa mengantre"",""Akhir pekan"",,,,,,,,,,,,,,,,,,,,,,,,,,,,,,,,,,,,,,,,,,,,,,,,,,,,""Google"",,,""57"",,,""3741"",""2025-04-02T02:10:04.574Z"",""Direct Detail URL: https://www.google.com/maps/place/Sungai+Maron+Pacitan/@-8.204503,110.9526434,17z/data=!4m8!3m7!1s0x2e7bdc5940de0881:0x385aa8482534e59a!8m2!3d-8.2045083!4d110.9552183!9m1!1b1!16s%2Fg%2F11f06mb36n?entry=ttu&g_ep=EgoyMDI1MDMzMC4wIKXMDSoASAFQAw%3D%3D"",""5"",""Jawa Timur"",,""false"",""Very interesting river and boating destination"",""Sungai dan tujuan berperahu yang sangat menarik"",""Sungai Maron Pacitan"",""4.7"",""id"",""https://www.google.com/maps/search/?api=1&query=Sungai%20Maron%20Pacitan&query_place_id=ChIJgQjeQFncey4RmuU0JUioWjg"","
"Maron, Dersono, Kec. Pringkuku, Kabupaten Pacitan, Jawa Timur 63552, Indonesia,""Tujuan Wisata"",""Tujuan Wisata"",""4060743041843258778"",""Kabupaten Pacitan"",""ID"",""0x2e7bdc5940de0881:0x385aa8482534e59a"",""https://lh3.googleusercontent.com/p/AF1QipMNuPRl3Yiq7QhQIJCyERjVOIzFTXzxm5P_ScFH=w408-h306-k-no"",""false"",""true"",""id"",""0"",""-8.2045083"",""110.9552183"",,""Maron, Dersono, Kecamatan Pringkuku"",""id"",""false"",""ChIJgQjeQFncey4RmuU0JUioWjg"",""63552"",,""3 hari lalu"",""2025-03-29T12:07:10.149Z"",,,,""Tidak"",""Tanpa mengantre"",""Hari biasa"",,,,,,,,,,,,,,,,,,,,,,,,,,,,,,,,,,,,,,,,,,,,,,,,,,,,""Google"",,,""138"",,,""3741"",""2025-04-02T02:10:04.574Z"",""Direct Detail URL: https://www.google.com/maps/place/Sungai+Maron+Pacitan/@-8.204503,110.9526434,17z/data=!4m8!3m7!1s0x2e7bdc5940de0881:0x385aa8482534e59a!8m2!3d-8.2045083!4d110.9552183!9m1!1b1!16s%2Fg%2F11f06mb36n?entry=ttu&g_ep=EgoyMDI1MDMzMC4wIKXMDSoASAFQAw%3D%3D"",""5"",""Jawa Timur"",,""false"",""Keren.."",,""Sungai Maron Pacitan"",""4.7"",,""https://www.google.com/maps/search/?api=1&query=Sungai%20Maron%20Pacitan&query_place_id=ChIJgQjeQFncey4RmuU0JUioWjg"","
"Maron, Dersono, Kec. Pringkuku, Kabupaten Pacitan, Jawa Timur 63552, Indonesia,""Tujuan Wisata"",""Tujuan Wisata"",""4060743041843258778"",""Kabupaten Pacitan"",""ID"",""0x2e7bdc5940de0881:0x385aa8482534e59a"",""https://lh3.googleusercontent.com/p/AF1QipMNuPRl3Yiq7QhQIJCyERjVOIzFTXzxm5P_ScFH=w408-h306-k-no"",""false"",""false"",""id"",""0"",""-8.2045083"",""110.9552183"",,""Maron, Dersono, Kecamatan Pringkuku"",,""false"",""ChIJgQjeQFncey4RmuU0JUioWjg"",""63552"",,""6 hari lalu"",""2025-03-26T21:10:45.565Z"",,,,,,,,,,,,,,,,,,,,,,,,,,,,,,,,,,,,,,,,,,,,,,,,,,,,,,,,,,""Google"",,,""0"",,,""3741"",""2025-04-02T02:10:04.574Z"",""Direct Detail URL: https://www.google.com/maps/place/Sungai+Maron+Pacitan/@-8.204503,110.9526434,17z/data=!4m8!3m7!1s0x2e7bdc5940de0881:0x385aa8482534e59a!8m2!3d-8.2045083!4d110.9552183!9m1!1b1!16s%2Fg%2F11f06mb36n?entry=ttu&g_ep=EgoyMDI1MDMzMC4wIKXMDSoASAFQAw%3D%3D"",""3"",""Jawa Timur"",,""false"",,,""Sungai Maron Pacitan"",""4.7"",,""https://www.google.com/maps/search/?api=1&query=Sungai%20Maron%20Pacitan&query_place_id=ChIJgQjeQFncey4RmuU0JUioWjg"","
"Maron, Dersono, Kec. Pringkuku, Kabupaten Pacitan, Jawa Timur 63552, Indonesia,""Tujuan Wisata"",""Tujuan Wisata"",""4060743041843258778"",""Kabupaten Pacitan"",""ID"",""0x2e7bdc5940de0881:0x385aa8482534e59a"",""https://lh3.googleusercontent.com/p/AF1QipMNuPRl3Yiq7QhQIJCyERjVOIzFTXzxm5P_ScFH=w408-h306-k-no"",""false"",""true"",""id"",""0"",""-8.2045083"",""110.9552183"",,""Maron, Dersono, Kecamatan Pringkuku"",""id"",""false"",""ChIJgQjeQFncey4RmuU0JUioWjg"",""63552"",,""2 minggu lalu"",""2025-03-15T13:50:30.305Z"",,,,""Tidak"",""Tanpa mengantre"",""Akhir pekan"",,""https://lh3.googleusercontent.com/geougc-cs/AIHozJJ-vSO-apjEv00MxHApVSz5C4hUheWsGTgIKIAqua3UOcVay-IZX8-6PTBm2p_ifpVNuPDgfWIAo-yFxa82d2eyfIK549owmE9mlWAPfkhps5_AKjYX6bbdunUL5a3cFif3VXR3"",,,,,,,,,,,,,,,,,,,,,,,,,,,,,,,,,,,,,,,,,,,,,,,,,,""Google"",,,""131"",,,""3741"",""2025-04-02T02:10:04.574Z"",""Direct Detail URL: https://www.google.com/maps/place/Sungai+Maron+Pacitan/@-8.204503,110.9526434,17z/data=!4m8!3m7!1s0x2e7bdc5940de0881:0x385aa8482534e59a!8m2!3d-8.2045083!4d110.9552183!9m1!1b1!16s%2Fg%2F11f06mb36n?entry=ttu&g_ep=EgoyMDI1MDMzMC4wIKXMDSoASAFQAw%3D%3D"",""5"",""Jawa Timur"",,""false"",""Pemandangannya indah. Saat datang tidak ramai karena saat puasa."
"Jadi bisa puas menikmati pemandangan"",,""Sungai Maron Pacitan"",""4.7"",,""https://www.google.com/maps/search/?api=1&query=Sungai%20Maron%20Pacitan&query_place_id=ChIJgQjeQFncey4RmuU0JUioWjg"","
"Maron, Dersono, Kec. Pringkuku, Kabupaten Pacitan, Jawa Timur 63552, Indonesia,""Tujuan Wisata"",""Tujuan Wisata"",""4060743041843258778"",""Kabupaten Pacitan"",""ID"",""0x2e7bdc5940de0881:0x385aa8482534e59a"",""https://lh3.googleusercontent.com/p/AF1QipMNuPRl3Yiq7QhQIJCyERjVOIzFTXzxm5P_ScFH=w408-h306-k-no"",""false"",""false"",""id"",""0"",""-8.2045083"",""110.9552183"",,""Maron, Dersono, Kecamatan Pringkuku"",""id"",""false"",""ChIJgQjeQFncey4RmuU0JUioWjg"",""63552"",,""2 minggu lalu"",""2025-03-14T16:32:23.311Z"",,,,""Tidak"",""Tanpa mengantre"",""Akhir pekan"",,""https://lh3.googleusercontent.com/geougc-cs/AIHozJLtHA-cZRlNhaB3BTIWaLT93ijHLGaNhltvxkPYJVklhWr-jPg8vLIvucFJg6n2n451POUsPcl-fQwbI37ZTEPYVl1JGXPeb_kl7NXI8aRBmqwPnWhlvBZgAc1yLcZHwWTO6Gv8pw"",""https://lh3.googleusercontent.com/geougc-cs/AIHozJIasm83ii-2JnUuERb9BoPWTpS2h3tczwvjy279L8BUvhZydpZoGQtq10cdU-P5YVG9uOXb0bGD6_WStT2mUhlxntjVQr-ruc8tQDzcIrG0TVrfV4umPmrRMcWoXg1sVGt4U7Q"",,,,,,,,,,,,,,,,,,,,,,,,,,,,,,,,,,,,,,,,,,,,,,,,,""Google"",,,""1"",,,""3741"",""2025-04-02T02:10:04.574Z"",""Direct Detail URL: https://www.google.com/maps/place/Sungai+Maron+Pacitan/@-8.204503,110.9526434,17z/data=!4m8!3m7!1s0x2e7bdc5940de0881:0x385aa8482534e59a!8m2!3d-8.2045083!4d110.9552183!9m1!1b1!16s%2Fg%2F11f06mb36n?entry=ttu&g_ep=EgoyMDI1MDMzMC4wIKXMDSoASAFQAw%3D%3D"",""5"",""Jawa Timur"",,""false"",""Wisata yg murah,tiket masuk 5k,tiket 1 prahu 100k untuk 4 orang."",,""Sungai Maron Pacitan"",""4.7"",,""https://www.google.com/maps/search/?api=1&query=Sungai%20Maron%20Pacitan&query_place_id=ChIJgQjeQFncey4RmuU0JUioWjg"","
"Maron, Dersono, Kec. Pringkuku, Kabupaten Pacitan, Jawa Timur 63552, Indonesia,""Tujuan Wisata"",""Tujuan Wisata"",""4060743041843258778"",""Kabupaten Pacitan"",""ID"",""0x2e7bdc5940de0881:0x385aa8482534e59a"",""https://lh3.googleusercontent.com/p/AF1QipMNuPRl3Yiq7QhQIJCyERjVOIzFTXzxm5P_ScFH=w408-h306-k-no"",""false"",""true"",""id"",""0"",""-8.2045083"",""110.9552183"",,""Maron, Dersono, Kecamatan Pringkuku"",,""false"",""ChIJgQjeQFncey4RmuU0JUioWjg"",""63552"",,""2 minggu lalu"",""2025-03-14T10:54:02.191Z"",,,,,""Tanpa mengantre"",""Hari biasa"",,,,,,,,,,,,,,,,,,,,,,,,,,,,,,,,,,,,,,,,,,,,,,,,,,,,""Google"",,,""1"",,,""3741"",""2025-04-02T02:10:04.574Z"",""Direct Detail URL: https://www.google.com/maps/place/Sungai+Maron+Pacitan/@-8.204503,110.9526434,17z/data=!4m8!3m7!1s0x2e7bdc5940de0881:0x385aa8482534e59a!8m2!3d-8.2045083!4d110.9552183!9m1!1b1!16s%2Fg%2F11f06mb36n?entry=ttu&g_ep=EgoyMDI1MDMzMC4wIKXMDSoASAFQAw%3D%3D"",""4"",""Jawa Timur"",,""false"",,,""Sungai Maron Pacitan"",""4.7"",,""https://www.google.com/maps/search/?api=1&query=Sungai%20Maron%20Pacitan&query_place_id=ChIJgQjeQFncey4RmuU0JUioWjg"","
"Maron, Dersono, Kec. Pringkuku, Kabupaten Pacitan, Jawa Timur 63552, Indonesia,""Tujuan Wisata"",""Tujuan Wisata"",""4060743041843258778"",""Kabupaten Pacitan"",""ID"",""0x2e7bdc5940de0881:0x385aa8482534e59a"",""https://lh3.googleusercontent.com/p/AF1QipMNuPRl3Yiq7QhQIJCyERjVOIzFTXzxm5P_ScFH=w408-h306-k-no"",""false"",""false"",""id"",""0"",""-8.2045083"",""110.9552183"",,""Maron, Dersono, Kecamatan Pringkuku"",""id"",""false"",""ChIJgQjeQFncey4RmuU0JUioWjg"",""63552"",,""2 minggu lalu"",""2025-03-13T13:31:17.638Z"",,,,""Tidak"",""Tanpa mengantre"",""Akhir pekan"",,""https://lh3.googleusercontent.com/geougc-cs/AIHozJJd3rYFt-cJBgMbW_2ZJlLAngrr8Vm50JUQlaO9MrQS2yiHl5WxR2qtBq8VfN2_5ijt3ylO8nUtBukb_VLhY6sUBwcQ9lqeqH75zKKg9Zq6cjniqOzdtfzqYN7aHhzV2Aqhg3Zu"",""https://lh3.googleusercontent.com/geougc-cs/AIHozJLlUpS8kkG38gfnfEY-JJ70BlmJWECGO_WVfvONF668Cu8sYEertt95OjyBjKvonV7Y0j5iB7GqOVBYzHeA1j6DjrdnS5wqre_eCy5xbtdvcBG4efgB_lJORm8TvC0ugrmr9ta_sw"",""https://lh3.googleusercontent.com/geougc-cs/AIHozJJvRJQRv0ct12_cGxEm76uU6uqxkAi02Dbokqbl3iP1aoue78hMNoml3aNqXDXejKt5R_ktS1a619mabbBhn2GR3lkSJ57HzoQS6eE1Wcqz_wtQ4k5dNzPiS591TWM6S7CA_3um"",,,,,,,,,,,,,,,,,,,,,,,,,,,,,,,,,,,,,,,,,,,,,,,,""Google"",,,""6"",,,""3741"",""2025-04-02T02:10:04.574Z"",""Direct Detail URL: https://www.google.com/maps/place/Sungai+Maron+Pacitan/@-8.204503,110.9526434,17z/data=!4m8!3m7!1s0x2e7bdc5940de0881:0x385aa8482534e59a!8m2!3d-8.2045083!4d110.9552183!9m1!1b1!16s%2Fg%2F11f06mb36n?entry=ttu&g_ep=EgoyMDI1MDMzMC4wIKXMDSoASAFQAw%3D%3D"",""5"",""Jawa Timur"",,""false"",""Untuk rute yang dipilihkan dari google maps adalah jalir cepatnya. Tapi cukup sempit. Tapi setelah sampai di sana terbayarkan. Orang2nya ramah dan pemandangannya cukup bagus."
Kemarin waktu di area pintu masuk diberi tiket untuk 2 orang hanya 10rb sudah termasuk parkir.
Dan untuk naik perahu menyusuri sungai di kenakan harga 50rb/orang. Menurutku sih wortb it yah, karena untuk akomodasi kapalnya dan supirnya.
"Cuma kesana pas siang jam 12 jadi serasa panas sekali, karena sungainya memang menyambung dengan pantai. Dan cukup jernih juga."",,""Sungai Maron Pacitan"",""4.7"",,""https://www.google.com/maps/search/?api=1&query=Sungai%20Maron%20Pacitan&query_place_id=ChIJgQjeQFncey4RmuU0JUioWjg"","
"Maron, Dersono, Kec. Pringkuku, Kabupaten Pacitan, Jawa Timur 63552, Indonesia,""Tujuan Wisata"",""Tujuan Wisata"",""4060743041843258778"",""Kabupaten Pacitan"",""ID"",""0x2e7bdc5940de0881:0x385aa8482534e59a"",""https://lh3.googleusercontent.com/p/AF1QipMNuPRl3Yiq7QhQIJCyERjVOIzFTXzxm5P_ScFH=w408-h306-k-no"",""false"",""true"",""id"",""0"",""-8.2045083"",""110.9552183"",,""Maron, Dersono, Kecamatan Pringkuku"",""id"",""false"",""ChIJgQjeQFncey4RmuU0JUioWjg"",""63552"",,""2 minggu lalu"",""2025-03-13T03:43:25.196Z"",,,,,,,,,,,,,,,,,,,,,,,,,,,,,,,,,,,,,,,,,,,,,,,,,,,,,,,,,,""Google"",,,""39"",,,""3741"",""2025-04-02T02:10:04.574Z"",""Direct Detail URL: https://www.google.com/maps/place/Sungai+Maron+Pacitan/@-8.204503,110.9526434,17z/data=!4m8!3m7!1s0x2e7bdc5940de0881:0x385aa8482534e59a!8m2!3d-8.2045083!4d110.9552183!9m1!1b1!16s%2Fg%2F11f06mb36n?entry=ttu&g_ep=EgoyMDI1MDMzMC4wIKXMDSoASAFQAw%3D%3D"",""5"",""Jawa Timur"",,""false"",""Blm pernah kesana 🤣"",,""Sungai Maron Pacitan"",""4.7"",,""https://www.google.com/maps/search/?api=1&query=Sungai%20Maron%20Pacitan&query_place_id=ChIJgQjeQFncey4RmuU0JUioWjg"","
"Maron, Dersono, Kec. Pringkuku, Kabupaten Pacitan, Jawa Timur 63552, Indonesia,""Tujuan Wisata"",""Tujuan Wisata"",""4060743041843258778"",""Kabupaten Pacitan"",""ID"",""0x2e7bdc5940de0881:0x385aa8482534e59a"",""https://lh3.googleusercontent.com/p/AF1QipMNuPRl3Yiq7QhQIJCyERjVOIzFTXzxm5P_ScFH=w408-h306-k-no"",""false"",""true"",""id"",""0"",""-8.2045083"",""110.9552183"",,""Maron, Dersono, Kecamatan Pringkuku"",""id"",""false"",""ChIJgQjeQFncey4RmuU0JUioWjg"",""63552"",,""3 minggu lalu"",""2025-03-10T12:51:05.257Z"",,,,""Tidak"",""Tanpa mengantre"",""Hari biasa"",,,,,,,,,,,,,,,,,,,,,,,,,,,,,,,,,,,,,,,,,,,,,,,,,,,,""Google"",,,""49"",,,""3741"",""2025-04-02T02:10:04.574Z"",""Direct Detail URL: https://www.google.com/maps/place/Sungai+Maron+Pacitan/@-8.204503,110.9526434,17z/data=!4m8!3m7!1s0x2e7bdc5940de0881:0x385aa8482534e59a!8m2!3d-8.2045083!4d110.9552183!9m1!1b1!16s%2Fg%2F11f06mb36n?entry=ttu&g_ep=EgoyMDI1MDMzMC4wIKXMDSoASAFQAw%3D%3D"",""3"",""Jawa Timur"",,""false"",""Ke sana saat musim hujan jadi warna air nya coklat,"",,""Sungai Maron Pacitan"",""4.7"",,""https://www.google.com/maps/search/?api=1&query=Sungai%20Maron%20Pacitan&query_place_id=ChIJgQjeQFncey4RmuU0JUioWjg"","
"Maron, Dersono, Kec. Pringkuku, Kabupaten Pacitan, Jawa Timur 63552, Indonesia,""Tujuan Wisata"",""Tujuan Wisata"",""4060743041843258778"",""Kabupaten Pacitan"",""ID"",""0x2e7bdc5940de0881:0x385aa8482534e59a"",""https://lh3.googleusercontent.com/p/AF1QipMNuPRl3Yiq7QhQIJCyERjVOIzFTXzxm5P_ScFH=w408-h306-k-no"",""false"",""true"",""id"",""0"",""-8.2045083"",""110.9552183"",,""Maron, Dersono, Kecamatan Pringkuku"",,""false"",""ChIJgQjeQFncey4RmuU0JUioWjg"",""63552"",,""3 minggu lalu"",""2025-03-06T12:11:29.314Z"",,,,""Ya"",""Maks 10 mnt"",""Hari biasa"",,,,,,,,,,,,,,,,,,,,,,,,,,,,,,,,,,,,,,,,,,,,,,,,,,,,""Google"",,,""17"",,,""3741"",""2025-04-02T02:10:04.574Z"",""Direct Detail URL: https://www.google.com/maps/place/Sungai+Maron+Pacitan/@-8.204503,110.9526434,17z/data=!4m8!3m7!1s0x2e7bdc5940de0881:0x385aa8482534e59a!8m2!3d-8.2045083!4d110.9552183!9m1!1b1!16s%2Fg%2F11f06mb36n?entry=ttu&g_ep=EgoyMDI1MDMzMC4wIKXMDSoASAFQAw%3D%3D"",""5"",""Jawa Timur"",,""false"",,,""Sungai Maron Pacitan"",""4.7"",,""https://www.google.com/maps/search/?api=1&query=Sungai%20Maron%20Pacitan&query_place_id=ChIJgQjeQFncey4RmuU0JUioWjg"","
"Maron, Dersono, Kec. Pringkuku, Kabupaten Pacitan, Jawa Timur 63552, Indonesia,""Tujuan Wisata"",""Tujuan Wisata"",""4060743041843258778"",""Kabupaten Pacitan"",""ID"",""0x2e7bdc5940de0881:0x385aa8482534e59a"",""https://lh3.googleusercontent.com/p/AF1QipMNuPRl3Yiq7QhQIJCyERjVOIzFTXzxm5P_ScFH=w408-h306-k-no"",""false"",""true"",""id"",""0"",""-8.2045083"",""110.9552183"",,""Maron, Dersono, Kecamatan Pringkuku"",,""false"",""ChIJgQjeQFncey4RmuU0JUioWjg"",""63552"",,""3 minggu lalu"",""2025-03-05T20:21:29.634Z"",,,,,,,,""https://lh3.googleusercontent.com/geougc-cs/AIHozJJEvWExON3LymmI4bfkStEsRs028sYk-aq4NYMySPcirolMLlsaGYUMZ_eOflhANmD1iNCTgZFVBRiPjxj0uuW9uUbuHpXM5wF0e7ATZLU1Qr2UJzjbSi1ohWhg8MNT0MVPFmtT"",""https://lh3.googleusercontent.com/geougc-cs/AIHozJKyrnY9JQ08cj9YzhX7-KM7KLVD9SfjNoFT-UYCouDwjnWbHvI_Au7nhDLEHF9qyao8KP5RF5oBs2l6iugG3VJrd8HJLbATfmg6hrjIhTL4DQVWpKc3SRIxAtrTQLJQoyCxplDJ"",""https://lh3.googleusercontent.com/geougc-cs/AIHozJJFpdD-YqRR-PthAXNVkuA5tmiiILznwczKTfVvmRRWYVYbUaSSwNoH97W6R4ZW9fjUJYDsWeLl3HfoGkghs4K_YStvFPyevnH5BU1HlFCh7yjxCpWjj3eYh2QrnibCLJg3_DYC"",,,,,,,,,,,,,,,,,,,,,,,,,,,,,,,,,,,,,,,,,,,,,,,,""Google"",,,""9"",,,""3741"",""2025-04-02T02:10:04.574Z"",""Direct Detail URL: https://www.google.com/maps/place/Sungai+Maron+Pacitan/@-8.204503,110.9526434,17z/data=!4m8!3m7!1s0x2e7bdc5940de0881:0x385aa8482534e59a!8m2!3d-8.2045083!4d110.9552183!9m1!1b1!16s%2Fg%2F11f06mb36n?entry=ttu&g_ep=EgoyMDI1MDMzMC4wIKXMDSoASAFQAw%3D%3D"",""5"",""Jawa Timur"",,""false"",,,""Sungai Maron Pacitan"",""4.7"",,""https://www.google.com/maps/search/?api=1&query=Sungai%20Maron%20Pacitan&query_place_id=ChIJgQjeQFncey4RmuU0JUioWjg"","
"Maron, Dersono, Kec. Pringkuku, Kabupaten Pacitan, Jawa Timur 63552, Indonesia,""Tujuan Wisata"",""Tujuan Wisata"",""4060743041843258778"",""Kabupaten Pacitan"",""ID"",""0x2e7bdc5940de0881:0x385aa8482534e59a"",""https://lh3.googleusercontent.com/p/AF1QipMNuPRl3Yiq7QhQIJCyERjVOIzFTXzxm5P_ScFH=w408-h306-k-no"",""false"",""true"",""id"",""0"",""-8.2045083"",""110.9552183"",,""Maron, Dersono, Kecamatan Pringkuku"",""id"",""false"",""ChIJgQjeQFncey4RmuU0JUioWjg"",""63552"",,""4 minggu lalu"",""2025-03-05T01:09:44.891Z"",,,,""Tidak"",""10-30 mnt"",""Hari libur nasional"",,""https://lh3.googleusercontent.com/geougc-cs/AIHozJJLd9j2cJrNshb4rEClX2LJ6jrl-95vpkVGoMSRXBLRImdNky5ChCQm9bEUz4MxnT7raUtiZtP3deZBk4faUPH67NnnTaRNQgOnY6iSW7cRYqiML96gRgj_gcSMWLbkAzvOgJmT1w"",""https://lh3.googleusercontent.com/geougc-cs/AIHozJIwBbb5RbSHuhxawTpnJXUXvUBZbKJPyzxcQxfx5e3draapEJHoTNuwrYsZrDeThijORajbjJ1Z1ry5qiALhYLR_3lNb5SFzey9-xKmQzlt8gMK8sGHoFHXnGuIu83YSnaUdsxK"",""https://lh3.googleusercontent.com/geougc-cs/AIHozJJVUxH99t6SACd9xfhefizbasEcIqCFyPMaOXKXQsioS36Z0V8bPOVoXQO6fZ68D-eSBWnTEoigmBT-QUlwnAdRosXITQ3CJbTNa9_yoscDbt1ExAvzGQqEHg6DxQC8DISNqHtZXw"",""https://lh3.googleusercontent.com/geougc-cs/AIHozJLnW7iczMleZo5L14BP6-hEpotiV4UjoOh8m2iGXeJXDcbtSju8EVg79M5Bcoa30o2V0HM5yjaP3j91cH8n-pe55NxD3Mc6det0LoHeRf-lj3eJUQGQd1OFTlohLR2SY36HQzqt"",""https://lh3.googleusercontent.com/geougc-cs/AIHozJIPsLDiUhS1WVu2t5CD_s1k9ePYuONWSgXNCaii_pq2ob5ulVGzZuS2BZ3y06ihKPYqu735Zk01TxUufxgY9pQ-a0vHHBiuvg36sAgXIaRGA-gSIvQOX_s344aGxq9eFMITDxWo"",""https://lh3.googleusercontent.com/geougc-cs/AIHozJLd5MKSN2GAJ2LukkYDEiuhRpqLbJ1jmAQjNRZZBPeLOInO_Z6BxmFe51_Joi5suuA25sTIZgcDmWtDC14OM_9Pj3lh3vABsBmefVEhM88IT0nPEasVqV9Srjf2b1Byk60FGe-Q"",""https://lh3.googleusercontent.com/geougc-cs/AIHozJIdfr-7FUGaApTEmj-Lj_1Lveo_uMqKGTwBOoaNrye886kTLd1jlVg4O_lWPJSvAV7ps2pqS8X3XPxLvNvpmGZT6wa7HBnFLHla5fItCWR23oVOuWwdB7RHSxZYrmGODqXGdjQ9JQ"",""https://lh3.googleusercontent.com/geougc-cs/AIHozJIuvXguz8LtbviGHbPYe4-j1Tde8luIgHXeZQEhNSR1rxhZMJwAC3H5t3DBID-MXkw6DM9i1pvrX5nK8RCSFpnBWALgv04g574Di1NxEA6FJ3JHN0NJtr5wmrXr1bffk05QRC1i"",,,,,,,,,,,,,,,,,,,,,,,,,,,,,,,,,,,,,,,,,,,""Google"",,,""1381"",,,""3741"",""2025-04-02T02:10:04.574Z"",""Direct Detail URL: https://www.google.com/maps/place/Sungai+Maron+Pacitan/@-8.204503,110.9526434,17z/data=!4m8!3m7!1s0x2e7bdc5940de0881:0x385aa8482534e59a!8m2!3d-8.2045083!4d110.9552183!9m1!1b1!16s%2Fg%2F11f06mb36n?entry=ttu&g_ep=EgoyMDI1MDMzMC4wIKXMDSoASAFQAw%3D%3D"",""5"",""Jawa Timur"",,""false"",""Destinasi wisata di Pacitan yang menyuguhkan susur sungai sebagai sajian utamanya. Tersedia perahu yang bisa digunakan. Setiap perahu diisi maksimal empat orang. Wisatawan akan diajak menyusuri sungai maron dengan durasi waktu kurang lebih satu jam. Sungainya cukup lebar, dengan ombak yang tenang. Bila musim kemarau sungainya berwarna kebiruan. Oh ya, pemandangan ditepian sungai sungguh ciamik. Aneka vegetasi tumbuh subur. Selain sebagai penangkal abrasi, hadirnya vegetasi ini menambah kesejukan ketika menyusuri sungai."",,""Sungai Maron Pacitan"",""4.7"",,""https://www.google.com/maps/search/?api=1&query=Sungai%20Maron%20Pacitan&query_place_id=ChIJgQjeQFncey4RmuU0JUioWjg"","
"Maron, Dersono, Kec. Pringkuku, Kabupaten Pacitan, Jawa Timur 63552, Indonesia,""Tujuan Wisata"",""Tujuan Wisata"",""4060743041843258778"",""Kabupaten Pacitan"",""ID"",""0x2e7bdc5940de0881:0x385aa8482534e59a"",""https://lh3.googleusercontent.com/p/AF1QipMNuPRl3Yiq7QhQIJCyERjVOIzFTXzxm5P_ScFH=w408-h306-k-no"",""false"",""true"",""id"",""0"",""-8.2045083"",""110.9552183"",,""Maron, Dersono, Kecamatan Pringkuku"",""id"",""false"",""ChIJgQjeQFncey4RmuU0JUioWjg"",""63552"",,""sebulan lalu"",""2025-02-26T15:10:55.647Z"",,,,,,,,""https://lh3.googleusercontent.com/geougc-cs/AIHozJKN89zld_2ZeClTjtPQrkIwOMh4JFUaVa1fFs9cPF4GuNPuVRn_HVCTXEUVDfGuUdWXIfEuJzUxwksJkLPZKxPN6zZRoZPLvF-nAnztJnR3M6ZQm9ayPPYVlxT8TDrr0qIQG6sZ"",,,,,,,,,,,,,,,,,,,,,,,,,,,,,,,,,,,,,,,,,,,,,,,,,,""Google"",,,""167"",,,""3741"",""2025-04-02T02:10:04.574Z"",""Direct Detail URL: https://www.google.com/maps/place/Sungai+Maron+Pacitan/@-8.204503,110.9526434,17z/data=!4m8!3m7!1s0x2e7bdc5940de0881:0x385aa8482534e59a!8m2!3d-8.2045083!4d110.9552183!9m1!1b1!16s%2Fg%2F11f06mb36n?entry=ttu&g_ep=EgoyMDI1MDMzMC4wIKXMDSoASAFQAw%3D%3D"",""5"",""Jawa Timur"",,""false"",""Pemandangannya bagussss bangeet"
Keren deh
Sungai warna izo memang seperti sungai amajon 😬
Sewa kapal 100 rb ya. Tp gak bakalan rugi karena lamaaaa lo naik kapalnya
Jangan lupa pake sunscreen, bawa topi, pake kacamata bila perlu. Karena kalau siang panaaaaas cekit2 ☺️ tp seruuuu banget
Kalau mau nanti bisa foto di ayunan tengah sungai 😁

Menunu lokasi jalan bagus mulus
Pacitan keren jalannya haluuuuuus banget. Bahkan jalan ke pantai meskipun kecil tp aspal
Salut banget ini mah 👏👏👏👏
Jangan lupa isi bensin sewaktu di kota ya
"Karena ketika sudah masuk kawasan ini adanya pertashop 😉"",,""Sungai Maron Pacitan"",""4.7"",,""https://www.google.com/maps/search/?api=1&query=Sungai%20Maron%20Pacitan&query_place_id=ChIJgQjeQFncey4RmuU0JUioWjg"","
"Maron, Dersono, Kec. Pringkuku, Kabupaten Pacitan, Jawa Timur 63552, Indonesia,""Tujuan Wisata"",""Tujuan Wisata"",""4060743041843258778"",""Kabupaten Pacitan"",""ID"",""0x2e7bdc5940de0881:0x385aa8482534e59a"",""https://lh3.googleusercontent.com/p/AF1QipMNuPRl3Yiq7QhQIJCyERjVOIzFTXzxm5P_ScFH=w408-h306-k-no"",""false"",""true"",""id"",""0"",""-8.2045083"",""110.9552183"",,""Maron, Dersono, Kecamatan Pringkuku"",,""false"",""ChIJgQjeQFncey4RmuU0JUioWjg"",""63552"",,""sebulan lalu"",""2025-02-24T13:13:04.536Z"",,,,,,""Hari biasa"",,""https://lh3.googleusercontent.com/geougc-cs/AIHozJIg4ec9jwdakSoqCAenHXAsBY_gfwhmoM_UKvRqg11Ca1TDvPBv6GLVTHj3p4vcytM_OSxKL-ZUTkUqI6oXh2XsXgRuHyhX0aq5KQaLXYj9oXa385wU7OrAxKTa7r8OIFAKhTD1"",,,,,,,,,,,,,,,,,,,,,,,,,,,,,,,,,,,,,,,,,,,,,,,,,,""Google"",,,""1"",,,""3741"",""2025-04-02T02:10:04.574Z"",""Direct Detail URL: https://www.google.com/maps/place/Sungai+Maron+Pacitan/@-8.204503,110.9526434,17z/data=!4m8!3m7!1s0x2e7bdc5940de0881:0x385aa8482534e59a!8m2!3d-8.2045083!4d110.9552183!9m1!1b1!16s%2Fg%2F11f06mb36n?entry=ttu&g_ep=EgoyMDI1MDMzMC4wIKXMDSoASAFQAw%3D%3D"",""5"",""Jawa Timur"",,""false"",,,""Sungai Maron Pacitan"",""4.7"",,""https://www.google.com/maps/search/?api=1&query=Sungai%20Maron%20Pacitan&query_place_id=ChIJgQjeQFncey4RmuU0JUioWjg"","
"Maron, Dersono, Kec. Pringkuku, Kabupaten Pacitan, Jawa Timur 63552, Indonesia,""Tujuan Wisata"",""Tujuan Wisata"",""4060743041843258778"",""Kabupaten Pacitan"",""ID"",""0x2e7bdc5940de0881:0x385aa8482534e59a"",""https://lh3.googleusercontent.com/p/AF1QipMNuPRl3Yiq7QhQIJCyERjVOIzFTXzxm5P_ScFH=w408-h306-k-no"",""false"",""false"",""id"",""0"",""-8.2045083"",""110.9552183"",,""Maron, Dersono, Kecamatan Pringkuku"",,""false"",""ChIJgQjeQFncey4RmuU0JUioWjg"",""63552"",,""sebulan lalu"",""2025-02-20T00:26:09.253Z"",,,,,,,,""https://lh3.googleusercontent.com/geougc-cs/AIHozJKJI0-_HHYTznvtQenjJYvgaZbyK0B5ntKiNJe0Q2Ft-H9nqoHkPnt8VMG4V4ynDMBZV7UUHbQUH10XqGu8JD0pXn8FNLw3OaU69SxnAmzJjibDrljmjd8zQwv4qj9TM9OKyvGd"",""https://lh3.googleusercontent.com/geougc-cs/AIHozJLorSSadYw30Iyz-kCPus2g7WtHjpIi3UptVtstFdulYSai2hJ9emsGe7JWkxciAtZkdwscO2jceppKS_TeCojQF2esoZ06_i4Q87rE4veMYvMQpKXWaZX-neXZAyIKHYhKs5Ht"",,,,,,,,,,,,,,,,,,,,,,,,,,,,,,,,,,,,,,,,,,,,,,,,,""Google"",,,""3"",,,""3741"",""2025-04-02T02:10:04.574Z"",""Direct Detail URL: https://www.google.com/maps/place/Sungai+Maron+Pacitan/@-8.204503,110.9526434,17z/data=!4m8!3m7!1s0x2e7bdc5940de0881:0x385aa8482534e59a!8m2!3d-8.2045083!4d110.9552183!9m1!1b1!16s%2Fg%2F11f06mb36n?entry=ttu&g_ep=EgoyMDI1MDMzMC4wIKXMDSoASAFQAw%3D%3D"",""5"",""Jawa Timur"",,""false"",,,""Sungai Maron Pacitan"",""4.7"",,""https://www.google.com/maps/search/?api=1&query=Sungai%20Maron%20Pacitan&query_place_id=ChIJgQjeQFncey4RmuU0JUioWjg"","
"Maron, Dersono, Kec. Pringkuku, Kabupaten Pacitan, Jawa Timur 63552, Indonesia,""Tujuan Wisata"",""Tujuan Wisata"",""4060743041843258778"",""Kabupaten Pacitan"",""ID"",""0x2e7bdc5940de0881:0x385aa8482534e59a"",""https://lh3.googleusercontent.com/p/AF1QipMNuPRl3Yiq7QhQIJCyERjVOIzFTXzxm5P_ScFH=w408-h306-k-no"",""false"",""true"",""id"",""0"",""-8.2045083"",""110.9552183"",,""Maron, Dersono, Kecamatan Pringkuku"",,""false"",""ChIJgQjeQFncey4RmuU0JUioWjg"",""63552"",,""sebulan lalu"",""2025-02-19T23:40:33.458Z"",,,,""Tidak"",""Tanpa mengantre"",""Hari biasa"",,,,,,,,,,,,,,,,,,,,,,,,,,,,,,,,,,,,,,,,,,,,,,,,,,,,""Google"",,,""69"",,,""3741"",""2025-04-02T02:10:04.574Z"",""Direct Detail URL: https://www.google.com/maps/place/Sungai+Maron+Pacitan/@-8.204503,110.9526434,17z/data=!4m8!3m7!1s0x2e7bdc5940de0881:0x385aa8482534e59a!8m2!3d-8.2045083!4d110.9552183!9m1!1b1!16s%2Fg%2F11f06mb36n?entry=ttu&g_ep=EgoyMDI1MDMzMC4wIKXMDSoASAFQAw%3D%3D"",""5"",""Jawa Timur"",,""false"",,,""Sungai Maron Pacitan"",""4.7"",,""https://www.google.com/maps/search/?api=1&query=Sungai%20Maron%20Pacitan&query_place_id=ChIJgQjeQFncey4RmuU0JUioWjg"","
"Maron, Dersono, Kec. Pringkuku, Kabupaten Pacitan, Jawa Timur 63552, Indonesia,""Tujuan Wisata"",""Tujuan Wisata"",""4060743041843258778"",""Kabupaten Pacitan"",""ID"",""0x2e7bdc5940de0881:0x385aa8482534e59a"",""https://lh3.googleusercontent.com/p/AF1QipMNuPRl3Yiq7QhQIJCyERjVOIzFTXzxm5P_ScFH=w408-h306-k-no"",""false"",""true"",""id"",""0"",""-8.2045083"",""110.9552183"",,""Maron, Dersono, Kecamatan Pringkuku"",,""false"",""ChIJgQjeQFncey4RmuU0JUioWjg"",""63552"",,""sebulan lalu"",""2025-02-19T03:34:56.377Z"",,,,""Tidak"",""Maks 10 mnt"",""Hari biasa"",,""https://lh3.googleusercontent.com/geougc-cs/AIHozJKIr4FtQoyZ_2UhtsJiILtnpENcI9wo9oU1b8O8N574yV-33x1KvLWOMy6VNAzPrbi9TQTZGN0B7fHDhfBcy1R7FRzjGltBO7NEFK_wgi0WpwF2fb59fQxJqZgRl2C7PZ252FxjvQ"",,,,,,,,,,,,,,,,,,,,,,,,,,,,,,,,,,,,,,,,,,,,,,,,,,""Google"",,,""14"",,,""3741"",""2025-04-02T02:10:04.574Z"",""Direct Detail URL: https://www.google.com/maps/place/Sungai+Maron+Pacitan/@-8.204503,110.9526434,17z/data=!4m8!3m7!1s0x2e7bdc5940de0881:0x385aa8482534e59a!8m2!3d-8.2045083!4d110.9552183!9m1!1b1!16s%2Fg%2F11f06mb36n?entry=ttu&g_ep=EgoyMDI1MDMzMC4wIKXMDSoASAFQAw%3D%3D"",""5"",""Jawa Timur"",,""false"",,,""Sungai Maron Pacitan"",""4.7"",,""https://www.google.com/maps/search/?api=1&query=Sungai%20Maron%20Pacitan&query_place_id=ChIJgQjeQFncey4RmuU0JUioWjg"","
"Maron, Dersono, Kec. Pringkuku, Kabupaten Pacitan, Jawa Timur 63552, Indonesia,""Tujuan Wisata"",""Tujuan Wisata"",""4060743041843258778"",""Kabupaten Pacitan"",""ID"",""0x2e7bdc5940de0881:0x385aa8482534e59a"",""https://lh3.googleusercontent.com/p/AF1QipMNuPRl3Yiq7QhQIJCyERjVOIzFTXzxm5P_ScFH=w408-h306-k-no"",""false"",""true"",""id"",""0"",""-8.2045083"",""110.9552183"",,""Maron, Dersono, Kecamatan Pringkuku"",,""false"",""ChIJgQjeQFncey4RmuU0JUioWjg"",""63552"",,""sebulan lalu"",""2025-02-18T08:13:45.642Z"",,,,""Ya"",""10-30 mnt"",""Akhir pekan"",,""https://lh3.googleusercontent.com/geougc-cs/AIHozJJyhB5R6ZKFmAjKJ-VqCqmC24lRVTY6x0OJz-SgxxFtTRfvfDghKYn6mBPZ-H7FVzQYvsckYWtSdUCIJex2gXX5UUN2vShHSW2oGTVY8A4iBDz4PQOWQU7OlzdyxQiXD3CL0_BU"",""https://lh3.googleusercontent.com/geougc-cs/AIHozJLcbTEuWkQUMKbhmD8WawMPX-lJo-ss_0nclJw4KJOFEeVZnh9K2Ruvcxc2tBbyIh9Kv290uzWm1lqaGEn6ZzSgYtH3ErsYBvZIAR0MZPy1Ee8mWWtu0cBKNKovy284mmi29ZqN"",""https://lh3.googleusercontent.com/geougc-cs/AIHozJJaleaSwXoLbxXQ5mz6Sq6AUF7MR8PYw2VZrcQv56ShUrSAo2yw5DSFLLOnxOZQ7vFZlt0g1lv1jh9hEAaC5ZIjW4jGloJ09Lhi7OSEfgWwHIFGqxbk7NWrnznZXaHT18bvY8Hi"",""https://lh3.googleusercontent.com/geougc-cs/AIHozJKm-UZ2E1_U2wID5aTcKTOOQmL0FFUlyaQWVSMw0IMYJytYVyatVwA2dfYKlAILW-LF6XJSmcHiMocaWw8jHpgjvqKqEjw0kErcW3VRJee6UraJufXJhZOezrF0rces926OcX4S8w"",,,,,,,,,,,,,,,,,,,,,,,,,,,,,,,,,,,,,,,,,,,,,,,""Google"",,,""6"",,,""3741"",""2025-04-02T02:10:04.574Z"",""Direct Detail URL: https://www.google.com/maps/place/Sungai+Maron+Pacitan/@-8.204503,110.9526434,17z/data=!4m8!3m7!1s0x2e7bdc5940de0881:0x385aa8482534e59a!8m2!3d-8.2045083!4d110.9552183!9m1!1b1!16s%2Fg%2F11f06mb36n?entry=ttu&g_ep=EgoyMDI1MDMzMC4wIKXMDSoASAFQAw%3D%3D"",""5"",""Jawa Timur"",,""false"",,,""Sungai Maron Pacitan"",""4.7"",,""https://www.google.com/maps/search/?api=1&query=Sungai%20Maron%20Pacitan&query_place_id=ChIJgQjeQFncey4RmuU0JUioWjg"","
"Maron, Dersono, Kec. Pringkuku, Kabupaten Pacitan, Jawa Timur 63552, Indonesia,""Tujuan Wisata"",""Tujuan Wisata"",""4060743041843258778"",""Kabupaten Pacitan"",""ID"",""0x2e7bdc5940de0881:0x385aa8482534e59a"",""https://lh3.googleusercontent.com/p/AF1QipMNuPRl3Yiq7QhQIJCyERjVOIzFTXzxm5P_ScFH=w408-h306-k-no"",""false"",""true"",""id"",""0"",""-8.2045083"",""110.9552183"",,""Maron, Dersono, Kecamatan Pringkuku"",,""false"",""ChIJgQjeQFncey4RmuU0JUioWjg"",""63552"",,""sebulan lalu"",""2025-02-17T09:18:23.322Z"",,,,,,,,,,,,,,,,,,,,,,,,,,,,,,,,,,,,,,,,,,,,,,,,,,,,,,,,,,""Google"",,,""161"",,,""3741"",""2025-04-02T02:10:04.574Z"",""Direct Detail URL: https://www.google.com/maps/place/Sungai+Maron+Pacitan/@-8.204503,110.9526434,17z/data=!4m8!3m7!1s0x2e7bdc5940de0881:0x385aa8482534e59a!8m2!3d-8.2045083!4d110.9552183!9m1!1b1!16s%2Fg%2F11f06mb36n?entry=ttu&g_ep=EgoyMDI1MDMzMC4wIKXMDSoASAFQAw%3D%3D"",""4"",""Jawa Timur"",,""false"",,,""Sungai Maron Pacitan"",""4.7"",,""https://www.google.com/maps/search/?api=1&query=Sungai%20Maron%20Pacitan&query_place_id=ChIJgQjeQFncey4RmuU0JUioWjg"","
"Maron, Dersono, Kec. Pringkuku, Kabupaten Pacitan, Jawa Timur 63552, Indonesia,""Tujuan Wisata"",""Tujuan Wisata"",""4060743041843258778"",""Kabupaten Pacitan"",""ID"",""0x2e7bdc5940de0881:0x385aa8482534e59a"",""https://lh3.googleusercontent.com/p/AF1QipMNuPRl3Yiq7QhQIJCyERjVOIzFTXzxm5P_ScFH=w408-h306-k-no"",""false"",""false"",""id"",""0"",""-8.2045083"",""110.9552183"",,""Maron, Dersono, Kecamatan Pringkuku"",""en"",""false"",""ChIJgQjeQFncey4RmuU0JUioWjg"",""63552"",,""sebulan lalu"",""2025-02-13T11:42:33.036Z"",,,,,,,,""https://lh3.googleusercontent.com/geougc-cs/AIHozJIHLRp_Xe_6YcpoKP7iE9c53XM6O-RfrB_A1yVlNfBQPhB4V254yhZrIc7yx9HqewbVoRyKCMTJ0Q60Ns0uTEzMpoV92ltXMkeaHVsV8VKDsEIlKdIQ_y5zIx9vRiV48Qw3b0Q"",,,,,,,,,,,,,,,,,,,,,,,,,,,,,,,,,,,,,,,,,,,,,,,,,,""Google"",,,""6"",,,""3741"",""2025-04-02T02:10:04.574Z"",""Direct Detail URL: https://www.google.com/maps/place/Sungai+Maron+Pacitan/@-8.204503,110.9526434,17z/data=!4m8!3m7!1s0x2e7bdc5940de0881:0x385aa8482534e59a!8m2!3d-8.2045083!4d110.9552183!9m1!1b1!16s%2Fg%2F11f06mb36n?entry=ttu&g_ep=EgoyMDI1MDMzMC4wIKXMDSoASAFQAw%3D%3D"",""5"",""Jawa Timur"",,""false"",""Keren"",,""Sungai Maron Pacitan"",""4.7"",,""https://www.google.com/maps/search/?api=1&query=Sungai%20Maron%20Pacitan&query_place_id=ChIJgQjeQFncey4RmuU0JUioWjg"","
"Maron, Dersono, Kec. Pringkuku, Kabupaten Pacitan, Jawa Timur 63552, Indonesia,""Tujuan Wisata"",""Tujuan Wisata"",""4060743041843258778"",""Kabupaten Pacitan"",""ID"",""0x2e7bdc5940de0881:0x385aa8482534e59a"",""https://lh3.googleusercontent.com/p/AF1QipMNuPRl3Yiq7QhQIJCyERjVOIzFTXzxm5P_ScFH=w408-h306-k-no"",""false"",""true"",""id"",""0"",""-8.2045083"",""110.9552183"",,""Maron, Dersono, Kecamatan Pringkuku"",""id"",""false"",""ChIJgQjeQFncey4RmuU0JUioWjg"",""63552"",,""sebulan lalu"",""2025-02-13T04:14:18.641Z"",,,,""Tidak"",""Maks 10 mnt"",""Akhir pekan"",,,,,,,,,,,,,,,,,,,,,,,,,,,,,,,,,,,,,,,,,,,,,,,,,,,,""Google"",,,""35"",,,""3741"",""2025-04-02T02:10:04.574Z"",""Direct Detail URL: https://www.google.com/maps/place/Sungai+Maron+Pacitan/@-8.204503,110.9526434,17z/data=!4m8!3m7!1s0x2e7bdc5940de0881:0x385aa8482534e59a!8m2!3d-8.2045083!4d110.9552183!9m1!1b1!16s%2Fg%2F11f06mb36n?entry=ttu&g_ep=EgoyMDI1MDMzMC4wIKXMDSoASAFQAw%3D%3D"",""5"",""Jawa Timur"",,""false"",""Wajib cobain kalo kesini.."",,""Sungai Maron Pacitan"",""4.7"",,""https://www.google.com/maps/search/?api=1&query=Sungai%20Maron%20Pacitan&query_place_id=ChIJgQjeQFncey4RmuU0JUioWjg"","
"Maron, Dersono, Kec. Pringkuku, Kabupaten Pacitan, Jawa Timur 63552, Indonesia,""Tujuan Wisata"",""Tujuan Wisata"",""4060743041843258778"",""Kabupaten Pacitan"",""ID"",""0x2e7bdc5940de0881:0x385aa8482534e59a"",""https://lh3.googleusercontent.com/p/AF1QipMNuPRl3Yiq7QhQIJCyERjVOIzFTXzxm5P_ScFH=w408-h306-k-no"",""false"",""false"",""id"",""0"",""-8.2045083"",""110.9552183"",,""Maron, Dersono, Kecamatan Pringkuku"",,""false"",""ChIJgQjeQFncey4RmuU0JUioWjg"",""63552"",,""sebulan lalu"",""2025-02-12T10:22:25.826Z"",,,,""Tidak yakin"",""Tanpa mengantre"",""Hari biasa"",,,,,,,,,,,,,,,,,,,,,,,,,,,,,,,,,,,,,,,,,,,,,,,,,,,,""Google"",,,""4"",,,""3741"",""2025-04-02T02:10:04.574Z"",""Direct Detail URL: https://www.google.com/maps/place/Sungai+Maron+Pacitan/@-8.204503,110.9526434,17z/data=!4m8!3m7!1s0x2e7bdc5940de0881:0x385aa8482534e59a!8m2!3d-8.2045083!4d110.9552183!9m1!1b1!16s%2Fg%2F11f06mb36n?entry=ttu&g_ep=EgoyMDI1MDMzMC4wIKXMDSoASAFQAw%3D%3D"",""5"",""Jawa Timur"",,""false"",,,""Sungai Maron Pacitan"",""4.7"",,""https://www.google.com/maps/search/?api=1&query=Sungai%20Maron%20Pacitan&query_place_id=ChIJgQjeQFncey4RmuU0JUioWjg"","
"Maron, Dersono, Kec. Pringkuku, Kabupaten Pacitan, Jawa Timur 63552, Indonesia,""Tujuan Wisata"",""Tujuan Wisata"",""4060743041843258778"",""Kabupaten Pacitan"",""ID"",""0x2e7bdc5940de0881:0x385aa8482534e59a"",""https://lh3.googleusercontent.com/p/AF1QipMNuPRl3Yiq7QhQIJCyERjVOIzFTXzxm5P_ScFH=w408-h306-k-no"",""false"",""true"",""id"",""0"",""-8.2045083"",""110.9552183"",,""Maron, Dersono, Kecamatan Pringkuku"",,""false"",""ChIJgQjeQFncey4RmuU0JUioWjg"",""63552"",,""sebulan lalu"",""2025-02-11T17:47:07.096Z"",,,,,,,,,,,,,,,,,,,,,,,,,,,,,,,,,,,,,,,,,,,,,,,,,,,,,,,,,,""Google"",,,""35"",,,""3741"",""2025-04-02T02:10:04.574Z"",""Direct Detail URL: https://www.google.com/maps/place/Sungai+Maron+Pacitan/@-8.204503,110.9526434,17z/data=!4m8!3m7!1s0x2e7bdc5940de0881:0x385aa8482534e59a!8m2!3d-8.2045083!4d110.9552183!9m1!1b1!16s%2Fg%2F11f06mb36n?entry=ttu&g_ep=EgoyMDI1MDMzMC4wIKXMDSoASAFQAw%3D%3D"",""5"",""Jawa Timur"",,""false"",,,""Sungai Maron Pacitan"",""4.7"",,""https://www.google.com/maps/search/?api=1&query=Sungai%20Maron%20Pacitan&query_place_id=ChIJgQjeQFncey4RmuU0JUioWjg"","
"Maron, Dersono, Kec. Pringkuku, Kabupaten Pacitan, Jawa Timur 63552, Indonesia,""Tujuan Wisata"",""Tujuan Wisata"",""4060743041843258778"",""Kabupaten Pacitan"",""ID"",""0x2e7bdc5940de0881:0x385aa8482534e59a"",""https://lh3.googleusercontent.com/p/AF1QipMNuPRl3Yiq7QhQIJCyERjVOIzFTXzxm5P_ScFH=w408-h306-k-no"",""false"",""true"",""id"",""0"",""-8.2045083"",""110.9552183"",,""Maron, Dersono, Kecamatan Pringkuku"",,""false"",""ChIJgQjeQFncey4RmuU0JUioWjg"",""63552"",,""sebulan lalu"",""2025-02-11T11:40:14.369Z"",,,,,,,,,,,,,,,,,,,,,,,,,,,,,,,,,,,,,,,,,,,,,,,,,,,,,,,,,,""Google"",,,""9"",,,""3741"",""2025-04-02T02:10:04.574Z"",""Direct Detail URL: https://www.google.com/maps/place/Sungai+Maron+Pacitan/@-8.204503,110.9526434,17z/data=!4m8!3m7!1s0x2e7bdc5940de0881:0x385aa8482534e59a!8m2!3d-8.2045083!4d110.9552183!9m1!1b1!16s%2Fg%2F11f06mb36n?entry=ttu&g_ep=EgoyMDI1MDMzMC4wIKXMDSoASAFQAw%3D%3D"",""5"",""Jawa Timur"",,""false"",,,""Sungai Maron Pacitan"",""4.7"",,""https://www.google.com/maps/search/?api=1&query=Sungai%20Maron%20Pacitan&query_place_id=ChIJgQjeQFncey4RmuU0JUioWjg"","
"Maron, Dersono, Kec. Pringkuku, Kabupaten Pacitan, Jawa Timur 63552, Indonesia,""Tujuan Wisata"",""Tujuan Wisata"",""4060743041843258778"",""Kabupaten Pacitan"",""ID"",""0x2e7bdc5940de0881:0x385aa8482534e59a"",""https://lh3.googleusercontent.com/p/AF1QipMNuPRl3Yiq7QhQIJCyERjVOIzFTXzxm5P_ScFH=w408-h306-k-no"",""false"",""false"",""id"",""0"",""-8.2045083"",""110.9552183"",,""Maron, Dersono, Kecamatan Pringkuku"",,""false"",""ChIJgQjeQFncey4RmuU0JUioWjg"",""63552"",,""sebulan lalu"",""2025-02-11T10:22:39.294Z"",,,,,,,,,,,,,,,,,,,,,,,,,,,,,,,,,,,,,,,,,,,,,,,,,,,,,,,,,,""Google"",,,""1"",,,""3741"",""2025-04-02T02:10:04.574Z"",""Direct Detail URL: https://www.google.com/maps/place/Sungai+Maron+Pacitan/@-8.204503,110.9526434,17z/data=!4m8!3m7!1s0x2e7bdc5940de0881:0x385aa8482534e59a!8m2!3d-8.2045083!4d110.9552183!9m1!1b1!16s%2Fg%2F11f06mb36n?entry=ttu&g_ep=EgoyMDI1MDMzMC4wIKXMDSoASAFQAw%3D%3D"",""5"",""Jawa Timur"",,""false"",,,""Sungai Maron Pacitan"",""4.7"",,""https://www.google.com/maps/search/?api=1&query=Sungai%20Maron%20Pacitan&query_place_id=ChIJgQjeQFncey4RmuU0JUioWjg"","
"Maron, Dersono, Kec. Pringkuku, Kabupaten Pacitan, Jawa Timur 63552, Indonesia,""Tujuan Wisata"",""Tujuan Wisata"",""4060743041843258778"",""Kabupaten Pacitan"",""ID"",""0x2e7bdc5940de0881:0x385aa8482534e59a"",""https://lh3.googleusercontent.com/p/AF1QipMNuPRl3Yiq7QhQIJCyERjVOIzFTXzxm5P_ScFH=w408-h306-k-no"",""false"",""true"",""id"",""0"",""-8.2045083"",""110.9552183"",,""Maron, Dersono, Kecamatan Pringkuku"",,""false"",""ChIJgQjeQFncey4RmuU0JUioWjg"",""63552"",,""sebulan lalu"",""2025-02-10T12:38:05.369Z"",,,,""Tidak"",""Maks 10 mnt"",""Akhir pekan"",,""https://lh3.googleusercontent.com/geougc-cs/AIHozJI8BgmuR82d4zLXK4ORDqu4NEJ0gOpH9kQbsMEdeqIduWoF9w1Bg1JChvm0sAypUfk_x5gQa_qY2D9uo4Fjl-3yK3hTOPM6V0lyek_ymHXXOHJ02f4x-rxEq3QcCPCYF3ZAZwV4"",,,,,,,,,,,,,,,,,,,,,,,,,,,,,,,,,,,,,,,,,,,,,,,,,,""Google"",,,""60"",,,""3741"",""2025-04-02T02:10:04.574Z"",""Direct Detail URL: https://www.google.com/maps/place/Sungai+Maron+Pacitan/@-8.204503,110.9526434,17z/data=!4m8!3m7!1s0x2e7bdc5940de0881:0x385aa8482534e59a!8m2!3d-8.2045083!4d110.9552183!9m1!1b1!16s%2Fg%2F11f06mb36n?entry=ttu&g_ep=EgoyMDI1MDMzMC4wIKXMDSoASAFQAw%3D%3D"",""5"",""Jawa Timur"",,""false"",,,""Sungai Maron Pacitan"",""4.7"",,""https://www.google.com/maps/search/?api=1&query=Sungai%20Maron%20Pacitan&query_place_id=ChIJgQjeQFncey4RmuU0JUioWjg"","
"Maron, Dersono, Kec. Pringkuku, Kabupaten Pacitan, Jawa Timur 63552, Indonesia,""Tujuan Wisata"",""Tujuan Wisata"",""4060743041843258778"",""Kabupaten Pacitan"",""ID"",""0x2e7bdc5940de0881:0x385aa8482534e59a"",""https://lh3.googleusercontent.com/p/AF1QipMNuPRl3Yiq7QhQIJCyERjVOIzFTXzxm5P_ScFH=w408-h306-k-no"",""false"",""true"",""id"",""0"",""-8.2045083"",""110.9552183"",,""Maron, Dersono, Kecamatan Pringkuku"",,""false"",""ChIJgQjeQFncey4RmuU0JUioWjg"",""63552"",,""sebulan lalu"",""2025-02-10T03:35:08.229Z"",,,,,,,,,,,,,,,,,,,,,,,,,,,,,,,,,,,,,,,,,,,,,,,,,,,,,,,,,,""Google"",,,""45"",,,""3741"",""2025-04-02T02:10:04.574Z"",""Direct Detail URL: https://www.google.com/maps/place/Sungai+Maron+Pacitan/@-8.204503,110.9526434,17z/data=!4m8!3m7!1s0x2e7bdc5940de0881:0x385aa8482534e59a!8m2!3d-8.2045083!4d110.9552183!9m1!1b1!16s%2Fg%2F11f06mb36n?entry=ttu&g_ep=EgoyMDI1MDMzMC4wIKXMDSoASAFQAw%3D%3D"",""5"",""Jawa Timur"",,""false"",,,""Sungai Maron Pacitan"",""4.7"",,""https://www.google.com/maps/search/?api=1&query=Sungai%20Maron%20Pacitan&query_place_id=ChIJgQjeQFncey4RmuU0JUioWjg"","
"Maron, Dersono, Kec. Pringkuku, Kabupaten Pacitan, Jawa Timur 63552, Indonesia,""Tujuan Wisata"",""Tujuan Wisata"",""4060743041843258778"",""Kabupaten Pacitan"",""ID"",""0x2e7bdc5940de0881:0x385aa8482534e59a"",""https://lh3.googleusercontent.com/p/AF1QipMNuPRl3Yiq7QhQIJCyERjVOIzFTXzxm5P_ScFH=w408-h306-k-no"",""false"",""false"",""id"",""0"",""-8.2045083"",""110.9552183"",,""Maron, Dersono, Kecamatan Pringkuku"",,""false"",""ChIJgQjeQFncey4RmuU0JUioWjg"",""63552"",,""sebulan lalu"",""2025-02-09T10:49:35.332Z"",,,,,,,,,,,,,,,,,,,,,,,,,,,,,,,,,,,,,,,,,,,,,,,,,,,,,,,,,,""Google"",,,""0"",,,""3741"",""2025-04-02T02:10:04.574Z"",""Direct Detail URL: https://www.google.com/maps/place/Sungai+Maron+Pacitan/@-8.204503,110.9526434,17z/data=!4m8!3m7!1s0x2e7bdc5940de0881:0x385aa8482534e59a!8m2!3d-8.2045083!4d110.9552183!9m1!1b1!16s%2Fg%2F11f06mb36n?entry=ttu&g_ep=EgoyMDI1MDMzMC4wIKXMDSoASAFQAw%3D%3D"",""5"",""Jawa Timur"",,""false"",,,""Sungai Maron Pacitan"",""4.7"",,""https://www.google.com/maps/search/?api=1&query=Sungai%20Maron%20Pacitan&query_place_id=ChIJgQjeQFncey4RmuU0JUioWjg"","
"Maron, Dersono, Kec. Pringkuku, Kabupaten Pacitan, Jawa Timur 63552, Indonesia,""Tujuan Wisata"",""Tujuan Wisata"",""4060743041843258778"",""Kabupaten Pacitan"",""ID"",""0x2e7bdc5940de0881:0x385aa8482534e59a"",""https://lh3.googleusercontent.com/p/AF1QipMNuPRl3Yiq7QhQIJCyERjVOIzFTXzxm5P_ScFH=w408-h306-k-no"",""false"",""true"",""id"",""0"",""-8.2045083"",""110.9552183"",,""Maron, Dersono, Kecamatan Pringkuku"",""id"",""false"",""ChIJgQjeQFncey4RmuU0JUioWjg"",""63552"",,""sebulan lalu"",""2025-02-09T09:40:06.155Z"",,,,,,,,,,,,,,,,,,,,,,,,,,,,,,,,,,,,,,,,,,,,,,,,,,,,,,,,,,""Google"",,,""26"",,,""3741"",""2025-04-02T02:10:04.574Z"",""Direct Detail URL: https://www.google.com/maps/place/Sungai+Maron+Pacitan/@-8.204503,110.9526434,17z/data=!4m8!3m7!1s0x2e7bdc5940de0881:0x385aa8482534e59a!8m2!3d-8.2045083!4d110.9552183!9m1!1b1!16s%2Fg%2F11f06mb36n?entry=ttu&g_ep=EgoyMDI1MDMzMC4wIKXMDSoASAFQAw%3D%3D"",""5"",""Jawa Timur"",,""false"",""Menyusuri sungai dg keindahan alam yg sangat bagus...masyaaAlloh"",,""Sungai Maron Pacitan"",""4.7"",,""https://www.google.com/maps/search/?api=1&query=Sungai%20Maron%20Pacitan&query_place_id=ChIJgQjeQFncey4RmuU0JUioWjg"","
"Maron, Dersono, Kec. Pringkuku, Kabupaten Pacitan, Jawa Timur 63552, Indonesia,""Tujuan Wisata"",""Tujuan Wisata"",""4060743041843258778"",""Kabupaten Pacitan"",""ID"",""0x2e7bdc5940de0881:0x385aa8482534e59a"",""https://lh3.googleusercontent.com/p/AF1QipMNuPRl3Yiq7QhQIJCyERjVOIzFTXzxm5P_ScFH=w408-h306-k-no"",""false"",""true"",""id"",""0"",""-8.2045083"",""110.9552183"",,""Maron, Dersono, Kecamatan Pringkuku"",""id"",""false"",""ChIJgQjeQFncey4RmuU0JUioWjg"",""63552"",,""sebulan lalu"",""2025-02-09T05:40:30.911Z"",,,,""Tidak yakin"",""Tanpa mengantre"",""Hari biasa"",,""https://lh3.googleusercontent.com/geougc-cs/AIHozJIC448BKmJjX1BT08YsmcDkUnJTs2gRkbDI9JnTV2ChbMNRQoFVYR6lr0VhUsEFDtG45n6r9WYNzr2LQEgrhdhOxbUfxiOrE8a-XhF3_4rJSgIOcRGoZhLN0QMrflHr0eUc_3U"",""https://lh3.googleusercontent.com/geougc-cs/AIHozJIdWzKZCQZM4LSl3N8hqQqljNRA3fL7ytUj7ZnRDIhYf-0IkvGak8xSf4nRAtATnODZuCfKk2C_GsdxLzEeT5OUvqIY7vU66hq3gtkUuyrvfEkXFfmJVJ1QMaJdjDyvR5dNsyCGpQ"",""https://lh3.googleusercontent.com/geougc-cs/AIHozJLgy9pQFvrzVaxsuB0OsImOLsaEMqMZ9HYm2zk9w0EwAKvwWI8phmdyvPTFDrHhccLbkQXclfGCffnRxwSF9cIZM5f20CscHbZSN6jonMTnVg6mQXVnCsEIaZ_u3YUH6YMr162_"",""https://lh3.googleusercontent.com/geougc-cs/AIHozJIZofStYsNxzAHlgP_l46mVQgPCcY2KQqvxX8lbOZUPJRAJHnDwdEnjZ9r7hMP_R7iONuYvJTm6VpRIs0nXTP6W_iE30SNOiO0Lf_5ZNJcv8UvTQBh6efk5C39FtCrXRKk7eaBg-g"",""https://lh3.googleusercontent.com/geougc-cs/AIHozJIMrrF52i16hVmSE7ckvOfrTbAlJKhPgj1EtJUz4RtrGutzO51fmusH5m9tRTrU2joHBLUsz6XI_d5qw1IogUhdrjOhcV16jQO_olI-idNc6T5rr3LbAQRiIt9lcG30G_9SqgBj"",,,,,,,,,,,,,,,,,,,,,,,,,,,,,,,,,,,,,,,,,,,,,,""Google"",,,""411"",,,""3741"",""2025-04-02T02:10:04.574Z"",""Direct Detail URL: https://www.google.com/maps/place/Sungai+Maron+Pacitan/@-8.204503,110.9526434,17z/data=!4m8!3m7!1s0x2e7bdc5940de0881:0x385aa8482534e59a!8m2!3d-8.2045083!4d110.9552183!9m1!1b1!16s%2Fg%2F11f06mb36n?entry=ttu&g_ep=EgoyMDI1MDMzMC4wIKXMDSoASAFQAw%3D%3D"",""5"",""Jawa Timur"",,""false"",""Amazon nya Indonesia disini. Airnya bersih banget"",,""Sungai Maron Pacitan"",""4.7"",,""https://www.google.com/maps/search/?api=1&query=Sungai%20Maron%20Pacitan&query_place_id=ChIJgQjeQFncey4RmuU0JUioWjg"","
"Maron, Dersono, Kec. Pringkuku, Kabupaten Pacitan, Jawa Timur 63552, Indonesia,""Tujuan Wisata"",""Tujuan Wisata"",""4060743041843258778"",""Kabupaten Pacitan"",""ID"",""0x2e7bdc5940de0881:0x385aa8482534e59a"",""https://lh3.googleusercontent.com/p/AF1QipMNuPRl3Yiq7QhQIJCyERjVOIzFTXzxm5P_ScFH=w408-h306-k-no"",""false"",""true"",""id"",""0"",""-8.2045083"",""110.9552183"",,""Maron, Dersono, Kecamatan Pringkuku"",""id"",""false"",""ChIJgQjeQFncey4RmuU0JUioWjg"",""63552"",,""sebulan lalu"",""2025-02-08T06:54:52.231Z"",,,,""Tidak"",""Tanpa mengantre"",""Hari biasa"",,""https://lh3.googleusercontent.com/geougc-cs/AIHozJJoHmj1AJpDeCbNyiQSKQhnPGADSeQzW7XImpaZ9_EHfnNzoJvl1AVwl2xO_tmXhiKJoMNaOHT5Q2wO2o0UHSNI9oS9FFoNg9r5fYEgkDXtVbYOCIF4MU1yCyxVLc7-LH-YdCw2"",""https://lh3.googleusercontent.com/geougc-cs/AIHozJJL-4gs4_Ycqt5X8UD4cHbjQJdPaix5tuFxrsNaUxg2reNwJ8ZWVnNPDQqGaFwKIcHURnSXXhUTuonS0LT44PPSsvHe_bxCItQlHqAYI3q93c1Xg_dARvouV_Ulp-LblcgN9bmN"",""https://lh3.googleusercontent.com/geougc-cs/AIHozJJHDaP04XeaS594AdAbwXe16PbYrhi6MYFq4GEqeAMf6smCzTB21dNbZCwBYs7bGVyCo9uTXC9i8Wy1Yu3NK7mOvG8hzzPImFz2qpiZqqLQPSt9CFk5DdVPlJc7lNcOD1p4f3v1"",""https://lh3.googleusercontent.com/geougc-cs/AIHozJJpdNRr0doDpcuSeYiQ0IpWbVX89jsUMXbM5X2QKS2TL4ll59OYy7goEiPD4_Wps-mxG6dL3LCy2mCHvlVsFZAK0Yh7aI6fDXdWj6GT0fUSFPJWufUuzKvfh7a0A1o9qUQd9CQjRA"",""https://lh3.googleusercontent.com/geougc-cs/AIHozJI2SIw9Asnp7cFH_rlWfsqmgWKqILcKyM9QP8fHVyA0MH0oip9gPMhRt_v_4lFgICRAviPVVY1MByjY3YRn7KFbw1c1ZE2aw5IO5y4aCZls6CXP8MD1C_mp9AE-gj6_zR11QZJc"",""https://lh3.googleusercontent.com/geougc-cs/AIHozJLBb6QeBLmlMOM0mIIwDDEsp_awPQ8Gl5YyVYLxTJRzYGGA1luPAB2csI8NXdvB7tWEocgu7yjJhLzUS68j1P02ozQJdGi2RV7bC-1BAg2nG5sG5_jzE7dU9jmO3Y_jVKslL4KpkQ"",,,,,,,,,,,,,,,,,,,,,,,,,,,,,,,,,,,,,,,,,,,,,""Google"",,,""319"",,,""3741"",""2025-04-02T02:10:04.574Z"",""Direct Detail URL: https://www.google.com/maps/place/Sungai+Maron+Pacitan/@-8.204503,110.9526434,17z/data=!4m8!3m7!1s0x2e7bdc5940de0881:0x385aa8482534e59a!8m2!3d-8.2045083!4d110.9552183!9m1!1b1!16s%2Fg%2F11f06mb36n?entry=ttu&g_ep=EgoyMDI1MDMzMC4wIKXMDSoASAFQAw%3D%3D"",""5"",""Jawa Timur"",,""false"",""Sungainya bener"""" jernih, airnya juga tidak berbau, perjalanan naik perahu kurang lebih 4km menuju bibir pantai."",,""Sungai Maron Pacitan"",""4.7"",,""https://www.google.com/maps/search/?api=1&query=Sungai%20Maron%20Pacitan&query_place_id=ChIJgQjeQFncey4RmuU0JUioWjg"","
"Maron, Dersono, Kec. Pringkuku, Kabupaten Pacitan, Jawa Timur 63552, Indonesia,""Tujuan Wisata"",""Tujuan Wisata"",""4060743041843258778"",""Kabupaten Pacitan"",""ID"",""0x2e7bdc5940de0881:0x385aa8482534e59a"",""https://lh3.googleusercontent.com/p/AF1QipMNuPRl3Yiq7QhQIJCyERjVOIzFTXzxm5P_ScFH=w408-h306-k-no"",""false"",""true"",""id"",""0"",""-8.2045083"",""110.9552183"",,""Maron, Dersono, Kecamatan Pringkuku"",,""false"",""ChIJgQjeQFncey4RmuU0JUioWjg"",""63552"",,""sebulan lalu"",""2025-02-04T22:16:40.315Z"",,,,,,,,,,,,,,,,,,,,,,,,,,,,,,,,,,,,,,,,,,,,,,,,,,,,,,,,,,""Google"",,,""11"",,,""3741"",""2025-04-02T02:10:04.574Z"",""Direct Detail URL: https://www.google.com/maps/place/Sungai+Maron+Pacitan/@-8.204503,110.9526434,17z/data=!4m8!3m7!1s0x2e7bdc5940de0881:0x385aa8482534e59a!8m2!3d-8.2045083!4d110.9552183!9m1!1b1!16s%2Fg%2F11f06mb36n?entry=ttu&g_ep=EgoyMDI1MDMzMC4wIKXMDSoASAFQAw%3D%3D"",""3"",""Jawa Timur"",,""false"",,,""Sungai Maron Pacitan"",""4.7"",,""https://www.google.com/maps/search/?api=1&query=Sungai%20Maron%20Pacitan&query_place_id=ChIJgQjeQFncey4RmuU0JUioWjg"","
"Maron, Dersono, Kec. Pringkuku, Kabupaten Pacitan, Jawa Timur 63552, Indonesia,""Tujuan Wisata"",""Tujuan Wisata"",""4060743041843258778"",""Kabupaten Pacitan"",""ID"",""0x2e7bdc5940de0881:0x385aa8482534e59a"",""https://lh3.googleusercontent.com/p/AF1QipMNuPRl3Yiq7QhQIJCyERjVOIzFTXzxm5P_ScFH=w408-h306-k-no"",""false"",""true"",""id"",""0"",""-8.2045083"",""110.9552183"",,""Maron, Dersono, Kecamatan Pringkuku"",""id"",""false"",""ChIJgQjeQFncey4RmuU0JUioWjg"",""63552"",,""sebulan lalu"",""2025-02-04T13:26:39.346Z"",,,,""Tidak"",""Tanpa mengantre"",""Hari libur nasional"",,,,,,,,,,,,,,,,,,,,,,,,,,,,,,,,,,,,,,,,,,,,,,,,,,,,""Google"",,,""252"",,,""3741"",""2025-04-02T02:10:04.574Z"",""Direct Detail URL: https://www.google.com/maps/place/Sungai+Maron+Pacitan/@-8.204503,110.9526434,17z/data=!4m8!3m7!1s0x2e7bdc5940de0881:0x385aa8482534e59a!8m2!3d-8.2045083!4d110.9552183!9m1!1b1!16s%2Fg%2F11f06mb36n?entry=ttu&g_ep=EgoyMDI1MDMzMC4wIKXMDSoASAFQAw%3D%3D"",""5"",""Jawa Timur"",,""false"",""Semua fasilitas memadai dan pengalaman yang menarik dan menyenangkan"",,""Sungai Maron Pacitan"",""4.7"",,""https://www.google.com/maps/search/?api=1&query=Sungai%20Maron%20Pacitan&query_place_id=ChIJgQjeQFncey4RmuU0JUioWjg"","
"Maron, Dersono, Kec. Pringkuku, Kabupaten Pacitan, Jawa Timur 63552, Indonesia,""Tujuan Wisata"",""Tujuan Wisata"",""4060743041843258778"",""Kabupaten Pacitan"",""ID"",""0x2e7bdc5940de0881:0x385aa8482534e59a"",""https://lh3.googleusercontent.com/p/AF1QipMNuPRl3Yiq7QhQIJCyERjVOIzFTXzxm5P_ScFH=w408-h306-k-no"",""false"",""false"",""id"",""0"",""-8.2045083"",""110.9552183"",,""Maron, Dersono, Kecamatan Pringkuku"",,""false"",""ChIJgQjeQFncey4RmuU0JUioWjg"",""63552"",,""sebulan lalu"",""2025-02-04T05:31:58.699Z"",,,,""Tidak"",""10-30 mnt"",""Akhir pekan"",,,,,,,,,,,,,,,,,,,,,,,,,,,,,,,,,,,,,,,,,,,,,,,,,,,,""Google"",,,""2"",,,""3741"",""2025-04-02T02:10:04.574Z"",""Direct Detail URL: https://www.google.com/maps/place/Sungai+Maron+Pacitan/@-8.204503,110.9526434,17z/data=!4m8!3m7!1s0x2e7bdc5940de0881:0x385aa8482534e59a!8m2!3d-8.2045083!4d110.9552183!9m1!1b1!16s%2Fg%2F11f06mb36n?entry=ttu&g_ep=EgoyMDI1MDMzMC4wIKXMDSoASAFQAw%3D%3D"",""5"",""Jawa Timur"",,""false"",,,""Sungai Maron Pacitan"",""4.7"",,""https://www.google.com/maps/search/?api=1&query=Sungai%20Maron%20Pacitan&query_place_id=ChIJgQjeQFncey4RmuU0JUioWjg"","
"Maron, Dersono, Kec. Pringkuku, Kabupaten Pacitan, Jawa Timur 63552, Indonesia,""Tujuan Wisata"",""Tujuan Wisata"",""4060743041843258778"",""Kabupaten Pacitan"",""ID"",""0x2e7bdc5940de0881:0x385aa8482534e59a"",""https://lh3.googleusercontent.com/p/AF1QipMNuPRl3Yiq7QhQIJCyERjVOIzFTXzxm5P_ScFH=w408-h306-k-no"",""false"",""false"",""id"",""0"",""-8.2045083"",""110.9552183"",,""Maron, Dersono, Kecamatan Pringkuku"",,""false"",""ChIJgQjeQFncey4RmuU0JUioWjg"",""63552"",,""sebulan lalu"",""2025-02-03T10:19:23.278Z"",,,,,,,,,,,,,,,,,,,,,,,,,,,,,,,,,,,,,,,,,,,,,,,,,,,,,,,,,,""Google"",,,""4"",,,""3741"",""2025-04-02T02:10:04.574Z"",""Direct Detail URL: https://www.google.com/maps/place/Sungai+Maron+Pacitan/@-8.204503,110.9526434,17z/data=!4m8!3m7!1s0x2e7bdc5940de0881:0x385aa8482534e59a!8m2!3d-8.2045083!4d110.9552183!9m1!1b1!16s%2Fg%2F11f06mb36n?entry=ttu&g_ep=EgoyMDI1MDMzMC4wIKXMDSoASAFQAw%3D%3D"",""5"",""Jawa Timur"",,""false"",,,""Sungai Maron Pacitan"",""4.7"",,""https://www.google.com/maps/search/?api=1&query=Sungai%20Maron%20Pacitan&query_place_id=ChIJgQjeQFncey4RmuU0JUioWjg"","
"Maron, Dersono, Kec. Pringkuku, Kabupaten Pacitan, Jawa Timur 63552, Indonesia,""Tujuan Wisata"",""Tujuan Wisata"",""4060743041843258778"",""Kabupaten Pacitan"",""ID"",""0x2e7bdc5940de0881:0x385aa8482534e59a"",""https://lh3.googleusercontent.com/p/AF1QipMNuPRl3Yiq7QhQIJCyERjVOIzFTXzxm5P_ScFH=w408-h306-k-no"",""false"",""false"",""id"",""0"",""-8.2045083"",""110.9552183"",,""Maron, Dersono, Kecamatan Pringkuku"",,""false"",""ChIJgQjeQFncey4RmuU0JUioWjg"",""63552"",,""sebulan lalu"",""2025-02-03T06:58:22.385Z"",,,,,,,,,,,,,,,,,,,,,,,,,,,,,,,,,,,,,,,,,,,,,,,,,,,,,,,,,,""Google"",,,""1"",,,""3741"",""2025-04-02T02:10:04.574Z"",""Direct Detail URL: https://www.google.com/maps/place/Sungai+Maron+Pacitan/@-8.204503,110.9526434,17z/data=!4m8!3m7!1s0x2e7bdc5940de0881:0x385aa8482534e59a!8m2!3d-8.2045083!4d110.9552183!9m1!1b1!16s%2Fg%2F11f06mb36n?entry=ttu&g_ep=EgoyMDI1MDMzMC4wIKXMDSoASAFQAw%3D%3D"",""5"",""Jawa Timur"",,""false"",,,""Sungai Maron Pacitan"",""4.7"",,""https://www.google.com/maps/search/?api=1&query=Sungai%20Maron%20Pacitan&query_place_id=ChIJgQjeQFncey4RmuU0JUioWjg"","
"Maron, Dersono, Kec. Pringkuku, Kabupaten Pacitan, Jawa Timur 63552, Indonesia,""Tujuan Wisata"",""Tujuan Wisata"",""4060743041843258778"",""Kabupaten Pacitan"",""ID"",""0x2e7bdc5940de0881:0x385aa8482534e59a"",""https://lh3.googleusercontent.com/p/AF1QipMNuPRl3Yiq7QhQIJCyERjVOIzFTXzxm5P_ScFH=w408-h306-k-no"",""false"",""true"",""id"",""0"",""-8.2045083"",""110.9552183"",,""Maron, Dersono, Kecamatan Pringkuku"",,""false"",""ChIJgQjeQFncey4RmuU0JUioWjg"",""63552"",,""sebulan lalu"",""2025-02-02T22:16:10.140Z"",,,,""Tidak"",""Tanpa mengantre"",""Akhir pekan"",,,,,,,,,,,,,,,,,,,,,,,,,,,,,,,,,,,,,,,,,,,,,,,,,,,,""Google"",,,""8"",,,""3741"",""2025-04-02T02:10:04.574Z"",""Direct Detail URL: https://www.google.com/maps/place/Sungai+Maron+Pacitan/@-8.204503,110.9526434,17z/data=!4m8!3m7!1s0x2e7bdc5940de0881:0x385aa8482534e59a!8m2!3d-8.2045083!4d110.9552183!9m1!1b1!16s%2Fg%2F11f06mb36n?entry=ttu&g_ep=EgoyMDI1MDMzMC4wIKXMDSoASAFQAw%3D%3D"",""5"",""Jawa Timur"",,""false"",,,""Sungai Maron Pacitan"",""4.7"",,""https://www.google.com/maps/search/?api=1&query=Sungai%20Maron%20Pacitan&query_place_id=ChIJgQjeQFncey4RmuU0JUioWjg"","
"Maron, Dersono, Kec. Pringkuku, Kabupaten Pacitan, Jawa Timur 63552, Indonesia,""Tujuan Wisata"",""Tujuan Wisata"",""4060743041843258778"",""Kabupaten Pacitan"",""ID"",""0x2e7bdc5940de0881:0x385aa8482534e59a"",""https://lh3.googleusercontent.com/p/AF1QipMNuPRl3Yiq7QhQIJCyERjVOIzFTXzxm5P_ScFH=w408-h306-k-no"",""false"",""true"",""id"",""0"",""-8.2045083"",""110.9552183"",,""Maron, Dersono, Kecamatan Pringkuku"",""id"",""false"",""ChIJgQjeQFncey4RmuU0JUioWjg"",""63552"",,""sebulan lalu"",""2025-02-02T14:33:06.837Z"",,,,""Tidak"",""Tanpa mengantre"",""Hari libur nasional"",,""https://lh3.googleusercontent.com/geougc-cs/AIHozJKrkWQsZg2DBBbXurw7uZcKPxBaHiJ2PHe_ySdtQhj7Zn7-NWhiW14hUAJ0MLBhSvny_UFSPXBBzFz2JFXOpyBl2eSo8WhNwdDg1SjTI9dmjO6x6_bgbaj3vL18OCUvrhjN9eI"",""https://lh3.googleusercontent.com/geougc-cs/AIHozJJTZVB3Zx6-AfKCfBK4LakE2zZow3h3E4Q3I9krfGi_MjxZ_5ZnhnavNXqHsCC2mhz2BPbi5QelTB_-ByQuZmEf3qKeeGXb6t3MldRLnSUND-du3URFSFPj8u0WQNfuI05AISOk"",""https://lh3.googleusercontent.com/geougc-cs/AIHozJLQjA_cglIQGzHY90M72xp5VqKhvxqN61TvKL9wxNyw0uk_t0J2mk3aMWewy413Mhma8t5w5Ifn6x6VoXF6qDTaSij4HE8OsA3DIbfl4RtTbRjuEwv1Dz3jebln9bzLaib-qEw"",""https://lh3.googleusercontent.com/geougc-cs/AIHozJKtJa3FEgixSLHWV4rTawh_Anx-BzurAqKK5F72U_1D5JgzjwQSa2FRaPWtp8ryIEBVqnwLshdJscrN4bJ9OxjrTkgGQaPBg5QBQIorGEdXMPfMG63ZGOu_sTzMOpoEsGAW3Ly5"",""https://lh3.googleusercontent.com/geougc-cs/AIHozJIJTg0zBRRTokXFbRIbQytkohLbbt9TgY1PaeAWKVugYGi_yQp0BdpEOhzI_yLCZ3oF91CIE8jY-TPmUPLFAeaff7Xcvskx6u4t_J0GED28PZT2_RMdomFQoIt_Y8cJFZcz7nk"",""https://lh3.googleusercontent.com/geougc-cs/AIHozJL2FCrojTkAPFoAQ2vGWgfaiEn9LQvNvgC29g2Wh2zgJOCefquFouzeY-aITLFj1lV4qjEt6wxSCALcoKLglo2rp6I5TVrLtj2ce5-OU0gef3rnLQ6B6jPFmZ8Okfde7eB-Az4Y"",""https://lh3.googleusercontent.com/geougc-cs/AIHozJLF-WrMzUDfQe1vICqeHNRxX3UUz1m6GRkHY0CrxeCtYu6ue-1G5q5TZK_mQ5e7IJECHrKD9H8McWXD7AG71NkuqseFoCdClcZLDnlmy6rLwsDUF0zxStBb6ReR55T2SHOoAA7l"",,,,,,,,,,,,,,,,,,,,,,,,,,,,,,,,,,,,,,,,,,,,""Google"",,,""172"",,,""3741"",""2025-04-02T02:10:04.574Z"",""Direct Detail URL: https://www.google.com/maps/place/Sungai+Maron+Pacitan/@-8.204503,110.9526434,17z/data=!4m8!3m7!1s0x2e7bdc5940de0881:0x385aa8482534e59a!8m2!3d-8.2045083!4d110.9552183!9m1!1b1!16s%2Fg%2F11f06mb36n?entry=ttu&g_ep=EgoyMDI1MDMzMC4wIKXMDSoASAFQAw%3D%3D"",""5"",""Jawa Timur"",,""false"",""Wisata susur sungai yg menarik."
Sayang ke sini pas musim hujan, jadi airnya tidak berwarna kebiruan.
"Tapi sudah cukup menarik."",,""Sungai Maron Pacitan"",""4.7"",,""https://www.google.com/maps/search/?api=1&query=Sungai%20Maron%20Pacitan&query_place_id=ChIJgQjeQFncey4RmuU0JUioWjg"","
"Maron, Dersono, Kec. Pringkuku, Kabupaten Pacitan, Jawa Timur 63552, Indonesia,""Tujuan Wisata"",""Tujuan Wisata"",""4060743041843258778"",""Kabupaten Pacitan"",""ID"",""0x2e7bdc5940de0881:0x385aa8482534e59a"",""https://lh3.googleusercontent.com/p/AF1QipMNuPRl3Yiq7QhQIJCyERjVOIzFTXzxm5P_ScFH=w408-h306-k-no"",""false"",""true"",""id"",""0"",""-8.2045083"",""110.9552183"",,""Maron, Dersono, Kecamatan Pringkuku"",,""false"",""ChIJgQjeQFncey4RmuU0JUioWjg"",""63552"",,""sebulan lalu"",""2025-02-02T11:52:12.498Z"",,,,,,,,""https://lh3.googleusercontent.com/geougc-cs/AIHozJJfCg0AKGlPcwOKxhUUmMrrnOB_MRq3NGlBwgy-W22f3od8fNdAh18o7FMssMEnubedP3BDhPewH2qV5Qw4WiHnuX6OOli7qZJBrpfvCyCnOr6msV5Z6AdqMJs7zOPB7HA2iXbg"",,,,,,,,,,,,,,,,,,,,,,,,,,,,,,,,,,,,,,,,,,,,,,,,,,""Google"",,,""310"",,,""3741"",""2025-04-02T02:10:04.574Z"",""Direct Detail URL: https://www.google.com/maps/place/Sungai+Maron+Pacitan/@-8.204503,110.9526434,17z/data=!4m8!3m7!1s0x2e7bdc5940de0881:0x385aa8482534e59a!8m2!3d-8.2045083!4d110.9552183!9m1!1b1!16s%2Fg%2F11f06mb36n?entry=ttu&g_ep=EgoyMDI1MDMzMC4wIKXMDSoASAFQAw%3D%3D"",""5"",""Jawa Timur"",,""false"",,,""Sungai Maron Pacitan"",""4.7"",,""https://www.google.com/maps/search/?api=1&query=Sungai%20Maron%20Pacitan&query_place_id=ChIJgQjeQFncey4RmuU0JUioWjg"","
"Maron, Dersono, Kec. Pringkuku, Kabupaten Pacitan, Jawa Timur 63552, Indonesia,""Tujuan Wisata"",""Tujuan Wisata"",""4060743041843258778"",""Kabupaten Pacitan"",""ID"",""0x2e7bdc5940de0881:0x385aa8482534e59a"",""https://lh3.googleusercontent.com/p/AF1QipMNuPRl3Yiq7QhQIJCyERjVOIzFTXzxm5P_ScFH=w408-h306-k-no"",""false"",""true"",""id"",""0"",""-8.2045083"",""110.9552183"",,""Maron, Dersono, Kecamatan Pringkuku"",""id"",""false"",""ChIJgQjeQFncey4RmuU0JUioWjg"",""63552"",,""sebulan lalu"",""2025-02-02T10:22:55.499Z"",,,,""Tidak yakin"",""Tanpa mengantre"",""Akhir pekan"",,""https://lh3.googleusercontent.com/geougc-cs/AIHozJKx1p66Y8LxnMIxDilNz2m7Ck30iJillclkR7N52UjzDKQ29Y5ZUJqMOFLCDvZzw0qTNrkagbd9lLJH_IpFVUpR3wjRXnN-UxEYNJeLC_EdCz7SIVAju2QNNFBaR78NfXpjNZxw"",""https://lh3.googleusercontent.com/geougc-cs/AIHozJK_5r_UuvJfEUPrsUl4s3jdC6Jxkk2SsERbjFUY18d7Ji1SNq_4IYfp6hkCEqS4qsZFeBEBKxjTo4quZdHnesNBdd48jyHQZYGQxxpm3PlG8nNVwORct4bFKhxDXhaAO9RDxS8QRg"",,,,,,,,,,,,,,,,,,,,,,,,,,,,,,,,,,,,,,,,,,,,,,,,,""Google"",,,""19"",,,""3741"",""2025-04-02T02:10:04.574Z"",""Direct Detail URL: https://www.google.com/maps/place/Sungai+Maron+Pacitan/@-8.204503,110.9526434,17z/data=!4m8!3m7!1s0x2e7bdc5940de0881:0x385aa8482534e59a!8m2!3d-8.2045083!4d110.9552183!9m1!1b1!16s%2Fg%2F11f06mb36n?entry=ttu&g_ep=EgoyMDI1MDMzMC4wIKXMDSoASAFQAw%3D%3D"",""5"",""Jawa Timur"",,""false"",""Saya barusan nyobain naik perahu yang sudah disediakan pihak sungai maron. Harganya 100 ribu untuk 4 orang. Rutenya cukup panjang, kira-kira 30 menitan untuk bolak-balik. Kebetulan perahu yang saya naiki mengalami trouble, sehingga perahu saya ditarik oleh perahu yang lain. Overall a good and unique experience."",,""Sungai Maron Pacitan"",""4.7"",,""https://www.google.com/maps/search/?api=1&query=Sungai%20Maron%20Pacitan&query_place_id=ChIJgQjeQFncey4RmuU0JUioWjg"","
"Maron, Dersono, Kec. Pringkuku, Kabupaten Pacitan, Jawa Timur 63552, Indonesia,""Tujuan Wisata"",""Tujuan Wisata"",""4060743041843258778"",""Kabupaten Pacitan"",""ID"",""0x2e7bdc5940de0881:0x385aa8482534e59a"",""https://lh3.googleusercontent.com/p/AF1QipMNuPRl3Yiq7QhQIJCyERjVOIzFTXzxm5P_ScFH=w408-h306-k-no"",""false"",""false"",""id"",""0"",""-8.2045083"",""110.9552183"",,""Maron, Dersono, Kecamatan Pringkuku"",,""false"",""ChIJgQjeQFncey4RmuU0JUioWjg"",""63552"",,""2 bulan lalu"",""2025-02-01T05:35:52.385Z"",,,,,,,,,,,,,,,,,,,,,,,,,,,,,,,,,,,,,,,,,,,,,,,,,,,,,,,,,,""Google"",,,""7"",,,""3741"",""2025-04-02T02:10:04.574Z"",""Direct Detail URL: https://www.google.com/maps/place/Sungai+Maron+Pacitan/@-8.204503,110.9526434,17z/data=!4m8!3m7!1s0x2e7bdc5940de0881:0x385aa8482534e59a!8m2!3d-8.2045083!4d110.9552183!9m1!1b1!16s%2Fg%2F11f06mb36n?entry=ttu&g_ep=EgoyMDI1MDMzMC4wIKXMDSoASAFQAw%3D%3D"",""5"",""Jawa Timur"",,""false"",,,""Sungai Maron Pacitan"",""4.7"",,""https://www.google.com/maps/search/?api=1&query=Sungai%20Maron%20Pacitan&query_place_id=ChIJgQjeQFncey4RmuU0JUioWjg"","
"Maron, Dersono, Kec. Pringkuku, Kabupaten Pacitan, Jawa Timur 63552, Indonesia,""Tujuan Wisata"",""Tujuan Wisata"",""4060743041843258778"",""Kabupaten Pacitan"",""ID"",""0x2e7bdc5940de0881:0x385aa8482534e59a"",""https://lh3.googleusercontent.com/p/AF1QipMNuPRl3Yiq7QhQIJCyERjVOIzFTXzxm5P_ScFH=w408-h306-k-no"",""false"",""true"",""id"",""0"",""-8.2045083"",""110.9552183"",,""Maron, Dersono, Kecamatan Pringkuku"",,""false"",""ChIJgQjeQFncey4RmuU0JUioWjg"",""63552"",,""2 bulan lalu"",""2025-01-31T10:08:46.260Z"",,,,""Tidak"",""Tanpa mengantre"",""Akhir pekan"",,""https://lh3.googleusercontent.com/geougc-cs/AIHozJIvDaWrSCpUZldVYMQdkCHAMdzGi01Xp_KmOXpHIUcpOMCotMcnvmT3jUfkg2JtrLGpmVT7W_NJKRVJloEJwdZlF_KklgOgFU9QfV7BRY1v_lsaeBBNAfmOgoUJYTAHNN-KJpTQ"",,,,,,,,,,,,,,,,,,,,,,,,,,,,,,,,,,,,,,,,,,,,,,,,,,""Google"",,,""27"",,,""3741"",""2025-04-02T02:10:04.574Z"",""Direct Detail URL: https://www.google.com/maps/place/Sungai+Maron+Pacitan/@-8.204503,110.9526434,17z/data=!4m8!3m7!1s0x2e7bdc5940de0881:0x385aa8482534e59a!8m2!3d-8.2045083!4d110.9552183!9m1!1b1!16s%2Fg%2F11f06mb36n?entry=ttu&g_ep=EgoyMDI1MDMzMC4wIKXMDSoASAFQAw%3D%3D"",""5"",""Jawa Timur"",,""false"",,,""Sungai Maron Pacitan"",""4.7"",,""https://www.google.com/maps/search/?api=1&query=Sungai%20Maron%20Pacitan&query_place_id=ChIJgQjeQFncey4RmuU0JUioWjg"","
"Maron, Dersono, Kec. Pringkuku, Kabupaten Pacitan, Jawa Timur 63552, Indonesia,""Tujuan Wisata"",""Tujuan Wisata"",""4060743041843258778"",""Kabupaten Pacitan"",""ID"",""0x2e7bdc5940de0881:0x385aa8482534e59a"",""https://lh3.googleusercontent.com/p/AF1QipMNuPRl3Yiq7QhQIJCyERjVOIzFTXzxm5P_ScFH=w408-h306-k-no"",""false"",""true"",""id"",""0"",""-8.2045083"",""110.9552183"",,""Maron, Dersono, Kecamatan Pringkuku"",""id"",""false"",""ChIJgQjeQFncey4RmuU0JUioWjg"",""63552"",,""2 bulan lalu"",""2025-01-31T02:42:21.979Z"",,,,,,,,""https://lh3.googleusercontent.com/geougc-cs/AIHozJIgAplI98-xO7DTP6Cv_17GmBkUZC_jvEWUt5O2RpYHwyYROEjVk7Vv12DtLWxC4MoT61rpLtgGl0ifzwm9yPCvZb3yePTVDgBxJWx4SOKAICnYfOB9qPqPkYqnhyG89Gf3abU"",""https://lh3.googleusercontent.com/geougc-cs/AIHozJJovceoEBr-RA5qych3OGJ4kQrtrToZtC-_rHI48mg6x6QP2PAaS2SSGf0OTQwEUKAFYEM-a3EwnNuKECyb7oBe8VUT0vHylnnwyG7hg2250ZhxTjlha40KdCDRtse6gqwNBbpiCA"",""https://lh3.googleusercontent.com/geougc-cs/AIHozJIGNSzltOO-xbv1QXXlZkodIJWjGb5rx_o4GOMojP71McW8pTl7nRWvUMrjV8F6qx8Ykzl8tWPFYLJB9SnX2fBer4fAAmvXPxOEj6Eq4HMVvvduzOeCOZx0cGHYud_nU-wbN3wY"",""https://lh3.googleusercontent.com/geougc-cs/AIHozJLG5m3fFK1H-IixHlRPrkrNYf1FPahMLtiUWxKQ217wngHz5dDByjEglwT5fjV8M3pgEiS5yM4pLzI4uGFAkAFlXzNnJPG9bmaTYz5AXZez3chkMY4zQGYehLygIQebQTX3NmZRrQ"",,,,,,,,,,,,,,,,,,,,,,,,,,,,,,,,,,,,,,,,,,,,,,,""Google"",,,""163"",,,""3741"",""2025-04-02T02:10:04.574Z"",""Direct Detail URL: https://www.google.com/maps/place/Sungai+Maron+Pacitan/@-8.204503,110.9526434,17z/data=!4m8!3m7!1s0x2e7bdc5940de0881:0x385aa8482534e59a!8m2!3d-8.2045083!4d110.9552183!9m1!1b1!16s%2Fg%2F11f06mb36n?entry=ttu&g_ep=EgoyMDI1MDMzMC4wIKXMDSoASAFQAw%3D%3D"",""5"",""Jawa Timur"",,""false"",""Sungai Maron, seringkali disebut sebagai """"Amazon-nya Jawa Timur"""", adalah sebuah destinasi wisata yang memukau di Pacitan. Dengan airnya yang jernih kebiruan dan dikelilingi oleh hutan tropis yang lebat, sungai ini menawarkan pengalaman petualangan yang tak terlupakan."

Salah satu ciri khas Sungai Maron adalah airnya yang sangat jernih kebiruan. Anda bisa melihat dasar sungai dengan jelas saat menyusuri alirannya.

Sepanjang aliran sungai, Anda akan dimanjakan dengan pemandangan hutan tropis yang hijau dan rimbun. Pohon-pohon besar menjulang tinggi, menciptakan suasana yang sejuk dan asri.

"Aktivitas yang paling populer di Sungai Maron adalah menyusuri sungai menggunakan perahu. Anda akan diajak berkeliling sungai sambil menikmati keindahan alam sekitarnya."",,""Sungai Maron Pacitan"",""4.7"",,""https://www.google.com/maps/search/?api=1&query=Sungai%20Maron%20Pacitan&query_place_id=ChIJgQjeQFncey4RmuU0JUioWjg"","
"Maron, Dersono, Kec. Pringkuku, Kabupaten Pacitan, Jawa Timur 63552, Indonesia,""Tujuan Wisata"",""Tujuan Wisata"",""4060743041843258778"",""Kabupaten Pacitan"",""ID"",""0x2e7bdc5940de0881:0x385aa8482534e59a"",""https://lh3.googleusercontent.com/p/AF1QipMNuPRl3Yiq7QhQIJCyERjVOIzFTXzxm5P_ScFH=w408-h306-k-no"",""false"",""true"",""id"",""0"",""-8.2045083"",""110.9552183"",,""Maron, Dersono, Kecamatan Pringkuku"",,""false"",""ChIJgQjeQFncey4RmuU0JUioWjg"",""63552"",,""2 bulan lalu"",""2025-01-30T06:07:42.933Z"",,,,,,,,,,,,,,,,,,,,,,,,,,,,,,,,,,,,,,,,,,,,,,,,,,,,,,,,,,""Google"",,,""31"",,,""3741"",""2025-04-02T02:10:04.574Z"",""Direct Detail URL: https://www.google.com/maps/place/Sungai+Maron+Pacitan/@-8.204503,110.9526434,17z/data=!4m8!3m7!1s0x2e7bdc5940de0881:0x385aa8482534e59a!8m2!3d-8.2045083!4d110.9552183!9m1!1b1!16s%2Fg%2F11f06mb36n?entry=ttu&g_ep=EgoyMDI1MDMzMC4wIKXMDSoASAFQAw%3D%3D"",""5"",""Jawa Timur"",,""false"",,,""Sungai Maron Pacitan"",""4.7"",,""https://www.google.com/maps/search/?api=1&query=Sungai%20Maron%20Pacitan&query_place_id=ChIJgQjeQFncey4RmuU0JUioWjg"","
"Maron, Dersono, Kec. Pringkuku, Kabupaten Pacitan, Jawa Timur 63552, Indonesia,""Tujuan Wisata"",""Tujuan Wisata"",""4060743041843258778"",""Kabupaten Pacitan"",""ID"",""0x2e7bdc5940de0881:0x385aa8482534e59a"",""https://lh3.googleusercontent.com/p/AF1QipMNuPRl3Yiq7QhQIJCyERjVOIzFTXzxm5P_ScFH=w408-h306-k-no"",""false"",""true"",""id"",""0"",""-8.2045083"",""110.9552183"",,""Maron, Dersono, Kecamatan Pringkuku"",,""false"",""ChIJgQjeQFncey4RmuU0JUioWjg"",""63552"",,""2 bulan lalu"",""2025-01-30T00:16:49.226Z"",,,,,,,,,,,,,,,,,,,,,,,,,,,,,,,,,,,,,,,,,,,,,,,,,,,,,,,,,,""Google"",,,""1"",,,""3741"",""2025-04-02T02:10:04.574Z"",""Direct Detail URL: https://www.google.com/maps/place/Sungai+Maron+Pacitan/@-8.204503,110.9526434,17z/data=!4m8!3m7!1s0x2e7bdc5940de0881:0x385aa8482534e59a!8m2!3d-8.2045083!4d110.9552183!9m1!1b1!16s%2Fg%2F11f06mb36n?entry=ttu&g_ep=EgoyMDI1MDMzMC4wIKXMDSoASAFQAw%3D%3D"",""5"",""Jawa Timur"",,""false"",,,""Sungai Maron Pacitan"",""4.7"",,""https://www.google.com/maps/search/?api=1&query=Sungai%20Maron%20Pacitan&query_place_id=ChIJgQjeQFncey4RmuU0JUioWjg"","
"Maron, Dersono, Kec. Pringkuku, Kabupaten Pacitan, Jawa Timur 63552, Indonesia,""Tujuan Wisata"",""Tujuan Wisata"",""4060743041843258778"",""Kabupaten Pacitan"",""ID"",""0x2e7bdc5940de0881:0x385aa8482534e59a"",""https://lh3.googleusercontent.com/p/AF1QipMNuPRl3Yiq7QhQIJCyERjVOIzFTXzxm5P_ScFH=w408-h306-k-no"",""false"",""true"",""id"",""0"",""-8.2045083"",""110.9552183"",,""Maron, Dersono, Kecamatan Pringkuku"",""id"",""false"",""ChIJgQjeQFncey4RmuU0JUioWjg"",""63552"",,""2 bulan lalu"",""2025-01-29T11:07:53.299Z"",,,,""Tidak yakin"",""Maks 10 mnt"",""Akhir pekan"",,,,,,,,,,,,,,,,,,,,,,,,,,,,,,,,,,,,,,,,,,,,,,,,,,,,""Google"",,,""101"",,,""3741"",""2025-04-02T02:10:04.574Z"",""Direct Detail URL: https://www.google.com/maps/place/Sungai+Maron+Pacitan/@-8.204503,110.9526434,17z/data=!4m8!3m7!1s0x2e7bdc5940de0881:0x385aa8482534e59a!8m2!3d-8.2045083!4d110.9552183!9m1!1b1!16s%2Fg%2F11f06mb36n?entry=ttu&g_ep=EgoyMDI1MDMzMC4wIKXMDSoASAFQAw%3D%3D"",""4"",""Jawa Timur"",,""false"",""Tempat wisata alam yg asyik. Pemandangan nya"

Dan diakhiri pantai sehingga cukup puas.
"Hanya saja menuju lokasi harus ikut sutle"",,""Sungai Maron Pacitan"",""4.7"",,""https://www.google.com/maps/search/?api=1&query=Sungai%20Maron%20Pacitan&query_place_id=ChIJgQjeQFncey4RmuU0JUioWjg"","
"Maron, Dersono, Kec. Pringkuku, Kabupaten Pacitan, Jawa Timur 63552, Indonesia,""Tujuan Wisata"",""Tujuan Wisata"",""4060743041843258778"",""Kabupaten Pacitan"",""ID"",""0x2e7bdc5940de0881:0x385aa8482534e59a"",""https://lh3.googleusercontent.com/p/AF1QipMNuPRl3Yiq7QhQIJCyERjVOIzFTXzxm5P_ScFH=w408-h306-k-no"",""false"",""false"",""id"",""0"",""-8.2045083"",""110.9552183"",,""Maron, Dersono, Kecamatan Pringkuku"",""id"",""false"",""ChIJgQjeQFncey4RmuU0JUioWjg"",""63552"",,""2 bulan lalu"",""2025-01-28T08:37:43.639Z"",,,,,,,,""https://lh3.googleusercontent.com/geougc-cs/AIHozJKUhhHycMESrG68d3lRPXLzqrlGJzJORF-YI7UhC2W_LumQMwD3UcX2jkpLZgXYQBfb9fj9dXvkGYF16fRzUhylwzyKp3Yq7P6PIwJjICYe07IlEpqC5oSvHFiAKlYbUbIeOWM"",""https://lh3.googleusercontent.com/geougc-cs/AIHozJI9v61b_8CPDgCX_SJHP5fpMhTs3aP2Kvt76wv1KjndyA4BsBcteczDLQLc08IXSrG_fRRGaTVZD5auGFprt9yw9BunDnBxj3dnywSUJCEtTAXCB4XOBcrW4j_42MSnJkgSyKcrgQ"",""https://lh3.googleusercontent.com/geougc-cs/AIHozJJAvVs_0E_7mTY_YO6i4iYycD7PS1f3l2vkkrjBGYm1v8DenrqYPWV2niPEZVcA7WpnJgOVg21X7h3KhTWkAxH3krzIX7khGQ9ZKI2TryIfO0ICdHjfODf7_rNH35TRE-9PXNSA"",,,,,,,,,,,,,,,,,,,,,,,,,,,,,,,,,,,,,,,,,,,,,,,,""Google"",,,""4"",,,""3741"",""2025-04-02T02:10:04.574Z"",""Direct Detail URL: https://www.google.com/maps/place/Sungai+Maron+Pacitan/@-8.204503,110.9526434,17z/data=!4m8!3m7!1s0x2e7bdc5940de0881:0x385aa8482534e59a!8m2!3d-8.2045083!4d110.9552183!9m1!1b1!16s%2Fg%2F11f06mb36n?entry=ttu&g_ep=EgoyMDI1MDMzMC4wIKXMDSoASAFQAw%3D%3D"",""5"",""Jawa Timur"",,""false"",""Ke Pacitan harus kesini"",,""Sungai Maron Pacitan"",""4.7"",,""https://www.google.com/maps/search/?api=1&query=Sungai%20Maron%20Pacitan&query_place_id=ChIJgQjeQFncey4RmuU0JUioWjg"","
"Maron, Dersono, Kec. Pringkuku, Kabupaten Pacitan, Jawa Timur 63552, Indonesia,""Tujuan Wisata"",""Tujuan Wisata"",""4060743041843258778"",""Kabupaten Pacitan"",""ID"",""0x2e7bdc5940de0881:0x385aa8482534e59a"",""https://lh3.googleusercontent.com/p/AF1QipMNuPRl3Yiq7QhQIJCyERjVOIzFTXzxm5P_ScFH=w408-h306-k-no"",""false"",""true"",""id"",""0"",""-8.2045083"",""110.9552183"",,""Maron, Dersono, Kecamatan Pringkuku"",,""false"",""ChIJgQjeQFncey4RmuU0JUioWjg"",""63552"",,""2 bulan lalu"",""2025-01-28T06:41:22.929Z"",,,,""Tidak"",""Maks 10 mnt"",""Hari libur nasional"",,,,,,,,,,,,,,,,,,,,,,,,,,,,,,,,,,,,,,,,,,,,,,,,,,,,""Google"",,,""63"",,,""3741"",""2025-04-02T02:10:04.574Z"",""Direct Detail URL: https://www.google.com/maps/place/Sungai+Maron+Pacitan/@-8.204503,110.9526434,17z/data=!4m8!3m7!1s0x2e7bdc5940de0881:0x385aa8482534e59a!8m2!3d-8.2045083!4d110.9552183!9m1!1b1!16s%2Fg%2F11f06mb36n?entry=ttu&g_ep=EgoyMDI1MDMzMC4wIKXMDSoASAFQAw%3D%3D"",""5"",""Jawa Timur"",,""false"",,,""Sungai Maron Pacitan"",""4.7"",,""https://www.google.com/maps/search/?api=1&query=Sungai%20Maron%20Pacitan&query_place_id=ChIJgQjeQFncey4RmuU0JUioWjg"","
"Maron, Dersono, Kec. Pringkuku, Kabupaten Pacitan, Jawa Timur 63552, Indonesia,""Tujuan Wisata"",""Tujuan Wisata"",""4060743041843258778"",""Kabupaten Pacitan"",""ID"",""0x2e7bdc5940de0881:0x385aa8482534e59a"",""https://lh3.googleusercontent.com/p/AF1QipMNuPRl3Yiq7QhQIJCyERjVOIzFTXzxm5P_ScFH=w408-h306-k-no"",""false"",""true"",""id"",""0"",""-8.2045083"",""110.9552183"",,""Maron, Dersono, Kecamatan Pringkuku"",""en"",""false"",""ChIJgQjeQFncey4RmuU0JUioWjg"",""63552"",,""2 bulan lalu"",""2025-01-28T06:05:08.159Z"",,,,""Tidak yakin"",""10-30 mnt"",""Hari biasa"",,,,,,,,,,,,,,,,,,,,,,,,,,,,,,,,,,,,,,,,,,,,,,,,,,,,""Google"",,,""62"",,,""3741"",""2025-04-02T02:10:04.574Z"",""Direct Detail URL: https://www.google.com/maps/place/Sungai+Maron+Pacitan/@-8.204503,110.9526434,17z/data=!4m8!3m7!1s0x2e7bdc5940de0881:0x385aa8482534e59a!8m2!3d-8.2045083!4d110.9552183!9m1!1b1!16s%2Fg%2F11f06mb36n?entry=ttu&g_ep=EgoyMDI1MDMzMC4wIKXMDSoASAFQAw%3D%3D"",""1"",""Jawa Timur"",,""false"",""Tourist trap."",""Perangkap turis."",""Sungai Maron Pacitan"",""4.7"",""id"",""https://www.google.com/maps/search/?api=1&query=Sungai%20Maron%20Pacitan&query_place_id=ChIJgQjeQFncey4RmuU0JUioWjg"","
"Maron, Dersono, Kec. Pringkuku, Kabupaten Pacitan, Jawa Timur 63552, Indonesia,""Tujuan Wisata"",""Tujuan Wisata"",""4060743041843258778"",""Kabupaten Pacitan"",""ID"",""0x2e7bdc5940de0881:0x385aa8482534e59a"",""https://lh3.googleusercontent.com/p/AF1QipMNuPRl3Yiq7QhQIJCyERjVOIzFTXzxm5P_ScFH=w408-h306-k-no"",""false"",""false"",""id"",""0"",""-8.2045083"",""110.9552183"",,""Maron, Dersono, Kecamatan Pringkuku"",""id"",""false"",""ChIJgQjeQFncey4RmuU0JUioWjg"",""63552"",,""2 bulan lalu"",""2025-01-27T15:20:29.922Z"",,,,,,,,""https://lh3.googleusercontent.com/geougc-cs/AIHozJLYmKrvpD3phN3fnTiezgccmoXckwz78y0PCwNy7Fg-w0bNlWO-0MsvimEl0R-YeRI4iCcirsNIHVWycgYEDsV3DGgsgWnUE3ys_Fre9ofWg_yR1cmb2dNn6KBRy2KGRh3XA5wC"",,,,,,,,,,,,,,,,,,,,,,,,,,,,,,,,,,,,,,,,,,,,,,,,,,""Google"",,,""2"",,,""3741"",""2025-04-02T02:10:04.574Z"",""Direct Detail URL: https://www.google.com/maps/place/Sungai+Maron+Pacitan/@-8.204503,110.9526434,17z/data=!4m8!3m7!1s0x2e7bdc5940de0881:0x385aa8482534e59a!8m2!3d-8.2045083!4d110.9552183!9m1!1b1!16s%2Fg%2F11f06mb36n?entry=ttu&g_ep=EgoyMDI1MDMzMC4wIKXMDSoASAFQAw%3D%3D"",""4"",""Jawa Timur"",,""false"",""Bikin candu"",,""Sungai Maron Pacitan"",""4.7"",,""https://www.google.com/maps/search/?api=1&query=Sungai%20Maron%20Pacitan&query_place_id=ChIJgQjeQFncey4RmuU0JUioWjg"","
"Maron, Dersono, Kec. Pringkuku, Kabupaten Pacitan, Jawa Timur 63552, Indonesia,""Tujuan Wisata"",""Tujuan Wisata"",""4060743041843258778"",""Kabupaten Pacitan"",""ID"",""0x2e7bdc5940de0881:0x385aa8482534e59a"",""https://lh3.googleusercontent.com/p/AF1QipMNuPRl3Yiq7QhQIJCyERjVOIzFTXzxm5P_ScFH=w408-h306-k-no"",""false"",""false"",""id"",""0"",""-8.2045083"",""110.9552183"",,""Maron, Dersono, Kecamatan Pringkuku"",,""false"",""ChIJgQjeQFncey4RmuU0JUioWjg"",""63552"",,""2 bulan lalu"",""2025-01-26T15:08:17.942Z"",,,,""Tidak"",""Tanpa mengantre"",""Akhir pekan"",,""https://lh3.googleusercontent.com/geougc-cs/AIHozJLC5s5-KNZKotu1lSklz3bf3dkVzye3bV6BiRNIhwqBUJyznOAwGOKw1dPqfDvNUfbcxbi1h45uUofBVpsYWZi_6KuT0crT7qvCHjxhWYYHQB3c7r41p2SdDpiYDaWz-Y7fzkiO"",,,,,,,,,,,,,,,,,,,,,,,,,,,,,,,,,,,,,,,,,,,,,,,,,,""Google"",,,""3"",,,""3741"",""2025-04-02T02:10:04.574Z"",""Direct Detail URL: https://www.google.com/maps/place/Sungai+Maron+Pacitan/@-8.204503,110.9526434,17z/data=!4m8!3m7!1s0x2e7bdc5940de0881:0x385aa8482534e59a!8m2!3d-8.2045083!4d110.9552183!9m1!1b1!16s%2Fg%2F11f06mb36n?entry=ttu&g_ep=EgoyMDI1MDMzMC4wIKXMDSoASAFQAw%3D%3D"",""5"",""Jawa Timur"",,""false"",,,""Sungai Maron Pacitan"",""4.7"",,""https://www.google.com/maps/search/?api=1&query=Sungai%20Maron%20Pacitan&query_place_id=ChIJgQjeQFncey4RmuU0JUioWjg"","
"Maron, Dersono, Kec. Pringkuku, Kabupaten Pacitan, Jawa Timur 63552, Indonesia,""Tujuan Wisata"",""Tujuan Wisata"",""4060743041843258778"",""Kabupaten Pacitan"",""ID"",""0x2e7bdc5940de0881:0x385aa8482534e59a"",""https://lh3.googleusercontent.com/p/AF1QipMNuPRl3Yiq7QhQIJCyERjVOIzFTXzxm5P_ScFH=w408-h306-k-no"",""false"",""true"",""id"",""0"",""-8.2045083"",""110.9552183"",,""Maron, Dersono, Kecamatan Pringkuku"",,""false"",""ChIJgQjeQFncey4RmuU0JUioWjg"",""63552"",,""2 bulan lalu"",""2025-01-26T08:10:30.478Z"",,,,,,,,,,,,,,,,,,,,,,,,,,,,,,,,,,,,,,,,,,,,,,,,,,,,,,,,,,""Google"",,,""11"",,,""3741"",""2025-04-02T02:10:04.574Z"",""Direct Detail URL: https://www.google.com/maps/place/Sungai+Maron+Pacitan/@-8.204503,110.9526434,17z/data=!4m8!3m7!1s0x2e7bdc5940de0881:0x385aa8482534e59a!8m2!3d-8.2045083!4d110.9552183!9m1!1b1!16s%2Fg%2F11f06mb36n?entry=ttu&g_ep=EgoyMDI1MDMzMC4wIKXMDSoASAFQAw%3D%3D"",""5"",""Jawa Timur"",,""false"",,,""Sungai Maron Pacitan"",""4.7"",,""https://www.google.com/maps/search/?api=1&query=Sungai%20Maron%20Pacitan&query_place_id=ChIJgQjeQFncey4RmuU0JUioWjg"","
"Maron, Dersono, Kec. Pringkuku, Kabupaten Pacitan, Jawa Timur 63552, Indonesia,""Tujuan Wisata"",""Tujuan Wisata"",""4060743041843258778"",""Kabupaten Pacitan"",""ID"",""0x2e7bdc5940de0881:0x385aa8482534e59a"",""https://lh3.googleusercontent.com/p/AF1QipMNuPRl3Yiq7QhQIJCyERjVOIzFTXzxm5P_ScFH=w408-h306-k-no"",""false"",""true"",""id"",""0"",""-8.2045083"",""110.9552183"",,""Maron, Dersono, Kecamatan Pringkuku"",,""false"",""ChIJgQjeQFncey4RmuU0JUioWjg"",""63552"",,""2 bulan lalu"",""2025-01-24T06:28:00.078Z"",,,,,,,,,,,,,,,,,,,,,,,,,,,,,,,,,,,,,,,,,,,,,,,,,,,,,,,,,,""Google"",,,""70"",,,""3741"",""2025-04-02T02:10:04.574Z"",""Direct Detail URL: https://www.google.com/maps/place/Sungai+Maron+Pacitan/@-8.204503,110.9526434,17z/data=!4m8!3m7!1s0x2e7bdc5940de0881:0x385aa8482534e59a!8m2!3d-8.2045083!4d110.9552183!9m1!1b1!16s%2Fg%2F11f06mb36n?entry=ttu&g_ep=EgoyMDI1MDMzMC4wIKXMDSoASAFQAw%3D%3D"",""4"",""Jawa Timur"",,""false"",,,""Sungai Maron Pacitan"",""4.7"",,""https://www.google.com/maps/search/?api=1&query=Sungai%20Maron%20Pacitan&query_place_id=ChIJgQjeQFncey4RmuU0JUioWjg"","
"Maron, Dersono, Kec. Pringkuku, Kabupaten Pacitan, Jawa Timur 63552, Indonesia,""Tujuan Wisata"",""Tujuan Wisata"",""4060743041843258778"",""Kabupaten Pacitan"",""ID"",""0x2e7bdc5940de0881:0x385aa8482534e59a"",""https://lh3.googleusercontent.com/p/AF1QipMNuPRl3Yiq7QhQIJCyERjVOIzFTXzxm5P_ScFH=w408-h306-k-no"",""false"",""true"",""id"",""0"",""-8.2045083"",""110.9552183"",,""Maron, Dersono, Kecamatan Pringkuku"",""ms"",""false"",""ChIJgQjeQFncey4RmuU0JUioWjg"",""63552"",,""2 bulan lalu"",""2025-01-21T14:17:12.943Z"",,,,,,""Hari libur nasional"",,""https://lh3.googleusercontent.com/geougc-cs/AIHozJI98ipC0K4Hmx-sJP5bae5WKb0SoynQA8TqcpiMMDCTgW83iVRf44bDY2BGIVE2CWiFjvhWz1mealnbXtpCPhEyY8WsD0ko-lCIArcQr3LMc4virjaHhVSMbE8OeM-vM6Cw7re6"",""https://lh3.googleusercontent.com/geougc-cs/AIHozJITW-N1BgKwyyO3HL86UKH-zbYMNxvBYh5E2WzfglslUgYsEwvbX8HsR3ceC7tHbcxEv-AecLae6Gb1VcZy4LU7kLPEykpDQaDn7-p5hRg1HUqdbCc2HNY8Y5elDl9b4m-9FDNO"",""https://lh3.googleusercontent.com/geougc-cs/AIHozJLBf7jddzyMA9X-nWnUYuujSTbx-eDyLLWkC24I-6n5aWM4XsZbd_7E-PwUwXqzyoDtQkzuJ4el5gxoCG79ES6eXFOGDK8DMUkJGq6BwCsMg6ZmTx01hRyWBAI5ZSc1Nwm9krqx_g"",""https://lh3.googleusercontent.com/geougc-cs/AIHozJKl4WDAfdTcChDC4uXVtU5xzhM6tXRxjNVagwMspeRi6GSUX8HL16uMgNQA1U3CM4pvDODJB1G8nQDWN8AX0HVycT4NDRIYTeetGQe8smh0ObVm3s3jQTac1UjiMNjGnErigTw"",,,,,,,,,,,,,,,,,,,,,,,,,,,,,,,,,,,,,,,,,,,,,,,""Google"",,,""43"",,,""3741"",""2025-04-02T02:10:04.574Z"",""Direct Detail URL: https://www.google.com/maps/place/Sungai+Maron+Pacitan/@-8.204503,110.9526434,17z/data=!4m8!3m7!1s0x2e7bdc5940de0881:0x385aa8482534e59a!8m2!3d-8.2045083!4d110.9552183!9m1!1b1!16s%2Fg%2F11f06mb36n?entry=ttu&g_ep=EgoyMDI1MDMzMC4wIKXMDSoASAFQAw%3D%3D"",""5"",""Jawa Timur"",,""false"",""Pastikan seumur hidup sekali cruisin di Sungai Maron. Anggap aja lagi di Amazon hehehe.."",""Pastikan ini adalah pelayaran sekali seumur hidup di Sungai Maron. Bayangkan saja di Amazon hehehe.."",""Sungai Maron Pacitan"",""4.7"",""id"",""https://www.google.com/maps/search/?api=1&query=Sungai%20Maron%20Pacitan&query_place_id=ChIJgQjeQFncey4RmuU0JUioWjg"","
"Maron, Dersono, Kec. Pringkuku, Kabupaten Pacitan, Jawa Timur 63552, Indonesia,""Tujuan Wisata"",""Tujuan Wisata"",""4060743041843258778"",""Kabupaten Pacitan"",""ID"",""0x2e7bdc5940de0881:0x385aa8482534e59a"",""https://lh3.googleusercontent.com/p/AF1QipMNuPRl3Yiq7QhQIJCyERjVOIzFTXzxm5P_ScFH=w408-h306-k-no"",""false"",""true"",""id"",""0"",""-8.2045083"",""110.9552183"",,""Maron, Dersono, Kecamatan Pringkuku"",""id"",""false"",""ChIJgQjeQFncey4RmuU0JUioWjg"",""63552"",,""2 bulan lalu"",""2025-01-21T13:20:16.311Z"",,,,,,""Akhir pekan"",,""https://lh3.googleusercontent.com/geougc-cs/AIHozJLg7rRkHbvZV5kdD8uu1xTcB1HupUjoL15FHV4gxdoVyiQVpizFv9aBdw93UADeomFQxhsOsTIn5JD0fb_P4SDrqtDW66KzIgy0ywMRBT7NxeQwF6v8WlIoxIp89hD6JHOsNjYG"",,,,,,,,,,,,,,,,,,,,,,,,,,,,,,,,,,,,,,,,,,,,,,,,,,""Google"",,,""25"",,,""3741"",""2025-04-02T02:10:04.574Z"",""Direct Detail URL: https://www.google.com/maps/place/Sungai+Maron+Pacitan/@-8.204503,110.9526434,17z/data=!4m8!3m7!1s0x2e7bdc5940de0881:0x385aa8482534e59a!8m2!3d-8.2045083!4d110.9552183!9m1!1b1!16s%2Fg%2F11f06mb36n?entry=ttu&g_ep=EgoyMDI1MDMzMC4wIKXMDSoASAFQAw%3D%3D"",""4"",""Jawa Timur"",,""false"",""Asik,sayang pas airnya agak keruh"",,""Sungai Maron Pacitan"",""4.7"",,""https://www.google.com/maps/search/?api=1&query=Sungai%20Maron%20Pacitan&query_place_id=ChIJgQjeQFncey4RmuU0JUioWjg"","
"Maron, Dersono, Kec. Pringkuku, Kabupaten Pacitan, Jawa Timur 63552, Indonesia,""Tujuan Wisata"",""Tujuan Wisata"",""4060743041843258778"",""Kabupaten Pacitan"",""ID"",""0x2e7bdc5940de0881:0x385aa8482534e59a"",""https://lh3.googleusercontent.com/p/AF1QipMNuPRl3Yiq7QhQIJCyERjVOIzFTXzxm5P_ScFH=w408-h306-k-no"",""false"",""true"",""id"",""0"",""-8.2045083"",""110.9552183"",,""Maron, Dersono, Kecamatan Pringkuku"",""id"",""false"",""ChIJgQjeQFncey4RmuU0JUioWjg"",""63552"",,""2 bulan lalu"",""2025-01-21T07:30:53.536Z"",,,,""Ya"",""Tanpa mengantre"",""Akhir pekan"",,""https://lh3.googleusercontent.com/geougc-cs/AIHozJLJoPUOWRg6Q3sVuyEwsbCkHvqxFKI-TeZOGJzfKLClx7s9j7PYJl08hlRy42-Dps9s2h0CdOS04ZxIYQkQN8tWvPSSlfAHTtOb-Oy_yZulVM30f83kmLxV7wdIGaDyalUgvmnm"",""https://lh3.googleusercontent.com/geougc-cs/AIHozJIUgou8CjbJu52MRNjvL2wXb3Bp_eVQLvz1mkfQOpFskMM7wsEZ3Mqpv7S8Gz1qrxxmGhOCvIt2iW20pvvrcaIaqMfzo_PeX8Nv2sjSTMP5RcZHPJPaiUvbbMvTmcTSKflALInUSQ"",""https://lh3.googleusercontent.com/geougc-cs/AIHozJLmtag6UwD7Z8tAQ3qoQzej-oiGj0NAgzjwlE4zvQ2CN-XL8rowNM4G7BmO4xDt-O7WcCRKSYY3q0yn16vPpDu-krhLtL7yCy4yUcRFr9WpyCCYAgZgPrBJmMUpTegjeIXLgN3C"",,,,,,,,,,,,,,,,,,,,,,,,,,,,,,,,,,,,,,,,,,,,,,,,""Google"",,,""69"",,,""3741"",""2025-04-02T02:10:04.574Z"",""Direct Detail URL: https://www.google.com/maps/place/Sungai+Maron+Pacitan/@-8.204503,110.9526434,17z/data=!4m8!3m7!1s0x2e7bdc5940de0881:0x385aa8482534e59a!8m2!3d-8.2045083!4d110.9552183!9m1!1b1!16s%2Fg%2F11f06mb36n?entry=ttu&g_ep=EgoyMDI1MDMzMC4wIKXMDSoASAFQAw%3D%3D"",""5"",""Jawa Timur"",,""false"",""cakep poll gais, bisa ngerasain suasana tenang sambil denger kicauan burung🫶🏻 syahdu polll cocok untuk liburan bareng keluarga ataupun temen"",,""Sungai Maron Pacitan"",""4.7"",,""https://www.google.com/maps/search/?api=1&query=Sungai%20Maron%20Pacitan&query_place_id=ChIJgQjeQFncey4RmuU0JUioWjg"","
"Maron, Dersono, Kec. Pringkuku, Kabupaten Pacitan, Jawa Timur 63552, Indonesia,""Tujuan Wisata"",""Tujuan Wisata"",""4060743041843258778"",""Kabupaten Pacitan"",""ID"",""0x2e7bdc5940de0881:0x385aa8482534e59a"",""https://lh3.googleusercontent.com/p/AF1QipMNuPRl3Yiq7QhQIJCyERjVOIzFTXzxm5P_ScFH=w408-h306-k-no"",""false"",""false"",""id"",""0"",""-8.2045083"",""110.9552183"",,""Maron, Dersono, Kecamatan Pringkuku"",""id"",""false"",""ChIJgQjeQFncey4RmuU0JUioWjg"",""63552"",,""2 bulan lalu"",""2025-01-20T15:58:44.554Z"",,,,""Tidak"",""Maks 10 mnt"",""Akhir pekan"",,""https://lh3.googleusercontent.com/geougc-cs/AIHozJL2ghx6RsCZ6Ye6wd_IgpZBdhxLDwTDKjXn1geSNRuC5KUKJPlJ_i7Q1QxdeOKoKpE2GerOLBnkH6AiyRgnA43Q5TvDzRGxzR254Cu7N8_0vMAig3duEXn3ILrMM01Y3g21wmHv"",""https://lh3.googleusercontent.com/geougc-cs/AIHozJLnGczGUfiD3KqfDCpyDcm4rtzEhTg2gvXIPTCHgqntIMypZQ9mSGO4ndbynenjQgpvTQDabi5EaoduLG8yaEV0cOx0BCaLFfSknHRiIutlYFfvXDw4IKntqvTQhp1_G1dxpKND_w"",""https://lh3.googleusercontent.com/geougc-cs/AIHozJJqJAdsBgEs8WfmZRCl0mK8TWGwuIpg588n7oHyFJ0QfaBb4Uma-daouo1-YsvKwyJn0H48y1TZiPPApvU7Sa1ZoMr7Sk9k13PMpTcfRU8FXdNNgkw3sjxgzyZDbpyg8zvDSxw"",""https://lh3.googleusercontent.com/geougc-cs/AIHozJKfZfIFnxg6XDBZfzE-RXMgYLAUxABxZGgg0iFYD11SJIOjwnoh6IWPuJD_fCKWiTmB8wsVdBhE4oQB-GbKmPAMmvO1eiku9nzrVZqsXjhMlB1PlqDl408VuqdibF7FggKABClh1g"",""https://lh3.googleusercontent.com/geougc-cs/AIHozJLJIEwo5piDjGBlrB_OIAP1WdK0aYeznuL9iPuAR1mOCQyyocpwdfB_8UiY4RojIAHwFWMH5rSUgwFo04tjNhRGr2cLVV9btIy2Awk7Z2AU3V9X2eAZBcaTLN9AyqzUNsDjQN0"",""https://lh3.googleusercontent.com/geougc-cs/AIHozJJcSQmOM_Ml-V5Cz-WryCJPLTldgm49bZg47JjeCqHS0a6zObqokUJ4tDLSLmVeXTElkj013XNLqtNQt5hNY2kFEfjhxFhxudQH-dL8yTJ8kdwHTaMUvSGSlsU23D_Cw_OgRxaafA"",,,,,,,,,,,,,,,,,,,,,,,,,,,,,,,,,,,,,,,,,,,,,""Google"",,,""5"",,,""3741"",""2025-04-02T02:10:04.574Z"",""Direct Detail URL: https://www.google.com/maps/place/Sungai+Maron+Pacitan/@-8.204503,110.9526434,17z/data=!4m8!3m7!1s0x2e7bdc5940de0881:0x385aa8482534e59a!8m2!3d-8.2045083!4d110.9552183!9m1!1b1!16s%2Fg%2F11f06mb36n?entry=ttu&g_ep=EgoyMDI1MDMzMC4wIKXMDSoASAFQAw%3D%3D"",""5"",""Jawa Timur"",,""false"",""Tempatnya rekomndsi bgt,pelayanannya ramah,.. kapal byk... dan tidak sia2 jauh2 dateng kesini.."",,""Sungai Maron Pacitan"",""4.7"",,""https://www.google.com/maps/search/?api=1&query=Sungai%20Maron%20Pacitan&query_place_id=ChIJgQjeQFncey4RmuU0JUioWjg"","
"Maron, Dersono, Kec. Pringkuku, Kabupaten Pacitan, Jawa Timur 63552, Indonesia,""Tujuan Wisata"",""Tujuan Wisata"",""4060743041843258778"",""Kabupaten Pacitan"",""ID"",""0x2e7bdc5940de0881:0x385aa8482534e59a"",""https://lh3.googleusercontent.com/p/AF1QipMNuPRl3Yiq7QhQIJCyERjVOIzFTXzxm5P_ScFH=w408-h306-k-no"",""false"",""false"",""id"",""0"",""-8.2045083"",""110.9552183"",,""Maron, Dersono, Kecamatan Pringkuku"",,""false"",""ChIJgQjeQFncey4RmuU0JUioWjg"",""63552"",,""2 bulan lalu"",""2025-01-20T15:13:16.125Z"",,,,,,,,,,,,,,,,,,,,,,,,,,,,,,,,,,,,,,,,,,,,,,,,,,,,,,,,,,""Google"",,,""7"",,,""3741"",""2025-04-02T02:10:04.574Z"",""Direct Detail URL: https://www.google.com/maps/place/Sungai+Maron+Pacitan/@-8.204503,110.9526434,17z/data=!4m8!3m7!1s0x2e7bdc5940de0881:0x385aa8482534e59a!8m2!3d-8.2045083!4d110.9552183!9m1!1b1!16s%2Fg%2F11f06mb36n?entry=ttu&g_ep=EgoyMDI1MDMzMC4wIKXMDSoASAFQAw%3D%3D"",""5"",""Jawa Timur"",,""false"",,,""Sungai Maron Pacitan"",""4.7"",,""https://www.google.com/maps/search/?api=1&query=Sungai%20Maron%20Pacitan&query_place_id=ChIJgQjeQFncey4RmuU0JUioWjg"","
"Maron, Dersono, Kec. Pringkuku, Kabupaten Pacitan, Jawa Timur 63552, Indonesia,""Tujuan Wisata"",""Tujuan Wisata"",""4060743041843258778"",""Kabupaten Pacitan"",""ID"",""0x2e7bdc5940de0881:0x385aa8482534e59a"",""https://lh3.googleusercontent.com/p/AF1QipMNuPRl3Yiq7QhQIJCyERjVOIzFTXzxm5P_ScFH=w408-h306-k-no"",""false"",""true"",""id"",""0"",""-8.2045083"",""110.9552183"",,""Maron, Dersono, Kecamatan Pringkuku"",""id"",""false"",""ChIJgQjeQFncey4RmuU0JUioWjg"",""63552"",,""2 bulan lalu"",""2025-01-20T14:58:26.320Z"",,,,,,""Akhir pekan"",,""https://lh3.googleusercontent.com/geougc-cs/AIHozJJRICXuWSIUQGMN5D5gBdl_tCZ5ijbeoAMHtsngoSJ2oPPbsg1cUt4Xhw4wA7Ture0e1UoiMWdo6S9i3h1Tif4lThD8wPOp5j8PrOl5xEue2ayPZU3gs0QBipO8hX7z-1BtX1uC"",""https://lh3.googleusercontent.com/geougc-cs/AIHozJJOQCRrYLQ-W4CPTiypRjZpStP0CizIYD_PM3cMvx7sArom63zevGkiS_8Q5rDTdHbRSHVS-wMU5klYaT2CDPiEAfKXarqPclbyH4z7Up1q8cGUO86SIiKIZ6wajaOFqcCfvria"",""https://lh3.googleusercontent.com/geougc-cs/AIHozJL-qv3z1M7YW9r_cWRMR21LXAk1gdEVSho0hA6AZWpJBdKUeTHsYbCBh3bdHA1dA95v_HG7wiqAUYrKYMBk0kXwG5kb7iGiS2GvTWtgWnFVgC6txu2WbT_g_aOx4nuQuSCAB_M"",""https://lh3.googleusercontent.com/geougc-cs/AIHozJIfH0BVgGcCTjiu1ZImsXwlhhOVAEMiRr5K3h5yw58thzen2AgtR4BMcEFyo9szqHG3Z6SGHFwVocVBfG3QLnC9-tgi7qsh0iAtv8L2vdi6ThBSeNK4BlRU756Ua6mm8G6nDtyXkA"",""https://lh3.googleusercontent.com/geougc-cs/AIHozJLYDjSMCxPoBsiHfbzXYqvT4lKPQ0VroIN3EPcDrSLThmHbB96SXDJ8VcYmiS1Te_CQgY_qFvGL3FignVt8EiSGPB1Eme0c5jGqsB-J4NS7UjVCOwSeiduJ7ukTpraWkgZTuZwy"",""https://lh3.googleusercontent.com/geougc-cs/AIHozJL4UzqS-xS-UMq93cpsIqm8wl2SQcrYZjrtRZ4FBV6ncu65DTy6W7xYSS_XNz3RLt9IfMXrSjuR7BoMqKVgH10zf0VgT_pjhjdAE7x_5qg6vqZOg4R-yR5en9foGU9v-bPzwcK3"",""https://lh3.googleusercontent.com/geougc-cs/AIHozJI9kaFnFyI6vbcdFWgCL_qNfKIuxYWIy_so8OxsgqRNPilRSCMWtVd3yTZ_7iYqpSUsC7FQv9by8lEEoRhFakREWlM2i4b4thHl3MUx3G42HWuO6VQOOd0WCZhpXRC7udo0eIu8"",""https://lh3.googleusercontent.com/geougc-cs/AIHozJJlRGqKHsArB1IeVT42L-23he2wzEGQDg9y7_AmdNV5RrlJEr-oQqG64HhV8i8HSCQGBa9KgxfBoFWStsFXwbgAdxwUIP-jJCzrSzaY8t86KYsJAqIlzSnXOsPq8CRXUZuWtSa1Ww"",""https://lh3.googleusercontent.com/geougc-cs/AIHozJKhgEWAt6HHhTUhm_24b4JHBUAk063gg6-lDrdZEuYnU1p7SrMs1dZ7AGiMM9HwgO3dIykgn5-Oo_B-u0eCF933w_OA2vAhpwAlIiwx9AXvhvYEtL2JXBqT2RKy8PzjVpulX4A"",""https://lh3.googleusercontent.com/geougc-cs/AIHozJKKCsb74Ct4SQ1r6ZaSlTSYxu2ndeL-9EXB1iZ5O-CLMqV2RsYrmwlyVxyTHBDyxjk-GI3YuXvxJf80oOcmbXHTmwTA1SLGN_DGhdI_xlD0ZNVR8tSQ19pvqOpPLpu_NB2fe8RxwA"",,,,,,,,,,,,,,,,,,,,,,,,,,,,,,,,,,,,,,,,,""Google"",,,""27"",,,""3741"",""2025-04-02T02:10:04.574Z"",""Direct Detail URL: https://www.google.com/maps/place/Sungai+Maron+Pacitan/@-8.204503,110.9526434,17z/data=!4m8!3m7!1s0x2e7bdc5940de0881:0x385aa8482534e59a!8m2!3d-8.2045083!4d110.9552183!9m1!1b1!16s%2Fg%2F11f06mb36n?entry=ttu&g_ep=EgoyMDI1MDMzMC4wIKXMDSoASAFQAw%3D%3D"",""5"",""Jawa Timur"",,""false"",""Keindahan alam ciptaan Tuhan yang benar benar luar biasa. Jauh jauh datang ke sini ternyata sangat worth it. Alhamdulillah pas kesana airnya hijau jadi bagus buat di dokumentasikan. Htmnya juga affordable. Viewnya cantik sekali"",,""Sungai Maron Pacitan"",""4.7"",,""https://www.google.com/maps/search/?api=1&query=Sungai%20Maron%20Pacitan&query_place_id=ChIJgQjeQFncey4RmuU0JUioWjg"","
"Maron, Dersono, Kec. Pringkuku, Kabupaten Pacitan, Jawa Timur 63552, Indonesia,""Tujuan Wisata"",""Tujuan Wisata"",""4060743041843258778"",""Kabupaten Pacitan"",""ID"",""0x2e7bdc5940de0881:0x385aa8482534e59a"",""https://lh3.googleusercontent.com/p/AF1QipMNuPRl3Yiq7QhQIJCyERjVOIzFTXzxm5P_ScFH=w408-h306-k-no"",""false"",""false"",""id"",""0"",""-8.2045083"",""110.9552183"",,""Maron, Dersono, Kecamatan Pringkuku"",""id"",""false"",""ChIJgQjeQFncey4RmuU0JUioWjg"",""63552"",,""2 bulan lalu"",""2025-01-20T04:00:48.584Z"",,,,,,,,,,,,,,,,,,,,,,,,,,,,,,,,,,,,,,,,,,,,,,,,,,,,,,,,,,""Google"",,,""6"",,,""3741"",""2025-04-02T02:10:04.574Z"",""Direct Detail URL: https://www.google.com/maps/place/Sungai+Maron+Pacitan/@-8.204503,110.9526434,17z/data=!4m8!3m7!1s0x2e7bdc5940de0881:0x385aa8482534e59a!8m2!3d-8.2045083!4d110.9552183!9m1!1b1!16s%2Fg%2F11f06mb36n?entry=ttu&g_ep=EgoyMDI1MDMzMC4wIKXMDSoASAFQAw%3D%3D"",""5"",""Jawa Timur"",,""false"",""Sungainya bener bener bagus dan cantik banget 🩷"",,""Sungai Maron Pacitan"",""4.7"",,""https://www.google.com/maps/search/?api=1&query=Sungai%20Maron%20Pacitan&query_place_id=ChIJgQjeQFncey4RmuU0JUioWjg"","
"Maron, Dersono, Kec. Pringkuku, Kabupaten Pacitan, Jawa Timur 63552, Indonesia,""Tujuan Wisata"",""Tujuan Wisata"",""4060743041843258778"",""Kabupaten Pacitan"",""ID"",""0x2e7bdc5940de0881:0x385aa8482534e59a"",""https://lh3.googleusercontent.com/p/AF1QipMNuPRl3Yiq7QhQIJCyERjVOIzFTXzxm5P_ScFH=w408-h306-k-no"",""false"",""true"",""id"",""0"",""-8.2045083"",""110.9552183"",,""Maron, Dersono, Kecamatan Pringkuku"",""id"",""false"",""ChIJgQjeQFncey4RmuU0JUioWjg"",""63552"",,""2 bulan lalu"",""2025-01-19T06:37:53.115Z"",,,,""Tidak"",""10-30 mnt"",""Akhir pekan"",,,,,,,,,,,,,,,,,,,,,,,,,,,,,,,,,,,,,,,,,,,,,,,,,,,,""Google"",,,""86"",,,""3741"",""2025-04-02T02:10:04.574Z"",""Direct Detail URL: https://www.google.com/maps/place/Sungai+Maron+Pacitan/@-8.204503,110.9526434,17z/data=!4m8!3m7!1s0x2e7bdc5940de0881:0x385aa8482534e59a!8m2!3d-8.2045083!4d110.9552183!9m1!1b1!16s%2Fg%2F11f06mb36n?entry=ttu&g_ep=EgoyMDI1MDMzMC4wIKXMDSoASAFQAw%3D%3D"",""5"",""Jawa Timur"",,""false"",""Keren view & petualangan nya...."",,""Sungai Maron Pacitan"",""4.7"",,""https://www.google.com/maps/search/?api=1&query=Sungai%20Maron%20Pacitan&query_place_id=ChIJgQjeQFncey4RmuU0JUioWjg"","
"Maron, Dersono, Kec. Pringkuku, Kabupaten Pacitan, Jawa Timur 63552, Indonesia,""Tujuan Wisata"",""Tujuan Wisata"",""4060743041843258778"",""Kabupaten Pacitan"",""ID"",""0x2e7bdc5940de0881:0x385aa8482534e59a"",""https://lh3.googleusercontent.com/p/AF1QipMNuPRl3Yiq7QhQIJCyERjVOIzFTXzxm5P_ScFH=w408-h306-k-no"",""false"",""true"",""id"",""0"",""-8.2045083"",""110.9552183"",,""Maron, Dersono, Kecamatan Pringkuku"",,""false"",""ChIJgQjeQFncey4RmuU0JUioWjg"",""63552"",,""2 bulan lalu"",""2025-01-18T21:13:56.262Z"",,,,,,,,,,,,,,,,,,,,,,,,,,,,,,,,,,,,,,,,,,,,,,,,,,,,,,,,,,""Google"",,,""1"",,,""3741"",""2025-04-02T02:10:04.574Z"",""Direct Detail URL: https://www.google.com/maps/place/Sungai+Maron+Pacitan/@-8.204503,110.9526434,17z/data=!4m8!3m7!1s0x2e7bdc5940de0881:0x385aa8482534e59a!8m2!3d-8.2045083!4d110.9552183!9m1!1b1!16s%2Fg%2F11f06mb36n?entry=ttu&g_ep=EgoyMDI1MDMzMC4wIKXMDSoASAFQAw%3D%3D"",""5"",""Jawa Timur"",,""false"",,,""Sungai Maron Pacitan"",""4.7"",,""https://www.google.com/maps/search/?api=1&query=Sungai%20Maron%20Pacitan&query_place_id=ChIJgQjeQFncey4RmuU0JUioWjg"","
"Maron, Dersono, Kec. Pringkuku, Kabupaten Pacitan, Jawa Timur 63552, Indonesia,""Tujuan Wisata"",""Tujuan Wisata"",""4060743041843258778"",""Kabupaten Pacitan"",""ID"",""0x2e7bdc5940de0881:0x385aa8482534e59a"",""https://lh3.googleusercontent.com/p/AF1QipMNuPRl3Yiq7QhQIJCyERjVOIzFTXzxm5P_ScFH=w408-h306-k-no"",""false"",""false"",""id"",""0"",""-8.2045083"",""110.9552183"",,""Maron, Dersono, Kecamatan Pringkuku"",""en"",""false"",""ChIJgQjeQFncey4RmuU0JUioWjg"",""63552"",,""2 bulan lalu"",""2025-01-17T13:20:17.606Z"",,,,,,,,""https://lh3.googleusercontent.com/geougc-cs/AIHozJJafBVgyF585ZPH3uXJhyctL2d1PVY4DPPy6KrT30slzCBwfm6YZ8QY7h5F6cmdDo2qgGEcGTTwhGMm-GRFTwREDAKIlovJyaKyIah05Og0uKRsu_hA5QYrMxMO53KBY7Lv0vk5"",""https://lh3.googleusercontent.com/geougc-cs/AIHozJKMhzxK8aTWnoaXYYgkiVp_bBzc1vsRfN7C8QTuGpYDT5SOpoO_R6tTi5wOdjtLpO0WsT0XWzc6V3R8T1PIRk9oO987LW2bpYx4CaWOZ_dYhVAuMmTrHgAQQkREISbm_y_YFbbd1Q"",""https://lh3.googleusercontent.com/geougc-cs/AIHozJKhSEnMhSlGfo4JE1BthdoU0bLs8hhAjSOpEcM2WhKyKqchfwsi_UeWsc3WCDx3_tjHP_pZXzZ3gdBbhPGYtoDyQwePRQ3OKrK5EhQWhYapu9_EaqoHHqZ-htyMmBSrlqvxvWFa"",""https://lh3.googleusercontent.com/geougc-cs/AIHozJJ4jfk0MiSjzA6nBsAq7ZPAK9kpa8LHWErgaVEVAQBP-X5jXcRijJHvZnG1CyGkIT3sLUuslCYek7k7n2ZYkW9zPteBJ2jqdcJkeNILMjOF787SWiHtTFmGZpsF-LJa8l31C3AImA"",,,,,,,,,,,,,,,,,,,,,,,,,,,,,,,,,,,,,,,,,,,,,,,""Google"",,,""5"",,,""3741"",""2025-04-02T02:10:04.574Z"",""Direct Detail URL: https://www.google.com/maps/place/Sungai+Maron+Pacitan/@-8.204503,110.9526434,17z/data=!4m8!3m7!1s0x2e7bdc5940de0881:0x385aa8482534e59a!8m2!3d-8.2045083!4d110.9552183!9m1!1b1!16s%2Fg%2F11f06mb36n?entry=ttu&g_ep=EgoyMDI1MDMzMC4wIKXMDSoASAFQAw%3D%3D"",""5"",""Jawa Timur"",,""false"",""Maron River in Pacitan is an amazing natural destination! The atmosphere is serene, with clear water and lush greenery along the riverbanks. You can enjoy its beauty by taking a boat ride. Perfect for a family getaway or a quick escape from daily routines. A must-visit when in Pacitan!"",""Sungai Maron di Pacitan adalah destinasi alam yang menakjubkan! Suasananya tenang, airnya jernih, dan tanaman hijau subur di sepanjang bantaran sungai. Anda bisa menikmati keindahannya dengan menaiki perahu. Sangat cocok untuk liburan keluarga atau pelarian singkat dari rutinitas sehari - hari. Wajib dikunjungi saat ke Pacitan!"",""Sungai Maron Pacitan"",""4.7"",""id"",""https://www.google.com/maps/search/?api=1&query=Sungai%20Maron%20Pacitan&query_place_id=ChIJgQjeQFncey4RmuU0JUioWjg"","
"Maron, Dersono, Kec. Pringkuku, Kabupaten Pacitan, Jawa Timur 63552, Indonesia,""Tujuan Wisata"",""Tujuan Wisata"",""4060743041843258778"",""Kabupaten Pacitan"",""ID"",""0x2e7bdc5940de0881:0x385aa8482534e59a"",""https://lh3.googleusercontent.com/p/AF1QipMNuPRl3Yiq7QhQIJCyERjVOIzFTXzxm5P_ScFH=w408-h306-k-no"",""false"",""false"",""id"",""0"",""-8.2045083"",""110.9552183"",,""Maron, Dersono, Kecamatan Pringkuku"",,""false"",""ChIJgQjeQFncey4RmuU0JUioWjg"",""63552"",,""2 bulan lalu"",""2025-01-17T10:10:20.607Z"",,,,,,,,,,,,,,,,,,,,,,,,,,,,,,,,,,,,,,,,,,,,,,,,,,,,,,,,,,""Google"",,,""0"",,,""3741"",""2025-04-02T02:10:04.574Z"",""Direct Detail URL: https://www.google.com/maps/place/Sungai+Maron+Pacitan/@-8.204503,110.9526434,17z/data=!4m8!3m7!1s0x2e7bdc5940de0881:0x385aa8482534e59a!8m2!3d-8.2045083!4d110.9552183!9m1!1b1!16s%2Fg%2F11f06mb36n?entry=ttu&g_ep=EgoyMDI1MDMzMC4wIKXMDSoASAFQAw%3D%3D"",""5"",""Jawa Timur"",,""false"",,,""Sungai Maron Pacitan"",""4.7"",,""https://www.google.com/maps/search/?api=1&query=Sungai%20Maron%20Pacitan&query_place_id=ChIJgQjeQFncey4RmuU0JUioWjg"","
"Maron, Dersono, Kec. Pringkuku, Kabupaten Pacitan, Jawa Timur 63552, Indonesia,""Tujuan Wisata"",""Tujuan Wisata"",""4060743041843258778"",""Kabupaten Pacitan"",""ID"",""0x2e7bdc5940de0881:0x385aa8482534e59a"",""https://lh3.googleusercontent.com/p/AF1QipMNuPRl3Yiq7QhQIJCyERjVOIzFTXzxm5P_ScFH=w408-h306-k-no"",""false"",""true"",""id"",""0"",""-8.2045083"",""110.9552183"",,""Maron, Dersono, Kecamatan Pringkuku"",,""false"",""ChIJgQjeQFncey4RmuU0JUioWjg"",""63552"",,""2 bulan lalu"",""2025-01-17T08:37:15.880Z"",,,,""Tidak"",""Tanpa mengantre"",""Akhir pekan"",,,,,,,,,,,,,,,,,,,,,,,,,,,,,,,,,,,,,,,,,,,,,,,,,,,,""Google"",,,""184"",,,""3741"",""2025-04-02T02:10:04.574Z"",""Direct Detail URL: https://www.google.com/maps/place/Sungai+Maron+Pacitan/@-8.204503,110.9526434,17z/data=!4m8!3m7!1s0x2e7bdc5940de0881:0x385aa8482534e59a!8m2!3d-8.2045083!4d110.9552183!9m1!1b1!16s%2Fg%2F11f06mb36n?entry=ttu&g_ep=EgoyMDI1MDMzMC4wIKXMDSoASAFQAw%3D%3D"",""4"",""Jawa Timur"",,""false"",,,""Sungai Maron Pacitan"",""4.7"",,""https://www.google.com/maps/search/?api=1&query=Sungai%20Maron%20Pacitan&query_place_id=ChIJgQjeQFncey4RmuU0JUioWjg"","
"Maron, Dersono, Kec. Pringkuku, Kabupaten Pacitan, Jawa Timur 63552, Indonesia,""Tujuan Wisata"",""Tujuan Wisata"",""4060743041843258778"",""Kabupaten Pacitan"",""ID"",""0x2e7bdc5940de0881:0x385aa8482534e59a"",""https://lh3.googleusercontent.com/p/AF1QipMNuPRl3Yiq7QhQIJCyERjVOIzFTXzxm5P_ScFH=w408-h306-k-no"",""false"",""true"",""id"",""0"",""-8.2045083"",""110.9552183"",,""Maron, Dersono, Kecamatan Pringkuku"",,""false"",""ChIJgQjeQFncey4RmuU0JUioWjg"",""63552"",,""2 bulan lalu"",""2025-01-17T00:11:13.967Z"",,,,,""Tanpa mengantre"",""Hari libur nasional"",,,,,,,,,,,,,,,,,,,,,,,,,,,,,,,,,,,,,,,,,,,,,,,,,,,,""Google"",,,""28"",,,""3741"",""2025-04-02T02:10:04.574Z"",""Direct Detail URL: https://www.google.com/maps/place/Sungai+Maron+Pacitan/@-8.204503,110.9526434,17z/data=!4m8!3m7!1s0x2e7bdc5940de0881:0x385aa8482534e59a!8m2!3d-8.2045083!4d110.9552183!9m1!1b1!16s%2Fg%2F11f06mb36n?entry=ttu&g_ep=EgoyMDI1MDMzMC4wIKXMDSoASAFQAw%3D%3D"",""5"",""Jawa Timur"",,""false"",,,""Sungai Maron Pacitan"",""4.7"",,""https://www.google.com/maps/search/?api=1&query=Sungai%20Maron%20Pacitan&query_place_id=ChIJgQjeQFncey4RmuU0JUioWjg"","
"Maron, Dersono, Kec. Pringkuku, Kabupaten Pacitan, Jawa Timur 63552, Indonesia,""Tujuan Wisata"",""Tujuan Wisata"",""4060743041843258778"",""Kabupaten Pacitan"",""ID"",""0x2e7bdc5940de0881:0x385aa8482534e59a"",""https://lh3.googleusercontent.com/p/AF1QipMNuPRl3Yiq7QhQIJCyERjVOIzFTXzxm5P_ScFH=w408-h306-k-no"",""false"",""false"",""id"",""0"",""-8.2045083"",""110.9552183"",,""Maron, Dersono, Kecamatan Pringkuku"",,""false"",""ChIJgQjeQFncey4RmuU0JUioWjg"",""63552"",,""2 bulan lalu"",""2025-01-16T03:32:35.707Z"",,,,,,,,,,,,,,,,,,,,,,,,,,,,,,,,,,,,,,,,,,,,,,,,,,,,,,,,,,""Google"",,,""0"",,,""3741"",""2025-04-02T02:10:04.574Z"",""Direct Detail URL: https://www.google.com/maps/place/Sungai+Maron+Pacitan/@-8.204503,110.9526434,17z/data=!4m8!3m7!1s0x2e7bdc5940de0881:0x385aa8482534e59a!8m2!3d-8.2045083!4d110.9552183!9m1!1b1!16s%2Fg%2F11f06mb36n?entry=ttu&g_ep=EgoyMDI1MDMzMC4wIKXMDSoASAFQAw%3D%3D"",""5"",""Jawa Timur"",,""false"",,,""Sungai Maron Pacitan"",""4.7"",,""https://www.google.com/maps/search/?api=1&query=Sungai%20Maron%20Pacitan&query_place_id=ChIJgQjeQFncey4RmuU0JUioWjg"","
"Maron, Dersono, Kec. Pringkuku, Kabupaten Pacitan, Jawa Timur 63552, Indonesia,""Tujuan Wisata"",""Tujuan Wisata"",""4060743041843258778"",""Kabupaten Pacitan"",""ID"",""0x2e7bdc5940de0881:0x385aa8482534e59a"",""https://lh3.googleusercontent.com/p/AF1QipMNuPRl3Yiq7QhQIJCyERjVOIzFTXzxm5P_ScFH=w408-h306-k-no"",""false"",""true"",""id"",""0"",""-8.2045083"",""110.9552183"",,""Maron, Dersono, Kecamatan Pringkuku"",""id"",""false"",""ChIJgQjeQFncey4RmuU0JUioWjg"",""63552"",,""2 bulan lalu"",""2025-01-14T05:44:36.776Z"",,,,""Tidak"",""Maks 10 mnt"",""Akhir pekan"",,""https://lh3.googleusercontent.com/geougc-cs/AIHozJJE0vSlTFVLovxJQEyb_KANFk5K4I6c_OE6vrPPffeaex39BYMuMHTcTQTqmJLNBqTKC61gVZYYkD38EaSqoW2PjICgoT-y8dxBMQdNtTrE_pgbGFOBAbSivLtNQnG1Z6xBRsIw"",""https://lh3.googleusercontent.com/geougc-cs/AIHozJJv_v3Db-LB4eFnTyaEy1h-Y7Y7ubI44RoePOCsUBlf9CHq7eK760_KoyhF3DPtVdu0tyEcH9d6YM0BSPkJayHFsuI30ybQ_2zi7lvH0oGiwHG_Hp-dQ3ekbmlSAJZa89ENo9Lg"",,,,,,,,,,,,,,,,,,,,,,,,,,,,,,,,,,,,,,,,,,,,,,,,,""Google"",,,""37"",,,""3741"",""2025-04-02T02:10:04.574Z"",""Direct Detail URL: https://www.google.com/maps/place/Sungai+Maron+Pacitan/@-8.204503,110.9526434,17z/data=!4m8!3m7!1s0x2e7bdc5940de0881:0x385aa8482534e59a!8m2!3d-8.2045083!4d110.9552183!9m1!1b1!16s%2Fg%2F11f06mb36n?entry=ttu&g_ep=EgoyMDI1MDMzMC4wIKXMDSoASAFQAw%3D%3D"",""5"",""Jawa Timur"",,""false"",""Jika musim hujan, potensi air berwarna coklat... Lebih baik jika kesini saat musim kemarau."",,""Sungai Maron Pacitan"",""4.7"",,""https://www.google.com/maps/search/?api=1&query=Sungai%20Maron%20Pacitan&query_place_id=ChIJgQjeQFncey4RmuU0JUioWjg"","
"Maron, Dersono, Kec. Pringkuku, Kabupaten Pacitan, Jawa Timur 63552, Indonesia,""Tujuan Wisata"",""Tujuan Wisata"",""4060743041843258778"",""Kabupaten Pacitan"",""ID"",""0x2e7bdc5940de0881:0x385aa8482534e59a"",""https://lh3.googleusercontent.com/p/AF1QipMNuPRl3Yiq7QhQIJCyERjVOIzFTXzxm5P_ScFH=w408-h306-k-no"",""false"",""true"",""id"",""0"",""-8.2045083"",""110.9552183"",,""Maron, Dersono, Kecamatan Pringkuku"",""id"",""false"",""ChIJgQjeQFncey4RmuU0JUioWjg"",""63552"",,""2 bulan lalu"",""2025-01-13T14:14:43.889Z"",,,,,,,,""https://lh3.googleusercontent.com/geougc-cs/AIHozJLCP40YafjoZQ037IVwoRMRIKjRJW480IVREVcXJn5v5gFOKLcaVXvBHDc6ONdi1rHteU2heQPHFkVx1YFYYJqp2HPDzkBsdyaSgEmGFYyWO0ux8gQQs2MRGgBtdSh5nz9YZI07"",""https://lh3.googleusercontent.com/geougc-cs/AIHozJK_YXPUBQ5kK4PZ5e3Eu9fCVf2kloPBZzBcGEA6YJc941XUylt5468KHlK-kF0Wqm41uaK1y07CSdcgEbFEi9CRam45d1-wEOxea7TfJWH6OADKYqsMHaqzK0Jiqhe0v6XEaKqT"",,,,,,,,,,,,,,,,,,,,,,,,,,,,,,,,,,,,,,,,,,,,,,,,,""Google"",,,""151"",,,""3741"",""2025-04-02T02:10:04.574Z"",""Direct Detail URL: https://www.google.com/maps/place/Sungai+Maron+Pacitan/@-8.204503,110.9526434,17z/data=!4m8!3m7!1s0x2e7bdc5940de0881:0x385aa8482534e59a!8m2!3d-8.2045083!4d110.9552183!9m1!1b1!16s%2Fg%2F11f06mb36n?entry=ttu&g_ep=EgoyMDI1MDMzMC4wIKXMDSoASAFQAw%3D%3D"",""5"",""Jawa Timur"",,""false"",""Cocok buat liburan keluarga,"
"Lebih bagus kalau musim kemarau air sungai bening"",,""Sungai Maron Pacitan"",""4.7"",,""https://www.google.com/maps/search/?api=1&query=Sungai%20Maron%20Pacitan&query_place_id=ChIJgQjeQFncey4RmuU0JUioWjg"","
"Maron, Dersono, Kec. Pringkuku, Kabupaten Pacitan, Jawa Timur 63552, Indonesia,""Tujuan Wisata"",""Tujuan Wisata"",""4060743041843258778"",""Kabupaten Pacitan"",""ID"",""0x2e7bdc5940de0881:0x385aa8482534e59a"",""https://lh3.googleusercontent.com/p/AF1QipMNuPRl3Yiq7QhQIJCyERjVOIzFTXzxm5P_ScFH=w408-h306-k-no"",""false"",""false"",""id"",""0"",""-8.2045083"",""110.9552183"",,""Maron, Dersono, Kecamatan Pringkuku"",""id"",""false"",""ChIJgQjeQFncey4RmuU0JUioWjg"",""63552"",,""2 bulan lalu"",""2025-01-13T03:24:35.512Z"",,,,""Tidak"",""Tanpa mengantre"",""Akhir pekan"",,""https://lh3.googleusercontent.com/geougc-cs/AIHozJJ7m_r4124-WWUtyudkOFe2N2ttoVqxbTU0SyI5U-i_x4v3qKvjnbaZ0-X7-o-AH9o8byW22IKLx1jEGAC6p93axkGrcJ87c8DJ5WF1TF3p02hIp-TnR4BE533Mi7Eh1sZqeJT9"",""https://lh3.googleusercontent.com/geougc-cs/AIHozJKNNjcLXhVZgKYg0khU29GDo3Ie-tZVsMVNRnHWvoWPioR3torfacqJBXT1JRnXeSEgBQf_OY9WUjczqxBCbOyYiWRFL4QcHQzVebWbdvcdEfIh6YjLt3xxXNg5745ikzbt2nWi"",""https://lh3.googleusercontent.com/geougc-cs/AIHozJLf0oO5xPYwYDzw__ue29E10or3YZgh3y_-KAfr9WhcPWZcqXJLTXYIm-mwklxb6WGDR00HkaZ6C39YJ08VBv4L8KHP26VS568JDRODb4SFS8zRPUvzWJ-5rBNDg6FY8oWdsLV2"",,,,,,,,,,,,,,,,,,,,,,,,,,,,,,,,,,,,,,,,,,,,,,,,""Google"",,,""2"",,,""3741"",""2025-04-02T02:10:04.574Z"",""Direct Detail URL: https://www.google.com/maps/place/Sungai+Maron+Pacitan/@-8.204503,110.9526434,17z/data=!4m8!3m7!1s0x2e7bdc5940de0881:0x385aa8482534e59a!8m2!3d-8.2045083!4d110.9552183!9m1!1b1!16s%2Fg%2F11f06mb36n?entry=ttu&g_ep=EgoyMDI1MDMzMC4wIKXMDSoASAFQAw%3D%3D"",""5"",""Jawa Timur"",,""false"",""Mantab,,mas sopir perahunya ramah"",,""Sungai Maron Pacitan"",""4.7"",,""https://www.google.com/maps/search/?api=1&query=Sungai%20Maron%20Pacitan&query_place_id=ChIJgQjeQFncey4RmuU0JUioWjg"","
"Maron, Dersono, Kec. Pringkuku, Kabupaten Pacitan, Jawa Timur 63552, Indonesia,""Tujuan Wisata"",""Tujuan Wisata"",""4060743041843258778"",""Kabupaten Pacitan"",""ID"",""0x2e7bdc5940de0881:0x385aa8482534e59a"",""https://lh3.googleusercontent.com/p/AF1QipMNuPRl3Yiq7QhQIJCyERjVOIzFTXzxm5P_ScFH=w408-h306-k-no"",""false"",""true"",""id"",""0"",""-8.2045083"",""110.9552183"",,""Maron, Dersono, Kecamatan Pringkuku"",""id"",""false"",""ChIJgQjeQFncey4RmuU0JUioWjg"",""63552"",,""2 bulan lalu"",""2025-01-12T23:28:44.505Z"",,,,,,""Akhir pekan"",,""https://lh3.googleusercontent.com/geougc-cs/AIHozJIrFO9b2LTqVFzoebT6QqiRVIVL7rCjWi8uurS4SQZcfK8adVZEa7Jdruny_pBG8GWRCZMFkrjiHjnk4KBza6cHhHJxWDpT87TYC0EyEHXCRUibo4xfdQn0v94EA2jduI9yy3SbRg"",""https://lh3.googleusercontent.com/geougc-cs/AIHozJIve9mL3dFpo1sql89dzkx8Mz_T476u1bSY6CNQuVoP7wkjkh-vJhFpd_Itq02bvLKxWpMjohBqzDJHEKO3c4VNde9VcrL7FxwFOK7z0RVNMnBzzeO1fqTzNezjr94OpqRU-cG8"",""https://lh3.googleusercontent.com/geougc-cs/AIHozJIzMw3n5T8gACYEcn1P976jqij6LU9owZsT-dGGdiW_4Gb5IHXpJTt3mw5XSO72rERzlYOOxMZA3Wx_KNttT7ObjV3LXBDmD32Kg_fCVRc6q1FV0v2y3OyZ_yOeAdDdgnstGcQf"",,,,,,,,,,,,,,,,,,,,,,,,,,,,,,,,,,,,,,,,,,,,,,,,""Google"",,,""24"",,,""3741"",""2025-04-02T02:10:04.574Z"",""Direct Detail URL: https://www.google.com/maps/place/Sungai+Maron+Pacitan/@-8.204503,110.9526434,17z/data=!4m8!3m7!1s0x2e7bdc5940de0881:0x385aa8482534e59a!8m2!3d-8.2045083!4d110.9552183!9m1!1b1!16s%2Fg%2F11f06mb36n?entry=ttu&g_ep=EgoyMDI1MDMzMC4wIKXMDSoASAFQAw%3D%3D"",""5"",""Jawa Timur"",,""false"",""Kerenn, aku suka sih petualang naik perahu"",,""Sungai Maron Pacitan"",""4.7"",,""https://www.google.com/maps/search/?api=1&query=Sungai%20Maron%20Pacitan&query_place_id=ChIJgQjeQFncey4RmuU0JUioWjg"","
"Maron, Dersono, Kec. Pringkuku, Kabupaten Pacitan, Jawa Timur 63552, Indonesia,""Tujuan Wisata"",""Tujuan Wisata"",""4060743041843258778"",""Kabupaten Pacitan"",""ID"",""0x2e7bdc5940de0881:0x385aa8482534e59a"",""https://lh3.googleusercontent.com/p/AF1QipMNuPRl3Yiq7QhQIJCyERjVOIzFTXzxm5P_ScFH=w408-h306-k-no"",""false"",""true"",""id"",""0"",""-8.2045083"",""110.9552183"",,""Maron, Dersono, Kecamatan Pringkuku"",""id"",""false"",""ChIJgQjeQFncey4RmuU0JUioWjg"",""63552"",,""2 bulan lalu"",""2025-01-12T00:29:30.165Z"",,,,,,,,,,,,,,,,,,,,,,,,,,,,,,,,,,,,,,,,,,,,,,,,,,,,,,,,,,""Google"",,,""23"",,,""3741"",""2025-04-02T02:10:04.574Z"",""Direct Detail URL: https://www.google.com/maps/place/Sungai+Maron+Pacitan/@-8.204503,110.9526434,17z/data=!4m8!3m7!1s0x2e7bdc5940de0881:0x385aa8482534e59a!8m2!3d-8.2045083!4d110.9552183!9m1!1b1!16s%2Fg%2F11f06mb36n?entry=ttu&g_ep=EgoyMDI1MDMzMC4wIKXMDSoASAFQAw%3D%3D"",""5"",""Jawa Timur"",,""false"",""Rekomendasi yang suka main kesungai"",,""Sungai Maron Pacitan"",""4.7"",,""https://www.google.com/maps/search/?api=1&query=Sungai%20Maron%20Pacitan&query_place_id=ChIJgQjeQFncey4RmuU0JUioWjg"","
"Maron, Dersono, Kec. Pringkuku, Kabupaten Pacitan, Jawa Timur 63552, Indonesia,""Tujuan Wisata"",""Tujuan Wisata"",""4060743041843258778"",""Kabupaten Pacitan"",""ID"",""0x2e7bdc5940de0881:0x385aa8482534e59a"",""https://lh3.googleusercontent.com/p/AF1QipMNuPRl3Yiq7QhQIJCyERjVOIzFTXzxm5P_ScFH=w408-h306-k-no"",""false"",""false"",""id"",""0"",""-8.2045083"",""110.9552183"",,""Maron, Dersono, Kecamatan Pringkuku"",,""false"",""ChIJgQjeQFncey4RmuU0JUioWjg"",""63552"",,""2 bulan lalu"",""2025-01-11T11:54:38.886Z"",,,,,,,,,,,,,,,,,,,,,,,,,,,,,,,,,,,,,,,,,,,,,,,,,,,,,,,,,,""Google"",,,""3"",,,""3741"",""2025-04-02T02:10:04.574Z"",""Direct Detail URL: https://www.google.com/maps/place/Sungai+Maron+Pacitan/@-8.204503,110.9526434,17z/data=!4m8!3m7!1s0x2e7bdc5940de0881:0x385aa8482534e59a!8m2!3d-8.2045083!4d110.9552183!9m1!1b1!16s%2Fg%2F11f06mb36n?entry=ttu&g_ep=EgoyMDI1MDMzMC4wIKXMDSoASAFQAw%3D%3D"",""4"",""Jawa Timur"",,""false"",,,""Sungai Maron Pacitan"",""4.7"",,""https://www.google.com/maps/search/?api=1&query=Sungai%20Maron%20Pacitan&query_place_id=ChIJgQjeQFncey4RmuU0JUioWjg"","
"Maron, Dersono, Kec. Pringkuku, Kabupaten Pacitan, Jawa Timur 63552, Indonesia,""Tujuan Wisata"",""Tujuan Wisata"",""4060743041843258778"",""Kabupaten Pacitan"",""ID"",""0x2e7bdc5940de0881:0x385aa8482534e59a"",""https://lh3.googleusercontent.com/p/AF1QipMNuPRl3Yiq7QhQIJCyERjVOIzFTXzxm5P_ScFH=w408-h306-k-no"",""false"",""false"",""id"",""0"",""-8.2045083"",""110.9552183"",,""Maron, Dersono, Kecamatan Pringkuku"",""id"",""false"",""ChIJgQjeQFncey4RmuU0JUioWjg"",""63552"",,""2 bulan lalu"",""2025-01-11T05:33:54.123Z"",,,,,,,,,,,,,,,,,,,,,,,,,,,,,,,,,,,,,,,,,,,,,,,,,,,,,,,,,,""Google"",,,""4"",,,""3741"",""2025-04-02T02:10:04.574Z"",""Direct Detail URL: https://www.google.com/maps/place/Sungai+Maron+Pacitan/@-8.204503,110.9526434,17z/data=!4m8!3m7!1s0x2e7bdc5940de0881:0x385aa8482534e59a!8m2!3d-8.2045083!4d110.9552183!9m1!1b1!16s%2Fg%2F11f06mb36n?entry=ttu&g_ep=EgoyMDI1MDMzMC4wIKXMDSoASAFQAw%3D%3D"",""5"",""Jawa Timur"",,""false"",""Sangat seru dan cocok untuk jalan jalan bersama keluarga... Teman saudara..  Tau komunitas kalian..."",,""Sungai Maron Pacitan"",""4.7"",,""https://www.google.com/maps/search/?api=1&query=Sungai%20Maron%20Pacitan&query_place_id=ChIJgQjeQFncey4RmuU0JUioWjg"","
"Maron, Dersono, Kec. Pringkuku, Kabupaten Pacitan, Jawa Timur 63552, Indonesia,""Tujuan Wisata"",""Tujuan Wisata"",""4060743041843258778"",""Kabupaten Pacitan"",""ID"",""0x2e7bdc5940de0881:0x385aa8482534e59a"",""https://lh3.googleusercontent.com/p/AF1QipMNuPRl3Yiq7QhQIJCyERjVOIzFTXzxm5P_ScFH=w408-h306-k-no"",""false"",""true"",""id"",""0"",""-8.2045083"",""110.9552183"",,""Maron, Dersono, Kecamatan Pringkuku"",,""false"",""ChIJgQjeQFncey4RmuU0JUioWjg"",""63552"",,""2 bulan lalu"",""2025-01-11T01:44:14.402Z"",,,,""Tidak"",""Tanpa mengantre"",""Akhir pekan"",,,,,,,,,,,,,,,,,,,,,,,,,,,,,,,,,,,,,,,,,,,,,,,,,,,,""Google"",,,""8"",,,""3741"",""2025-04-02T02:10:04.574Z"",""Direct Detail URL: https://www.google.com/maps/place/Sungai+Maron+Pacitan/@-8.204503,110.9526434,17z/data=!4m8!3m7!1s0x2e7bdc5940de0881:0x385aa8482534e59a!8m2!3d-8.2045083!4d110.9552183!9m1!1b1!16s%2Fg%2F11f06mb36n?entry=ttu&g_ep=EgoyMDI1MDMzMC4wIKXMDSoASAFQAw%3D%3D"",""5"",""Jawa Timur"",,""false"",,,""Sungai Maron Pacitan"",""4.7"",,""https://www.google.com/maps/search/?api=1&query=Sungai%20Maron%20Pacitan&query_place_id=ChIJgQjeQFncey4RmuU0JUioWjg"","
"Maron, Dersono, Kec. Pringkuku, Kabupaten Pacitan, Jawa Timur 63552, Indonesia,""Tujuan Wisata"",""Tujuan Wisata"",""4060743041843258778"",""Kabupaten Pacitan"",""ID"",""0x2e7bdc5940de0881:0x385aa8482534e59a"",""https://lh3.googleusercontent.com/p/AF1QipMNuPRl3Yiq7QhQIJCyERjVOIzFTXzxm5P_ScFH=w408-h306-k-no"",""false"",""true"",""id"",""0"",""-8.2045083"",""110.9552183"",,""Maron, Dersono, Kecamatan Pringkuku"",""id"",""false"",""ChIJgQjeQFncey4RmuU0JUioWjg"",""63552"",,""2 bulan lalu"",""2025-01-10T13:38:00.246Z"",,,,,,,,,,,,,,,,,,,,,,,,,,,,,,,,,,,,,,,,,,,,,,,,,,,,,,,,,,""Google"",,,""656"",,,""3741"",""2025-04-02T02:10:04.574Z"",""Direct Detail URL: https://www.google.com/maps/place/Sungai+Maron+Pacitan/@-8.204503,110.9526434,17z/data=!4m8!3m7!1s0x2e7bdc5940de0881:0x385aa8482534e59a!8m2!3d-8.2045083!4d110.9552183!9m1!1b1!16s%2Fg%2F11f06mb36n?entry=ttu&g_ep=EgoyMDI1MDMzMC4wIKXMDSoASAFQAw%3D%3D"",""5"",""Jawa Timur"",,""false"",""Gak ke sungai nya."",,""Sungai Maron Pacitan"",""4.7"",,""https://www.google.com/maps/search/?api=1&query=Sungai%20Maron%20Pacitan&query_place_id=ChIJgQjeQFncey4RmuU0JUioWjg"","
"Maron, Dersono, Kec. Pringkuku, Kabupaten Pacitan, Jawa Timur 63552, Indonesia,""Tujuan Wisata"",""Tujuan Wisata"",""4060743041843258778"",""Kabupaten Pacitan"",""ID"",""0x2e7bdc5940de0881:0x385aa8482534e59a"",""https://lh3.googleusercontent.com/p/AF1QipMNuPRl3Yiq7QhQIJCyERjVOIzFTXzxm5P_ScFH=w408-h306-k-no"",""false"",""true"",""id"",""0"",""-8.2045083"",""110.9552183"",,""Maron, Dersono, Kecamatan Pringkuku"",,""false"",""ChIJgQjeQFncey4RmuU0JUioWjg"",""63552"",,""2 bulan lalu"",""2025-01-10T11:38:14.353Z"",,,,,""10-30 mnt"",,,,,,,,,,,,,,,,,,,,,,,,,,,,,,,,,,,,,,,,,,,,,,,,,,,,,""Google"",,,""6"",,,""3741"",""2025-04-02T02:10:04.574Z"",""Direct Detail URL: https://www.google.com/maps/place/Sungai+Maron+Pacitan/@-8.204503,110.9526434,17z/data=!4m8!3m7!1s0x2e7bdc5940de0881:0x385aa8482534e59a!8m2!3d-8.2045083!4d110.9552183!9m1!1b1!16s%2Fg%2F11f06mb36n?entry=ttu&g_ep=EgoyMDI1MDMzMC4wIKXMDSoASAFQAw%3D%3D"",""5"",""Jawa Timur"",,""false"",,,""Sungai Maron Pacitan"",""4.7"",,""https://www.google.com/maps/search/?api=1&query=Sungai%20Maron%20Pacitan&query_place_id=ChIJgQjeQFncey4RmuU0JUioWjg"","
"Maron, Dersono, Kec. Pringkuku, Kabupaten Pacitan, Jawa Timur 63552, Indonesia,""Tujuan Wisata"",""Tujuan Wisata"",""4060743041843258778"",""Kabupaten Pacitan"",""ID"",""0x2e7bdc5940de0881:0x385aa8482534e59a"",""https://lh3.googleusercontent.com/p/AF1QipMNuPRl3Yiq7QhQIJCyERjVOIzFTXzxm5P_ScFH=w408-h306-k-no"",""false"",""true"",""id"",""0"",""-8.2045083"",""110.9552183"",,""Maron, Dersono, Kecamatan Pringkuku"",""id"",""false"",""ChIJgQjeQFncey4RmuU0JUioWjg"",""63552"",,""2 bulan lalu"",""2025-01-10T08:02:28.949Z"",,,,""Ya"",""10-30 mnt"",""Hari libur nasional"",,""https://lh3.googleusercontent.com/geougc-cs/AIHozJIYS_hLLudheszX10rueqpoVie9ZQRKGgBHTrNcWZ4cfTZ8U-864ICVd-Wnhx_ZpAUaDIOy_m50Q1ipVxZjy4bqI5RqoqoPpof9GLbAnQXDJTD-5McSj2TjbrtblZGc1JU4iYUkaw"",""https://lh3.googleusercontent.com/geougc-cs/AIHozJIv0Cinzb10c4p_XhUrvDhsbkWRhbVR-K-yQM7r4nLtEZEX4fd0GxqBqqJsY0sDwCnQYimDWpHyElpXr7YaJFSmE4M4efBi5gwEoDHxz8DQpFV5IXQbnPfiGJpGm8w1curi1V3N"",""https://lh3.googleusercontent.com/geougc-cs/AIHozJLcVVzf9sy8rq5y6kcXxUxpg6qeoRJikAJ9lczcyRUY39od77dz2xhnRfLR8J6-kvk88b2jutL_snT6av2KGffmDAYB2hYTzoSRyqwDtw2onCPfeFT1rA32xmpDP3okndbGTNhhqA"",""https://lh3.googleusercontent.com/geougc-cs/AIHozJJlvUvaUzPpOKjpeinLx60R1TIK5R6vaD9eiQFs5WJeso6ytjEmARKnXFlvnhM7RZURVRwyjHLcxqMc3nepowLqte2N5Dfbbzq4BY36e3qsT4A9RSYBUzBxr_3_-IPd3j8KeRln"",""https://lh3.googleusercontent.com/geougc-cs/AIHozJK00Mi_Q8VCImnysUYUXuVhH6lMpAf8H2c3tHjXr-GBc4r5ewhXeNGaJ-qG_uVw2m7qCU2nAdjs1kHQTH3G1Y05qAD4cJ1yrGGmIXV1EPm6cOdkNeoPPlxLa9xoIQEPdCLoAtuh"",""https://lh3.googleusercontent.com/geougc-cs/AIHozJJfBrsSfHqQ24JCvwd91fxoWbSGbWAnA7w99FTkOXbaYUW65dGFPeB6xv10NDQ4xQ2EXby54CgMDvlkIhAvJdgTMnYjfkgZnvw5Rhtiav-goc4XDXoIEpMl3yvh_czg_7llXnpb"",""https://lh3.googleusercontent.com/geougc-cs/AIHozJIx8Xa0snwJ2KjAgxZlMzAbJsRZvidrBl7kVMsTZCFcmzyZQqANb-LNmTyeVF_HSFc0DGml73TRWdTw_thuM7bxbe7x7TP2VQ-hAbfXaqjzk8C6TnSCqfv6UyxEns1gcjD5A1ql6Q"",,,,,,,,,,,,,,,,,,,,,,,,,,,,,,,,,,,,,,,,,,,,""Google"",,,""15"",,,""3741"",""2025-04-02T02:10:04.574Z"",""Direct Detail URL: https://www.google.com/maps/place/Sungai+Maron+Pacitan/@-8.204503,110.9526434,17z/data=!4m8!3m7!1s0x2e7bdc5940de0881:0x385aa8482534e59a!8m2!3d-8.2045083!4d110.9552183!9m1!1b1!16s%2Fg%2F11f06mb36n?entry=ttu&g_ep=EgoyMDI1MDMzMC4wIKXMDSoASAFQAw%3D%3D"",""5"",""Jawa Timur"",,""false"",""Sungai maron"
Wisata air dengan naik perahu menyusuri sungai maron, 100rb tiap perahu diisi 4 orang...
"Wisata yg sangat menyenangkan, melihat pemandangan sambil menyusuri sungai krang lebih 1 jam 👍🏻👍🏻"",,""Sungai Maron Pacitan"",""4.7"",,""https://www.google.com/maps/search/?api=1&query=Sungai%20Maron%20Pacitan&query_place_id=ChIJgQjeQFncey4RmuU0JUioWjg"","
"Maron, Dersono, Kec. Pringkuku, Kabupaten Pacitan, Jawa Timur 63552, Indonesia,""Tujuan Wisata"",""Tujuan Wisata"",""4060743041843258778"",""Kabupaten Pacitan"",""ID"",""0x2e7bdc5940de0881:0x385aa8482534e59a"",""https://lh3.googleusercontent.com/p/AF1QipMNuPRl3Yiq7QhQIJCyERjVOIzFTXzxm5P_ScFH=w408-h306-k-no"",""false"",""true"",""id"",""0"",""-8.2045083"",""110.9552183"",,""Maron, Dersono, Kecamatan Pringkuku"",,""false"",""ChIJgQjeQFncey4RmuU0JUioWjg"",""63552"",,""2 bulan lalu"",""2025-01-08T09:33:28.711Z"",,,,""Tidak"",""Maks 10 mnt"",""Hari biasa"",,,,,,,,,,,,,,,,,,,,,,,,,,,,,,,,,,,,,,,,,,,,,,,,,,,,""Google"",,,""44"",,,""3741"",""2025-04-02T02:10:04.574Z"",""Direct Detail URL: https://www.google.com/maps/place/Sungai+Maron+Pacitan/@-8.204503,110.9526434,17z/data=!4m8!3m7!1s0x2e7bdc5940de0881:0x385aa8482534e59a!8m2!3d-8.2045083!4d110.9552183!9m1!1b1!16s%2Fg%2F11f06mb36n?entry=ttu&g_ep=EgoyMDI1MDMzMC4wIKXMDSoASAFQAw%3D%3D"",""5"",""Jawa Timur"",,""false"",,,""Sungai Maron Pacitan"",""4.7"",,""https://www.google.com/maps/search/?api=1&query=Sungai%20Maron%20Pacitan&query_place_id=ChIJgQjeQFncey4RmuU0JUioWjg"","
"Maron, Dersono, Kec. Pringkuku, Kabupaten Pacitan, Jawa Timur 63552, Indonesia,""Tujuan Wisata"",""Tujuan Wisata"",""4060743041843258778"",""Kabupaten Pacitan"",""ID"",""0x2e7bdc5940de0881:0x385aa8482534e59a"",""https://lh3.googleusercontent.com/p/AF1QipMNuPRl3Yiq7QhQIJCyERjVOIzFTXzxm5P_ScFH=w408-h306-k-no"",""false"",""false"",""id"",""0"",""-8.2045083"",""110.9552183"",,""Maron, Dersono, Kecamatan Pringkuku"",""id"",""false"",""ChIJgQjeQFncey4RmuU0JUioWjg"",""63552"",,""2 bulan lalu"",""2025-01-07T05:52:32.059Z"",,,,""Ya"",""Tanpa mengantre"",""Akhir pekan"",,""https://lh3.googleusercontent.com/geougc-cs/AIHozJLQHAqD87YV7gzv2O5LvFVSsjBsmWAwdq25wkt_CbE0sOZYZ6pKoYv5HKlAYHWTjf4OnVi0PLBkcSMI9xS2pm_bbmPXtb8UEPQPPbapq7sShpqSbLIW1k8Nje6zdNHz_-68xAr_"",""https://lh3.googleusercontent.com/geougc-cs/AIHozJKKSmW_kppoxoJCkzfttANzMk2rkqgg93I7dEbn9uhghhxrRCrRuy1Ig7uMeK1xso267ncc_rlGAaxm_9Cx2JWLWiwjGOMh1yTAofLa5dDbnI80E608wH8x4o5ZAIl5RlBQWFHNbA"",""https://lh3.googleusercontent.com/geougc-cs/AIHozJIeL_orXvW8FqN3qZXAUD9pMevneM8mpBPQwFk1QacdHO9ERFEdkfDTkbwRus1xNH5na3A79ShSLDgooiWYJTtP7rwBaab3e71uFMi_WCd9vonckElPOAOSyBQPS37u6s6bpJJO"",""https://lh3.googleusercontent.com/geougc-cs/AIHozJJ1Y8maT76RIrcMa0yUVYD6dWO0k9vnhPuo27EHN-rmJYLU6HgiM3r0pN8qrxfjEivG8Hk03bl-cAMQ7Se6btlPZ6DatWHsJkbZKqUcFCev7IxAqyk80hAXp3ahG5f5ZPfJ3siv1A"",,,,,,,,,,,,,,,,,,,,,,,,,,,,,,,,,,,,,,,,,,,,,,,""Google"",,,""5"",,,""3741"",""2025-04-02T02:10:04.574Z"",""Direct Detail URL: https://www.google.com/maps/place/Sungai+Maron+Pacitan/@-8.204503,110.9526434,17z/data=!4m8!3m7!1s0x2e7bdc5940de0881:0x385aa8482534e59a!8m2!3d-8.2045083!4d110.9552183!9m1!1b1!16s%2Fg%2F11f06mb36n?entry=ttu&g_ep=EgoyMDI1MDMzMC4wIKXMDSoASAFQAw%3D%3D"",""5"",""Jawa Timur"",,""false"",""Keren bgt tempatnya, sungainya bersih dan ga banyak sampah, orangnya juga ramah-ramah walaupun akses jalan ke sana cukup serem menurutku. But its worth it puttin on ur travel bucket list 🙌"
"(usahain dateng ke sana pas musim kemarau pas airnya ngga keruh)"",,""Sungai Maron Pacitan"",""4.7"",,""https://www.google.com/maps/search/?api=1&query=Sungai%20Maron%20Pacitan&query_place_id=ChIJgQjeQFncey4RmuU0JUioWjg"","
"Maron, Dersono, Kec. Pringkuku, Kabupaten Pacitan, Jawa Timur 63552, Indonesia,""Tujuan Wisata"",""Tujuan Wisata"",""4060743041843258778"",""Kabupaten Pacitan"",""ID"",""0x2e7bdc5940de0881:0x385aa8482534e59a"",""https://lh3.googleusercontent.com/p/AF1QipMNuPRl3Yiq7QhQIJCyERjVOIzFTXzxm5P_ScFH=w408-h306-k-no"",""false"",""true"",""id"",""0"",""-8.2045083"",""110.9552183"",,""Maron, Dersono, Kecamatan Pringkuku"",""id"",""false"",""ChIJgQjeQFncey4RmuU0JUioWjg"",""63552"",,""2 bulan lalu"",""2025-01-06T13:05:13.242Z"",,,,,,,,,,,,,,,,,,,,,,,,,,,,,,,,,,,,,,,,,,,,,,,,,,,,,,,,,,""Google"",,,""30"",,,""3741"",""2025-04-02T02:10:04.574Z"",""Direct Detail URL: https://www.google.com/maps/place/Sungai+Maron+Pacitan/@-8.204503,110.9526434,17z/data=!4m8!3m7!1s0x2e7bdc5940de0881:0x385aa8482534e59a!8m2!3d-8.2045083!4d110.9552183!9m1!1b1!16s%2Fg%2F11f06mb36n?entry=ttu&g_ep=EgoyMDI1MDMzMC4wIKXMDSoASAFQAw%3D%3D"",""4"",""Jawa Timur"",,""false"",""Bagus"",,""Sungai Maron Pacitan"",""4.7"",,""https://www.google.com/maps/search/?api=1&query=Sungai%20Maron%20Pacitan&query_place_id=ChIJgQjeQFncey4RmuU0JUioWjg"","
"Maron, Dersono, Kec. Pringkuku, Kabupaten Pacitan, Jawa Timur 63552, Indonesia,""Tujuan Wisata"",""Tujuan Wisata"",""4060743041843258778"",""Kabupaten Pacitan"",""ID"",""0x2e7bdc5940de0881:0x385aa8482534e59a"",""https://lh3.googleusercontent.com/p/AF1QipMNuPRl3Yiq7QhQIJCyERjVOIzFTXzxm5P_ScFH=w408-h306-k-no"",""false"",""false"",""id"",""0"",""-8.2045083"",""110.9552183"",,""Maron, Dersono, Kecamatan Pringkuku"",,""false"",""ChIJgQjeQFncey4RmuU0JUioWjg"",""63552"",,""2 bulan lalu"",""2025-01-06T08:46:57.587Z"",,,,,,,,,,,,,,,,,,,,,,,,,,,,,,,,,,,,,,,,,,,,,,,,,,,,,,,,,,""Google"",,,""2"",,,""3741"",""2025-04-02T02:10:04.574Z"",""Direct Detail URL: https://www.google.com/maps/place/Sungai+Maron+Pacitan/@-8.204503,110.9526434,17z/data=!4m8!3m7!1s0x2e7bdc5940de0881:0x385aa8482534e59a!8m2!3d-8.2045083!4d110.9552183!9m1!1b1!16s%2Fg%2F11f06mb36n?entry=ttu&g_ep=EgoyMDI1MDMzMC4wIKXMDSoASAFQAw%3D%3D"",""5"",""Jawa Timur"",,""false"",,,""Sungai Maron Pacitan"",""4.7"",,""https://www.google.com/maps/search/?api=1&query=Sungai%20Maron%20Pacitan&query_place_id=ChIJgQjeQFncey4RmuU0JUioWjg"","
"Maron, Dersono, Kec. Pringkuku, Kabupaten Pacitan, Jawa Timur 63552, Indonesia,""Tujuan Wisata"",""Tujuan Wisata"",""4060743041843258778"",""Kabupaten Pacitan"",""ID"",""0x2e7bdc5940de0881:0x385aa8482534e59a"",""https://lh3.googleusercontent.com/p/AF1QipMNuPRl3Yiq7QhQIJCyERjVOIzFTXzxm5P_ScFH=w408-h306-k-no"",""false"",""false"",""id"",""0"",""-8.2045083"",""110.9552183"",,""Maron, Dersono, Kecamatan Pringkuku"",""id"",""false"",""ChIJgQjeQFncey4RmuU0JUioWjg"",""63552"",,""2 bulan lalu"",""2025-01-06T05:06:46.807Z"",,,,,,,,,,,,,,,,,,,,,,,,,,,,,,,,,,,,,,,,,,,,,,,,,,,,,,,,,,""Google"",,,""2"",,,""3741"",""2025-04-02T02:10:04.574Z"",""Direct Detail URL: https://www.google.com/maps/place/Sungai+Maron+Pacitan/@-8.204503,110.9526434,17z/data=!4m8!3m7!1s0x2e7bdc5940de0881:0x385aa8482534e59a!8m2!3d-8.2045083!4d110.9552183!9m1!1b1!16s%2Fg%2F11f06mb36n?entry=ttu&g_ep=EgoyMDI1MDMzMC4wIKXMDSoASAFQAw%3D%3D"",""5"",""Jawa Timur"",,""false"",""Bagus"",,""Sungai Maron Pacitan"",""4.7"",,""https://www.google.com/maps/search/?api=1&query=Sungai%20Maron%20Pacitan&query_place_id=ChIJgQjeQFncey4RmuU0JUioWjg"","
"Maron, Dersono, Kec. Pringkuku, Kabupaten Pacitan, Jawa Timur 63552, Indonesia,""Tujuan Wisata"",""Tujuan Wisata"",""4060743041843258778"",""Kabupaten Pacitan"",""ID"",""0x2e7bdc5940de0881:0x385aa8482534e59a"",""https://lh3.googleusercontent.com/p/AF1QipMNuPRl3Yiq7QhQIJCyERjVOIzFTXzxm5P_ScFH=w408-h306-k-no"",""false"",""true"",""id"",""0"",""-8.2045083"",""110.9552183"",,""Maron, Dersono, Kecamatan Pringkuku"",""id"",""false"",""ChIJgQjeQFncey4RmuU0JUioWjg"",""63552"",,""2 bulan lalu"",""2025-01-05T16:31:46.694Z"",,,,,,""Akhir pekan"",,""https://lh3.googleusercontent.com/geougc-cs/AIHozJKFSDJt9oOFwyjzzi3nKcYOsUltrCpqfpLavliQ-8wvlLsQj0-PexH2jT0BZJSiMj-OIqNueXIfF7xwXZsK_XGTFDQ848DEHKMUdSkc0Fel0vBshhZ3otZUgs_ZxaEwyfweLx60"",,,,,,,,,,,,,,,,,,,,,,,,,,,,,,,,,,,,,,,,,,,,,,,,,,""Google"",,,""69"",,,""3741"",""2025-04-02T02:10:04.574Z"",""Direct Detail URL: https://www.google.com/maps/place/Sungai+Maron+Pacitan/@-8.204503,110.9526434,17z/data=!4m8!3m7!1s0x2e7bdc5940de0881:0x385aa8482534e59a!8m2!3d-8.2045083!4d110.9552183!9m1!1b1!16s%2Fg%2F11f06mb36n?entry=ttu&g_ep=EgoyMDI1MDMzMC4wIKXMDSoASAFQAw%3D%3D"",""5"",""Jawa Timur"",,""false"",""Klo ke pacitan g mampir ke sungai maron waah ruugiii dong"",,""Sungai Maron Pacitan"",""4.7"",,""https://www.google.com/maps/search/?api=1&query=Sungai%20Maron%20Pacitan&query_place_id=ChIJgQjeQFncey4RmuU0JUioWjg"","
"Maron, Dersono, Kec. Pringkuku, Kabupaten Pacitan, Jawa Timur 63552, Indonesia,""Tujuan Wisata"",""Tujuan Wisata"",""4060743041843258778"",""Kabupaten Pacitan"",""ID"",""0x2e7bdc5940de0881:0x385aa8482534e59a"",""https://lh3.googleusercontent.com/p/AF1QipMNuPRl3Yiq7QhQIJCyERjVOIzFTXzxm5P_ScFH=w408-h306-k-no"",""false"",""true"",""id"",""0"",""-8.2045083"",""110.9552183"",,""Maron, Dersono, Kecamatan Pringkuku"",,""false"",""ChIJgQjeQFncey4RmuU0JUioWjg"",""63552"",,""2 bulan lalu"",""2025-01-05T07:09:30.638Z"",,,,,,,,,,,,,,,,,,,,,,,,,,,,,,,,,,,,,,,,,,,,,,,,,,,,,,,,,,""Google"",,,""28"",,,""3741"",""2025-04-02T02:10:04.574Z"",""Direct Detail URL: https://www.google.com/maps/place/Sungai+Maron+Pacitan/@-8.204503,110.9526434,17z/data=!4m8!3m7!1s0x2e7bdc5940de0881:0x385aa8482534e59a!8m2!3d-8.2045083!4d110.9552183!9m1!1b1!16s%2Fg%2F11f06mb36n?entry=ttu&g_ep=EgoyMDI1MDMzMC4wIKXMDSoASAFQAw%3D%3D"",""5"",""Jawa Timur"",,""false"",,,""Sungai Maron Pacitan"",""4.7"",,""https://www.google.com/maps/search/?api=1&query=Sungai%20Maron%20Pacitan&query_place_id=ChIJgQjeQFncey4RmuU0JUioWjg"","
"Maron, Dersono, Kec. Pringkuku, Kabupaten Pacitan, Jawa Timur 63552, Indonesia,""Tujuan Wisata"",""Tujuan Wisata"",""4060743041843258778"",""Kabupaten Pacitan"",""ID"",""0x2e7bdc5940de0881:0x385aa8482534e59a"",""https://lh3.googleusercontent.com/p/AF1QipMNuPRl3Yiq7QhQIJCyERjVOIzFTXzxm5P_ScFH=w408-h306-k-no"",""false"",""true"",""id"",""0"",""-8.2045083"",""110.9552183"",,""Maron, Dersono, Kecamatan Pringkuku"",,""false"",""ChIJgQjeQFncey4RmuU0JUioWjg"",""63552"",,""2 bulan lalu"",""2025-01-04T17:05:14.045Z"",,,,""Tidak"",""Tanpa mengantre"",""Hari libur nasional"",,,,,,,,,,,,,,,,,,,,,,,,,,,,,,,,,,,,,,,,,,,,,,,,,,,,""Google"",,,""7"",,,""3741"",""2025-04-02T02:10:04.574Z"",""Direct Detail URL: https://www.google.com/maps/place/Sungai+Maron+Pacitan/@-8.204503,110.9526434,17z/data=!4m8!3m7!1s0x2e7bdc5940de0881:0x385aa8482534e59a!8m2!3d-8.2045083!4d110.9552183!9m1!1b1!16s%2Fg%2F11f06mb36n?entry=ttu&g_ep=EgoyMDI1MDMzMC4wIKXMDSoASAFQAw%3D%3D"",""4"",""Jawa Timur"",,""false"",,,""Sungai Maron Pacitan"",""4.7"",,""https://www.google.com/maps/search/?api=1&query=Sungai%20Maron%20Pacitan&query_place_id=ChIJgQjeQFncey4RmuU0JUioWjg"","
"Maron, Dersono, Kec. Pringkuku, Kabupaten Pacitan, Jawa Timur 63552, Indonesia,""Tujuan Wisata"",""Tujuan Wisata"",""4060743041843258778"",""Kabupaten Pacitan"",""ID"",""0x2e7bdc5940de0881:0x385aa8482534e59a"",""https://lh3.googleusercontent.com/p/AF1QipMNuPRl3Yiq7QhQIJCyERjVOIzFTXzxm5P_ScFH=w408-h306-k-no"",""false"",""true"",""id"",""0"",""-8.2045083"",""110.9552183"",,""Maron, Dersono, Kecamatan Pringkuku"",,""false"",""ChIJgQjeQFncey4RmuU0JUioWjg"",""63552"",,""2 bulan lalu"",""2025-01-04T15:25:10.897Z"",,,,""Tidak"",""Tanpa mengantre"",""Hari libur nasional"",,""https://lh3.googleusercontent.com/geougc-cs/AIHozJJWd13jfxdwnvy8HarX70ev6c8Ea6HPXfhfwlLuQibxySOFa5mkQ9M8uMeJxDquVajueW5fof-DHKoucjKDXjDz8_TqCFhJ4LSCCwhnp8o3bLTqph2mTQgubuIcXB_Qr3_2Dv8"",,,,,,,,,,,,,,,,,,,,,,,,,,,,,,,,,,,,,,,,,,,,,,,,,,""Google"",,,""43"",,,""3741"",""2025-04-02T02:10:04.574Z"",""Direct Detail URL: https://www.google.com/maps/place/Sungai+Maron+Pacitan/@-8.204503,110.9526434,17z/data=!4m8!3m7!1s0x2e7bdc5940de0881:0x385aa8482534e59a!8m2!3d-8.2045083!4d110.9552183!9m1!1b1!16s%2Fg%2F11f06mb36n?entry=ttu&g_ep=EgoyMDI1MDMzMC4wIKXMDSoASAFQAw%3D%3D"",""4"",""Jawa Timur"",,""false"",,,""Sungai Maron Pacitan"",""4.7"",,""https://www.google.com/maps/search/?api=1&query=Sungai%20Maron%20Pacitan&query_place_id=ChIJgQjeQFncey4RmuU0JUioWjg"","
"Maron, Dersono, Kec. Pringkuku, Kabupaten Pacitan, Jawa Timur 63552, Indonesia,""Tujuan Wisata"",""Tujuan Wisata"",""4060743041843258778"",""Kabupaten Pacitan"",""ID"",""0x2e7bdc5940de0881:0x385aa8482534e59a"",""https://lh3.googleusercontent.com/p/AF1QipMNuPRl3Yiq7QhQIJCyERjVOIzFTXzxm5P_ScFH=w408-h306-k-no"",""false"",""true"",""id"",""0"",""-8.2045083"",""110.9552183"",,""Maron, Dersono, Kecamatan Pringkuku"",,""false"",""ChIJgQjeQFncey4RmuU0JUioWjg"",""63552"",,""2 bulan lalu"",""2025-01-04T11:06:13.684Z"",,,,""Tidak"",""Maks 10 mnt"",""Hari libur nasional"",,,,,,,,,,,,,,,,,,,,,,,,,,,,,,,,,,,,,,,,,,,,,,,,,,,,""Google"",,,""50"",,,""3741"",""2025-04-02T02:10:04.574Z"",""Direct Detail URL: https://www.google.com/maps/place/Sungai+Maron+Pacitan/@-8.204503,110.9526434,17z/data=!4m8!3m7!1s0x2e7bdc5940de0881:0x385aa8482534e59a!8m2!3d-8.2045083!4d110.9552183!9m1!1b1!16s%2Fg%2F11f06mb36n?entry=ttu&g_ep=EgoyMDI1MDMzMC4wIKXMDSoASAFQAw%3D%3D"",""4"",""Jawa Timur"",,""false"",,,""Sungai Maron Pacitan"",""4.7"",,""https://www.google.com/maps/search/?api=1&query=Sungai%20Maron%20Pacitan&query_place_id=ChIJgQjeQFncey4RmuU0JUioWjg"","
"Maron, Dersono, Kec. Pringkuku, Kabupaten Pacitan, Jawa Timur 63552, Indonesia,""Tujuan Wisata"",""Tujuan Wisata"",""4060743041843258778"",""Kabupaten Pacitan"",""ID"",""0x2e7bdc5940de0881:0x385aa8482534e59a"",""https://lh3.googleusercontent.com/p/AF1QipMNuPRl3Yiq7QhQIJCyERjVOIzFTXzxm5P_ScFH=w408-h306-k-no"",""false"",""false"",""id"",""0"",""-8.2045083"",""110.9552183"",,""Maron, Dersono, Kecamatan Pringkuku"",""id"",""false"",""ChIJgQjeQFncey4RmuU0JUioWjg"",""63552"",,""2 bulan lalu"",""2025-01-04T01:22:02.137Z"",,,,""Tidak"",""Maks 10 mnt"",""Hari libur nasional"",,""https://lh3.googleusercontent.com/geougc-cs/AIHozJIrablj5DSCCExecHf1oGkSOZlF5dBdL5fb9U4iWqw-2RfMnAes0Nhi2kG2sgIO9kwKMS-XvkeUH5zbcpnhRtdb8RtbO6JvSKaCZzbFHwUsEKoD4G_WqMieu7uy8u4N1tkvBx3r"",,,,,,,,,,,,,,,,,,,,,,,,,,,,,,,,,,,,,,,,,,,,,,,,,,""Google"",,,""11"",,,""3741"",""2025-04-02T02:10:04.574Z"",""Direct Detail URL: https://www.google.com/maps/place/Sungai+Maron+Pacitan/@-8.204503,110.9526434,17z/data=!4m8!3m7!1s0x2e7bdc5940de0881:0x385aa8482534e59a!8m2!3d-8.2045083!4d110.9552183!9m1!1b1!16s%2Fg%2F11f06mb36n?entry=ttu&g_ep=EgoyMDI1MDMzMC4wIKXMDSoASAFQAw%3D%3D"",""4"",""Jawa Timur"",,""false"",""sedikit saran tolong jalan dari loket diperbaiki dan kalau mau berwisata disini jangan setelah hujan"",,""Sungai Maron Pacitan"",""4.7"",,""https://www.google.com/maps/search/?api=1&query=Sungai%20Maron%20Pacitan&query_place_id=ChIJgQjeQFncey4RmuU0JUioWjg"","
"Maron, Dersono, Kec. Pringkuku, Kabupaten Pacitan, Jawa Timur 63552, Indonesia,""Tujuan Wisata"",""Tujuan Wisata"",""4060743041843258778"",""Kabupaten Pacitan"",""ID"",""0x2e7bdc5940de0881:0x385aa8482534e59a"",""https://lh3.googleusercontent.com/p/AF1QipMNuPRl3Yiq7QhQIJCyERjVOIzFTXzxm5P_ScFH=w408-h306-k-no"",""false"",""true"",""id"",""0"",""-8.2045083"",""110.9552183"",,""Maron, Dersono, Kecamatan Pringkuku"",""id"",""false"",""ChIJgQjeQFncey4RmuU0JUioWjg"",""63552"",,""2 bulan lalu"",""2025-01-03T17:37:14.380Z"",,,,""Tidak"",""Maks 10 mnt"",""Hari libur nasional"",,,,,,,,,,,,,,,,,,,,,,,,,,,,,,,,,,,,,,,,,,,,,,,,,,,,""Google"",,,""93"",,,""3741"",""2025-04-02T02:10:04.574Z"",""Direct Detail URL: https://www.google.com/maps/place/Sungai+Maron+Pacitan/@-8.204503,110.9526434,17z/data=!4m8!3m7!1s0x2e7bdc5940de0881:0x385aa8482534e59a!8m2!3d-8.2045083!4d110.9552183!9m1!1b1!16s%2Fg%2F11f06mb36n?entry=ttu&g_ep=EgoyMDI1MDMzMC4wIKXMDSoASAFQAw%3D%3D"",""5"",""Jawa Timur"",,""false"",""Mantap asyik naik perahu bisa basah-basahan juga"",,""Sungai Maron Pacitan"",""4.7"",,""https://www.google.com/maps/search/?api=1&query=Sungai%20Maron%20Pacitan&query_place_id=ChIJgQjeQFncey4RmuU0JUioWjg"","
"Maron, Dersono, Kec. Pringkuku, Kabupaten Pacitan, Jawa Timur 63552, Indonesia,""Tujuan Wisata"",""Tujuan Wisata"",""4060743041843258778"",""Kabupaten Pacitan"",""ID"",""0x2e7bdc5940de0881:0x385aa8482534e59a"",""https://lh3.googleusercontent.com/p/AF1QipMNuPRl3Yiq7QhQIJCyERjVOIzFTXzxm5P_ScFH=w408-h306-k-no"",""false"",""true"",""id"",""0"",""-8.2045083"",""110.9552183"",,""Maron, Dersono, Kecamatan Pringkuku"",,""false"",""ChIJgQjeQFncey4RmuU0JUioWjg"",""63552"",,""2 bulan lalu"",""2025-01-03T00:16:09.573Z"",,,,""Tidak"",""Tanpa mengantre"",""Hari libur nasional"",,,,,,,,,,,,,,,,,,,,,,,,,,,,,,,,,,,,,,,,,,,,,,,,,,,,""Google"",,,""35"",,,""3741"",""2025-04-02T02:10:04.574Z"",""Direct Detail URL: https://www.google.com/maps/place/Sungai+Maron+Pacitan/@-8.204503,110.9526434,17z/data=!4m8!3m7!1s0x2e7bdc5940de0881:0x385aa8482534e59a!8m2!3d-8.2045083!4d110.9552183!9m1!1b1!16s%2Fg%2F11f06mb36n?entry=ttu&g_ep=EgoyMDI1MDMzMC4wIKXMDSoASAFQAw%3D%3D"",""5"",""Jawa Timur"",,""false"",,,""Sungai Maron Pacitan"",""4.7"",,""https://www.google.com/maps/search/?api=1&query=Sungai%20Maron%20Pacitan&query_place_id=ChIJgQjeQFncey4RmuU0JUioWjg"","
"Maron, Dersono, Kec. Pringkuku, Kabupaten Pacitan, Jawa Timur 63552, Indonesia,""Tujuan Wisata"",""Tujuan Wisata"",""4060743041843258778"",""Kabupaten Pacitan"",""ID"",""0x2e7bdc5940de0881:0x385aa8482534e59a"",""https://lh3.googleusercontent.com/p/AF1QipMNuPRl3Yiq7QhQIJCyERjVOIzFTXzxm5P_ScFH=w408-h306-k-no"",""false"",""false"",""id"",""0"",""-8.2045083"",""110.9552183"",,""Maron, Dersono, Kecamatan Pringkuku"",""id"",""false"",""ChIJgQjeQFncey4RmuU0JUioWjg"",""63552"",,""3 bulan lalu"",""2025-01-01T10:42:57.523Z"",,,,""Tidak"",""Tanpa mengantre"",""Hari libur nasional"",,,,,,,,,,,,,,,,,,,,,,,,,,,,,,,,,,,,,,,,,,,,,,,,,,,,""Google"",,,""2"",,,""3741"",""2025-04-02T02:10:04.574Z"",""Direct Detail URL: https://www.google.com/maps/place/Sungai+Maron+Pacitan/@-8.204503,110.9526434,17z/data=!4m8!3m7!1s0x2e7bdc5940de0881:0x385aa8482534e59a!8m2!3d-8.2045083!4d110.9552183!9m1!1b1!16s%2Fg%2F11f06mb36n?entry=ttu&g_ep=EgoyMDI1MDMzMC4wIKXMDSoASAFQAw%3D%3D"",""4"",""Jawa Timur"",,""false"",""Airnya keruh tp seru, terus saat dikapal ketemu biawak, sudah seperti sungai Amazon lah, tp tidak sampai pantai mungkin takut arusnya"",,""Sungai Maron Pacitan"",""4.7"",,""https://www.google.com/maps/search/?api=1&query=Sungai%20Maron%20Pacitan&query_place_id=ChIJgQjeQFncey4RmuU0JUioWjg"","
"Maron, Dersono, Kec. Pringkuku, Kabupaten Pacitan, Jawa Timur 63552, Indonesia,""Tujuan Wisata"",""Tujuan Wisata"",""4060743041843258778"",""Kabupaten Pacitan"",""ID"",""0x2e7bdc5940de0881:0x385aa8482534e59a"",""https://lh3.googleusercontent.com/p/AF1QipMNuPRl3Yiq7QhQIJCyERjVOIzFTXzxm5P_ScFH=w408-h306-k-no"",""false"",""true"",""id"",""0"",""-8.2045083"",""110.9552183"",,""Maron, Dersono, Kecamatan Pringkuku"",""id"",""false"",""ChIJgQjeQFncey4RmuU0JUioWjg"",""63552"",,""3 bulan lalu"",""2024-12-31T07:19:05.434Z"",,,,""Ya"",""10-30 mnt"",""Akhir pekan"",,""https://lh3.googleusercontent.com/geougc-cs/AIHozJKIjLivi1YWHibkqqFgH2-u9ZuFyxapyNs7yVfJgFNaBD6g_Oj9aUGRWpfn5cU8yKVFs0V-PIT8QAZy7q8QxgD7d_eBv8375Sl4MSsjO4Vy668jjdpVGe5R8p61BvistxusViaSJw"",""https://lh3.googleusercontent.com/geougc-cs/AIHozJKBhpy_jlvU4YWfJ89m9Aq-kyEEkt0aMvwgXheTFXQs4jL6xCqw2QHblTJ2Q34Yhn2h3XNcrkyH88h6xbn_tHZhP47jUg7g2mZjwsO26R4gDlvKv1u6v2noSqZWpon6eNyHTpD6"",""https://lh3.googleusercontent.com/geougc-cs/AIHozJKy3zQH0ymrOLXJrXBgEJIcQcLlyDdX23NgMmr4piqeJyi3ZFAwP2n7WjIFLXaYSXbGL9A3WnHMreyDwfX7IjThKsQ9wYJA_mJoWf2QbFVxlM_Xob6Gw4CSjlEFJF81zXVYF_9Iaw"",""https://lh3.googleusercontent.com/geougc-cs/AIHozJLZmkEztg5m2sSykHZqNcyVXmfbQAoQfmD9e2JgNT34Z7E8CdkaOFrwA0Im3Wd0OrzoCjH4RfA7SKEA1AmH5SVdwx2PqofSpTwqlw252PlTQLlPuxeZ3aiquofJ47pJKKl3wzAI"",""https://lh3.googleusercontent.com/geougc-cs/AIHozJITnYaK5yFQmkL1bYBtTHs8sC-Y6qI7yjNvU5vDW-yIiOUnj5HtvGGYjnB5zpKjniNJ2CqU-he4DYuTZI7tto3lxAuyJ2nzdSGLlWi-0EVX3QhXCICobccsOcPk3Y5g8IdrgyFf"",,,,,,,,,,,,,,,,,,,,,,,,,,,,,,,,,,,,,,,,,,,,,,""Google"",,,""7"",,,""3741"",""2025-04-02T02:10:04.574Z"",""Direct Detail URL: https://www.google.com/maps/place/Sungai+Maron+Pacitan/@-8.204503,110.9526434,17z/data=!4m8!3m7!1s0x2e7bdc5940de0881:0x385aa8482534e59a!8m2!3d-8.2045083!4d110.9552183!9m1!1b1!16s%2Fg%2F11f06mb36n?entry=ttu&g_ep=EgoyMDI1MDMzMC4wIKXMDSoASAFQAw%3D%3D"",""5"",""Jawa Timur"",,""false"",""Sungainya bersih dan pemandangannya indah."
"Banyak penjual makanan dan minuman dengan harga terjangkau. Dan semuanya ada harganya jadi tidak takut digetok harga"",,""Sungai Maron Pacitan"",""4.7"",,""https://www.google.com/maps/search/?api=1&query=Sungai%20Maron%20Pacitan&query_place_id=ChIJgQjeQFncey4RmuU0JUioWjg"","
"Maron, Dersono, Kec. Pringkuku, Kabupaten Pacitan, Jawa Timur 63552, Indonesia,""Tujuan Wisata"",""Tujuan Wisata"",""4060743041843258778"",""Kabupaten Pacitan"",""ID"",""0x2e7bdc5940de0881:0x385aa8482534e59a"",""https://lh3.googleusercontent.com/p/AF1QipMNuPRl3Yiq7QhQIJCyERjVOIzFTXzxm5P_ScFH=w408-h306-k-no"",""false"",""false"",""id"",""0"",""-8.2045083"",""110.9552183"",,""Maron, Dersono, Kecamatan Pringkuku"",,""false"",""ChIJgQjeQFncey4RmuU0JUioWjg"",""63552"",,""3 bulan lalu"",""2024-12-31T03:15:32.539Z"",,,,,,,,,,,,,,,,,,,,,,,,,,,,,,,,,,,,,,,,,,,,,,,,,,,,,,,,,,""Google"",,,""4"",,,""3741"",""2025-04-02T02:10:04.574Z"",""Direct Detail URL: https://www.google.com/maps/place/Sungai+Maron+Pacitan/@-8.204503,110.9526434,17z/data=!4m8!3m7!1s0x2e7bdc5940de0881:0x385aa8482534e59a!8m2!3d-8.2045083!4d110.9552183!9m1!1b1!16s%2Fg%2F11f06mb36n?entry=ttu&g_ep=EgoyMDI1MDMzMC4wIKXMDSoASAFQAw%3D%3D"",""5"",""Jawa Timur"",,""false"",,,""Sungai Maron Pacitan"",""4.7"",,""https://www.google.com/maps/search/?api=1&query=Sungai%20Maron%20Pacitan&query_place_id=ChIJgQjeQFncey4RmuU0JUioWjg"","
"Maron, Dersono, Kec. Pringkuku, Kabupaten Pacitan, Jawa Timur 63552, Indonesia,""Tujuan Wisata"",""Tujuan Wisata"",""4060743041843258778"",""Kabupaten Pacitan"",""ID"",""0x2e7bdc5940de0881:0x385aa8482534e59a"",""https://lh3.googleusercontent.com/p/AF1QipMNuPRl3Yiq7QhQIJCyERjVOIzFTXzxm5P_ScFH=w408-h306-k-no"",""false"",""true"",""id"",""0"",""-8.2045083"",""110.9552183"",,""Maron, Dersono, Kecamatan Pringkuku"",""id"",""false"",""ChIJgQjeQFncey4RmuU0JUioWjg"",""63552"",,""3 bulan lalu"",""2024-12-30T03:30:34.745Z"",,,,,,,,,,,,,,,,,,,,,,,,,,,,,,,,,,,,,,,,,,,,,,,,,,,,,,,,,,""Google"",,,""26"",,,""3741"",""2025-04-02T02:10:04.574Z"",""Direct Detail URL: https://www.google.com/maps/place/Sungai+Maron+Pacitan/@-8.204503,110.9526434,17z/data=!4m8!3m7!1s0x2e7bdc5940de0881:0x385aa8482534e59a!8m2!3d-8.2045083!4d110.9552183!9m1!1b1!16s%2Fg%2F11f06mb36n?entry=ttu&g_ep=EgoyMDI1MDMzMC4wIKXMDSoASAFQAw%3D%3D"",""5"",""Jawa Timur"",,""false"",""Harganya murah tiket masuk 5 ribu dewasa saja yg dihitung, naik perahu 100 ribu per perahu isi 5 orang dewasa, jangan lupa jajan di warung Abrar dekat mushola free wifi, jajanannya murah meriah normal, gorengan 1000an..."",,""Sungai Maron Pacitan"",""4.7"",,""https://www.google.com/maps/search/?api=1&query=Sungai%20Maron%20Pacitan&query_place_id=ChIJgQjeQFncey4RmuU0JUioWjg"","
"Maron, Dersono, Kec. Pringkuku, Kabupaten Pacitan, Jawa Timur 63552, Indonesia,""Tujuan Wisata"",""Tujuan Wisata"",""4060743041843258778"",""Kabupaten Pacitan"",""ID"",""0x2e7bdc5940de0881:0x385aa8482534e59a"",""https://lh3.googleusercontent.com/p/AF1QipMNuPRl3Yiq7QhQIJCyERjVOIzFTXzxm5P_ScFH=w408-h306-k-no"",""false"",""true"",""id"",""0"",""-8.2045083"",""110.9552183"",,""Maron, Dersono, Kecamatan Pringkuku"",""id"",""false"",""ChIJgQjeQFncey4RmuU0JUioWjg"",""63552"",,""3 bulan lalu"",""2024-12-29T07:15:50.580Z"",,,,""Tidak"",""Tanpa mengantre"",""Hari libur nasional"",,""https://lh3.googleusercontent.com/geougc-cs/AIHozJL1bReSd5HcRANkhgyL9xh_YLhx7Ez2kHWbPH7vvpCWnPl2y_BHWjm1yG57oLN70zhpdFWYO8JaWQP3PQJ948g22LrLYhH4v1IOnFC2946R-1YrrNj8c5JyxGiFHBTOQLY5FoGT"",""https://lh3.googleusercontent.com/geougc-cs/AIHozJKlyhjamOFfK78OKwzDtkxSBG1jEckjBOmX-EgGVXsVX-W9qghNQ03Qna0iL24A4hh0F56xtSMyY3h4g6EX9G8ZMhZ9jU59jAMvqXHIslLYJ5uYSzHoQStSbmLvl8R2eOpxdok"",""https://lh3.googleusercontent.com/geougc-cs/AIHozJIpxa2E--rkKL0clVa3qCVedNBz-0qRFtJu51xFSBvSm35aDSCrpEtaTnH3R-YUZywuLGxtZ70lc0YBfftqM3XyZ7_esECmA53v2V-PD_4f5zr52gd_1ZRzgu0DdcV8dC5UVUyl"",""https://lh3.googleusercontent.com/geougc-cs/AIHozJLVcebOETXJOwlY8tDxCrP3uJsv73i1oJSR21jKYfA-XQIxLLvRxLUDN53eq4i1o3vSt5y-x3EcZK7QEm2kp15XDVE4eAcvdZPJC8oCToGmv28RTlvKQpEXlZ7-s-e8X7P4qRS4"",""https://lh3.googleusercontent.com/geougc-cs/AIHozJLl1ptDQ6VE60wd-KdLYv0LjFSdN0LEWo87XWNhALYLvpRe_ofD3-Y5kM3ngXXUEgIQ1Pcb_YLbfOMxg-2D5I_UuIfxdreVTi6quagJCYKojt84WB5LITUUTP0BBKNtPeBRqXrIsw"",,,,,,,,,,,,,,,,,,,,,,,,,,,,,,,,,,,,,,,,,,,,,,""Google"",,,""103"",,,""3741"",""2025-04-02T02:10:04.574Z"",""Direct Detail URL: https://www.google.com/maps/place/Sungai+Maron+Pacitan/@-8.204503,110.9526434,17z/data=!4m8!3m7!1s0x2e7bdc5940de0881:0x385aa8482534e59a!8m2!3d-8.2045083!4d110.9552183!9m1!1b1!16s%2Fg%2F11f06mb36n?entry=ttu&g_ep=EgoyMDI1MDMzMC4wIKXMDSoASAFQAw%3D%3D"",""5"",""Jawa Timur"",,""false"",""Seru.. sayang nya air pas keruh, saran klo kesini pas musim kemarau"",,""Sungai Maron Pacitan"",""4.7"",,""https://www.google.com/maps/search/?api=1&query=Sungai%20Maron%20Pacitan&query_place_id=ChIJgQjeQFncey4RmuU0JUioWjg"","
"Maron, Dersono, Kec. Pringkuku, Kabupaten Pacitan, Jawa Timur 63552, Indonesia,""Tujuan Wisata"",""Tujuan Wisata"",""4060743041843258778"",""Kabupaten Pacitan"",""ID"",""0x2e7bdc5940de0881:0x385aa8482534e59a"",""https://lh3.googleusercontent.com/p/AF1QipMNuPRl3Yiq7QhQIJCyERjVOIzFTXzxm5P_ScFH=w408-h306-k-no"",""false"",""true"",""id"",""0"",""-8.2045083"",""110.9552183"",,""Maron, Dersono, Kecamatan Pringkuku"",""id"",""false"",""ChIJgQjeQFncey4RmuU0JUioWjg"",""63552"",,""3 bulan lalu"",""2024-12-28T22:03:40.304Z"",,,,""Tidak"",""Maks 10 mnt"",""Akhir pekan"",,""https://lh3.googleusercontent.com/geougc-cs/AIHozJL_Ivj6ymQAe8WLvDS4Wz40LQgxiSJ_8yIOVMrxzEwxa0rU0xwbPhddoKQNTajeoTtTQ4IHObrOaoRf4ki-mBBv1TKx8XpR7T2w_zpqH3CIGEEDDktrc7T65lmljB6Hsg4Nc1z_"",""https://lh3.googleusercontent.com/geougc-cs/AIHozJJtu0eYpDFup5mYw5Ljuo6dRoAz51Uaa4wc6GoXigota7aPBpHopcYbspWSSIt1y1E8QgxQzxMamwd_V0HAAbZe0KkDxA-aJbfUusGNp6SIf6AxIa06ELYY-49ZAroi2T8T1Khu"",""https://lh3.googleusercontent.com/geougc-cs/AIHozJI2a4rKjI8uXpXdVlZFN0grsVhcI5zcSU8mkrewikYdDrqJmh-7914zaiheSyXG_PeYPmD2AW-o8X8zwlFvpCWA6fqXohW3lOaHODHO6Fu95YKaq7d6IqNQLDYf8Lap1PxFzrfD"",,,,,,,,,,,,,,,,,,,,,,,,,,,,,,,,,,,,,,,,,,,,,,,,""Google"",,,""89"",,,""3741"",""2025-04-02T02:10:04.574Z"",""Direct Detail URL: https://www.google.com/maps/place/Sungai+Maron+Pacitan/@-8.204503,110.9526434,17z/data=!4m8!3m7!1s0x2e7bdc5940de0881:0x385aa8482534e59a!8m2!3d-8.2045083!4d110.9552183!9m1!1b1!16s%2Fg%2F11f06mb36n?entry=ttu&g_ep=EgoyMDI1MDMzMC4wIKXMDSoASAFQAw%3D%3D"",""5"",""Jawa Timur"",,""false"",""Kesini pas lagi banjir. Jadi airnya ga hijau. Disarankan keaini pas musim kemarau supaya bisa melihat airnya hijau. Suasana indah karena masih alami. Sewa perahu Rp. 100.000 pp sampai ke pantai kembali lagi. Tukang perahunya ramah. Setelah selesai bisa ke warung-warung di sekitar tempat wisata. Harganya makanan murah."",,""Sungai Maron Pacitan"",""4.7"",,""https://www.google.com/maps/search/?api=1&query=Sungai%20Maron%20Pacitan&query_place_id=ChIJgQjeQFncey4RmuU0JUioWjg"","
"Maron, Dersono, Kec. Pringkuku, Kabupaten Pacitan, Jawa Timur 63552, Indonesia,""Tujuan Wisata"",""Tujuan Wisata"",""4060743041843258778"",""Kabupaten Pacitan"",""ID"",""0x2e7bdc5940de0881:0x385aa8482534e59a"",""https://lh3.googleusercontent.com/p/AF1QipMNuPRl3Yiq7QhQIJCyERjVOIzFTXzxm5P_ScFH=w408-h306-k-no"",""false"",""false"",""id"",""0"",""-8.2045083"",""110.9552183"",,""Maron, Dersono, Kecamatan Pringkuku"",,""false"",""ChIJgQjeQFncey4RmuU0JUioWjg"",""63552"",,""3 bulan lalu"",""2024-12-28T07:53:29.009Z"",,,,,,,,,,,,,,,,,,,,,,,,,,,,,,,,,,,,,,,,,,,,,,,,,,,,,,,,,,""Google"",,,""1"",,,""3741"",""2025-04-02T02:10:04.574Z"",""Direct Detail URL: https://www.google.com/maps/place/Sungai+Maron+Pacitan/@-8.204503,110.9526434,17z/data=!4m8!3m7!1s0x2e7bdc5940de0881:0x385aa8482534e59a!8m2!3d-8.2045083!4d110.9552183!9m1!1b1!16s%2Fg%2F11f06mb36n?entry=ttu&g_ep=EgoyMDI1MDMzMC4wIKXMDSoASAFQAw%3D%3D"",""5"",""Jawa Timur"",,""false"",,,""Sungai Maron Pacitan"",""4.7"",,""https://www.google.com/maps/search/?api=1&query=Sungai%20Maron%20Pacitan&query_place_id=ChIJgQjeQFncey4RmuU0JUioWjg"","
"Maron, Dersono, Kec. Pringkuku, Kabupaten Pacitan, Jawa Timur 63552, Indonesia,""Tujuan Wisata"",""Tujuan Wisata"",""4060743041843258778"",""Kabupaten Pacitan"",""ID"",""0x2e7bdc5940de0881:0x385aa8482534e59a"",""https://lh3.googleusercontent.com/p/AF1QipMNuPRl3Yiq7QhQIJCyERjVOIzFTXzxm5P_ScFH=w408-h306-k-no"",""false"",""true"",""id"",""0"",""-8.2045083"",""110.9552183"",,""Maron, Dersono, Kecamatan Pringkuku"",""id"",""false"",""ChIJgQjeQFncey4RmuU0JUioWjg"",""63552"",,""3 bulan lalu"",""2024-12-27T07:23:10.774Z"",,,,""Tidak"",""Tanpa mengantre"",""Hari biasa"",,""https://lh3.googleusercontent.com/geougc-cs/AIHozJLhGr7EACRv6wjB-e-B0BMqbUGL64sJbGcSamQvlL2zd7_cFguAX6WboHe-dxofoWpVNUthT9OHgYOlTCP_onh2HlaBVx4-_GzNpy47GbI08m_o-TrHU4YpHuxc1-UxIugUjsl2"",,,,,,,,,,,,,,,,,,,,,,,,,,,,,,,,,,,,,,,,,,,,,,,,,,""Google"",,,""823"",,,""3741"",""2025-04-02T02:10:04.574Z"",""Direct Detail URL: https://www.google.com/maps/place/Sungai+Maron+Pacitan/@-8.204503,110.9526434,17z/data=!4m8!3m7!1s0x2e7bdc5940de0881:0x385aa8482534e59a!8m2!3d-8.2045083!4d110.9552183!9m1!1b1!16s%2Fg%2F11f06mb36n?entry=ttu&g_ep=EgoyMDI1MDMzMC4wIKXMDSoASAFQAw%3D%3D"",""5"",""Jawa Timur"",,""false"",""Bagussss apalagi dr atas. Kl musim hujan warna bukan hijau tp coklat hehe"",,""Sungai Maron Pacitan"",""4.7"",,""https://www.google.com/maps/search/?api=1&query=Sungai%20Maron%20Pacitan&query_place_id=ChIJgQjeQFncey4RmuU0JUioWjg"","
"Maron, Dersono, Kec. Pringkuku, Kabupaten Pacitan, Jawa Timur 63552, Indonesia,""Tujuan Wisata"",""Tujuan Wisata"",""4060743041843258778"",""Kabupaten Pacitan"",""ID"",""0x2e7bdc5940de0881:0x385aa8482534e59a"",""https://lh3.googleusercontent.com/p/AF1QipMNuPRl3Yiq7QhQIJCyERjVOIzFTXzxm5P_ScFH=w408-h306-k-no"",""false"",""false"",""id"",""0"",""-8.2045083"",""110.9552183"",,""Maron, Dersono, Kecamatan Pringkuku"",,""false"",""ChIJgQjeQFncey4RmuU0JUioWjg"",""63552"",,""3 bulan lalu"",""2024-12-24T09:25:32.900Z"",,,,""Tidak"",""Tanpa mengantre"",""Hari libur nasional"",,,,,,,,,,,,,,,,,,,,,,,,,,,,,,,,,,,,,,,,,,,,,,,,,,,,""Google"",,,""1"",,,""3741"",""2025-04-02T02:10:04.574Z"",""Direct Detail URL: https://www.google.com/maps/place/Sungai+Maron+Pacitan/@-8.204503,110.9526434,17z/data=!4m8!3m7!1s0x2e7bdc5940de0881:0x385aa8482534e59a!8m2!3d-8.2045083!4d110.9552183!9m1!1b1!16s%2Fg%2F11f06mb36n?entry=ttu&g_ep=EgoyMDI1MDMzMC4wIKXMDSoASAFQAw%3D%3D"",""5"",""Jawa Timur"",,""false"",,,""Sungai Maron Pacitan"",""4.7"",,""https://www.google.com/maps/search/?api=1&query=Sungai%20Maron%20Pacitan&query_place_id=ChIJgQjeQFncey4RmuU0JUioWjg"","
"Maron, Dersono, Kec. Pringkuku, Kabupaten Pacitan, Jawa Timur 63552, Indonesia,""Tujuan Wisata"",""Tujuan Wisata"",""4060743041843258778"",""Kabupaten Pacitan"",""ID"",""0x2e7bdc5940de0881:0x385aa8482534e59a"",""https://lh3.googleusercontent.com/p/AF1QipMNuPRl3Yiq7QhQIJCyERjVOIzFTXzxm5P_ScFH=w408-h306-k-no"",""false"",""false"",""id"",""0"",""-8.2045083"",""110.9552183"",,""Maron, Dersono, Kecamatan Pringkuku"",,""false"",""ChIJgQjeQFncey4RmuU0JUioWjg"",""63552"",,""3 bulan lalu"",""2024-12-23T11:07:12.649Z"",,,,,""Tanpa mengantre"",""Hari biasa"",,,,,,,,,,,,,,,,,,,,,,,,,,,,,,,,,,,,,,,,,,,,,,,,,,,,""Google"",,,""2"",,,""3741"",""2025-04-02T02:10:04.574Z"",""Direct Detail URL: https://www.google.com/maps/place/Sungai+Maron+Pacitan/@-8.204503,110.9526434,17z/data=!4m8!3m7!1s0x2e7bdc5940de0881:0x385aa8482534e59a!8m2!3d-8.2045083!4d110.9552183!9m1!1b1!16s%2Fg%2F11f06mb36n?entry=ttu&g_ep=EgoyMDI1MDMzMC4wIKXMDSoASAFQAw%3D%3D"",""5"",""Jawa Timur"",,""false"",,,""Sungai Maron Pacitan"",""4.7"",,""https://www.google.com/maps/search/?api=1&query=Sungai%20Maron%20Pacitan&query_place_id=ChIJgQjeQFncey4RmuU0JUioWjg"","
"Maron, Dersono, Kec. Pringkuku, Kabupaten Pacitan, Jawa Timur 63552, Indonesia,""Tujuan Wisata"",""Tujuan Wisata"",""4060743041843258778"",""Kabupaten Pacitan"",""ID"",""0x2e7bdc5940de0881:0x385aa8482534e59a"",""https://lh3.googleusercontent.com/p/AF1QipMNuPRl3Yiq7QhQIJCyERjVOIzFTXzxm5P_ScFH=w408-h306-k-no"",""false"",""true"",""id"",""0"",""-8.2045083"",""110.9552183"",,""Maron, Dersono, Kecamatan Pringkuku"",""id"",""false"",""ChIJgQjeQFncey4RmuU0JUioWjg"",""63552"",,""3 bulan lalu"",""2024-12-22T11:49:54.545Z"",,,,""Tidak"",""Maks 10 mnt"",""Akhir pekan"",,""https://lh3.googleusercontent.com/geougc-cs/AIHozJJIgRlUU06Swugxuy5LYkV5_6BAr-a77tYwnxWlT5Yu0Arq9LZfLuyHQOfigQ2j3ieOQqwsF4VZ_cqZ7Jb93EAQnN8KAJVdFcCauIO_YhxbjGrtkKotCseMs99syVuoKH6VByEL"",""https://lh3.googleusercontent.com/geougc-cs/AIHozJLPIigmHCuXVQDqpuZZjVuptbSaZ-aHo4UuOC_dXfkY5Dn5EPhkKK3R_cgt28yQZX_IA88zI8Q2Xb2l7GlWRznh_k7HoVynQJboBCW2jV66XfOzlYomR-b-PCG9O0UAke5YtDOI5A"",""https://lh3.googleusercontent.com/geougc-cs/AIHozJJxRGBZt9M49yJOyUbpguneZDAhst8WEuVONTHqMmoOuIJCWuACv2uuaJrNy3XzfSER6EAX_eOgwVk2w-RGsJ-jRMsk0qGIjZxxkSQ4gy2w3Dts06I-i5tjhKIpqJX6c3iG"",""https://lh3.googleusercontent.com/geougc-cs/AIHozJL7984LARJzFrxGFJ18Q6sOiFbZ7YusMwS9jTcx3D1XBk6m79YyhQyUN4AyqfXh2mYL5RwMMgcGAOD2qce-J1TCiaBxBK4SNV-RNcG3wCC5Zx9FKGeLtNY1TYXtUkLdCf-HPOKVig"",,,,,,,,,,,,,,,,,,,,,,,,,,,,,,,,,,,,,,,,,,,,,,,""Google"",,,""28"",,,""3741"",""2025-04-02T02:10:04.574Z"",""Direct Detail URL: https://www.google.com/maps/place/Sungai+Maron+Pacitan/@-8.204503,110.9526434,17z/data=!4m8!3m7!1s0x2e7bdc5940de0881:0x385aa8482534e59a!8m2!3d-8.2045083!4d110.9552183!9m1!1b1!16s%2Fg%2F11f06mb36n?entry=ttu&g_ep=EgoyMDI1MDMzMC4wIKXMDSoASAFQAw%3D%3D"",""5"",""Jawa Timur"",,""false"",""Wisata menyusuri sungai dengan perahu yang sangat menyenangkan."
Waktu tempuh PP sekitar hampir 1 jam. Gak khawatir kehausan dan kelaparan disana karena tersedia warung warung yang murah meriah.
"Swbaiknya datang kesini jangan pas musim hujan karena warna airnya jadi kecoklatan. Antrean perahu gak lama karena armada sangat banyak. 1 perahu bisa muat 4 orang dengan harga yg murah."",,""Sungai Maron Pacitan"",""4.7"",,""https://www.google.com/maps/search/?api=1&query=Sungai%20Maron%20Pacitan&query_place_id=ChIJgQjeQFncey4RmuU0JUioWjg"","
"Maron, Dersono, Kec. Pringkuku, Kabupaten Pacitan, Jawa Timur 63552, Indonesia,""Tujuan Wisata"",""Tujuan Wisata"",""4060743041843258778"",""Kabupaten Pacitan"",""ID"",""0x2e7bdc5940de0881:0x385aa8482534e59a"",""https://lh3.googleusercontent.com/p/AF1QipMNuPRl3Yiq7QhQIJCyERjVOIzFTXzxm5P_ScFH=w408-h306-k-no"",""false"",""true"",""id"",""0"",""-8.2045083"",""110.9552183"",,""Maron, Dersono, Kecamatan Pringkuku"",""id"",""false"",""ChIJgQjeQFncey4RmuU0JUioWjg"",""63552"",,""3 bulan lalu"",""2024-12-22T07:21:54.139Z"",,,,,,,,,,,,,,,,,,,,,,,,,,,,,,,,,,,,,,,,,,,,,,,,,,,,,,,,,,""Google"",,,""15"",,,""3741"",""2025-04-02T02:10:04.574Z"",""Direct Detail URL: https://www.google.com/maps/place/Sungai+Maron+Pacitan/@-8.204503,110.9526434,17z/data=!4m8!3m7!1s0x2e7bdc5940de0881:0x385aa8482534e59a!8m2!3d-8.2045083!4d110.9552183!9m1!1b1!16s%2Fg%2F11f06mb36n?entry=ttu&g_ep=EgoyMDI1MDMzMC4wIKXMDSoASAFQAw%3D%3D"",""5"",""Jawa Timur"",,""false"",""Sangat bagus buat wisata kluarga"",,""Sungai Maron Pacitan"",""4.7"",,""https://www.google.com/maps/search/?api=1&query=Sungai%20Maron%20Pacitan&query_place_id=ChIJgQjeQFncey4RmuU0JUioWjg"","
"Maron, Dersono, Kec. Pringkuku, Kabupaten Pacitan, Jawa Timur 63552, Indonesia,""Tujuan Wisata"",""Tujuan Wisata"",""4060743041843258778"",""Kabupaten Pacitan"",""ID"",""0x2e7bdc5940de0881:0x385aa8482534e59a"",""https://lh3.googleusercontent.com/p/AF1QipMNuPRl3Yiq7QhQIJCyERjVOIzFTXzxm5P_ScFH=w408-h306-k-no"",""false"",""false"",""id"",""0"",""-8.2045083"",""110.9552183"",,""Maron, Dersono, Kecamatan Pringkuku"",""id"",""false"",""ChIJgQjeQFncey4RmuU0JUioWjg"",""63552"",,""3 bulan lalu"",""2024-12-21T10:58:09.936Z"",,,,,,""Akhir pekan"",,,,,,,,,,,,,,,,,,,,,,,,,,,,,,,,,,,,,,,,,,,,,,,,,,,,""Google"",,,""1"",,,""3741"",""2025-04-02T02:10:04.574Z"",""Direct Detail URL: https://www.google.com/maps/place/Sungai+Maron+Pacitan/@-8.204503,110.9526434,17z/data=!4m8!3m7!1s0x2e7bdc5940de0881:0x385aa8482534e59a!8m2!3d-8.2045083!4d110.9552183!9m1!1b1!16s%2Fg%2F11f06mb36n?entry=ttu&g_ep=EgoyMDI1MDMzMC4wIKXMDSoASAFQAw%3D%3D"",""5"",""Jawa Timur"",,""false"",""Sayang sekali waktu kesana sungainya warna coklat"",,""Sungai Maron Pacitan"",""4.7"",,""https://www.google.com/maps/search/?api=1&query=Sungai%20Maron%20Pacitan&query_place_id=ChIJgQjeQFncey4RmuU0JUioWjg"","
"Maron, Dersono, Kec. Pringkuku, Kabupaten Pacitan, Jawa Timur 63552, Indonesia,""Tujuan Wisata"",""Tujuan Wisata"",""4060743041843258778"",""Kabupaten Pacitan"",""ID"",""0x2e7bdc5940de0881:0x385aa8482534e59a"",""https://lh3.googleusercontent.com/p/AF1QipMNuPRl3Yiq7QhQIJCyERjVOIzFTXzxm5P_ScFH=w408-h306-k-no"",""false"",""false"",""id"",""0"",""-8.2045083"",""110.9552183"",,""Maron, Dersono, Kecamatan Pringkuku"",""ms"",""false"",""ChIJgQjeQFncey4RmuU0JUioWjg"",""63552"",,""3 bulan lalu"",""2024-12-19T06:42:53.931Z"",,,,,,,,""https://lh3.googleusercontent.com/geougc-cs/AIHozJLerkUpdnLpLDQ2GJRKXVrq2vOjMDYBoNo_Jj33q6xyhHS4hz4jZWaE3vY6wOR3_r5C0tUnJMsMOoyfvnltgWTiw8cG06EkkOrOzJ3zLJkGHfj-4mnhQ94kOaIXpgQ1IdIb6OAWwQ"",""https://lh3.googleusercontent.com/geougc-cs/AIHozJKtvGMjFB3uIvxRj8cycE5ZJLZuGJ4Tu0B6yvzRTBlCqTCy22mjBlJyTfIjdY_mqNMSkdvwQcEyR9qGFLF0GZzmLOOxMyHhHnSNznB7Xu5oeXCKqk4fNPG8xZnowVf5dQUhCt-l"",,,,,,,,,,,,,,,,,,,,,,,,,,,,,,,,,,,,,,,,,,,,,,,,,""Google"",,,""5"",,,""3741"",""2025-04-02T02:10:04.574Z"",""Direct Detail URL: https://www.google.com/maps/place/Sungai+Maron+Pacitan/@-8.204503,110.9526434,17z/data=!4m8!3m7!1s0x2e7bdc5940de0881:0x385aa8482534e59a!8m2!3d-8.2045083!4d110.9552183!9m1!1b1!16s%2Fg%2F11f06mb36n?entry=ttu&g_ep=EgoyMDI1MDMzMC4wIKXMDSoASAFQAw%3D%3D"",""5"",""Jawa Timur"",,""false"",""Datang pas ujan ujan.. Tp aman kog walaupun bawa balita.. Happy"",""Datanglah saat hujan.. Tapi aman meski membawa balita.. Senang"",""Sungai Maron Pacitan"",""4.7"",""id"",""https://www.google.com/maps/search/?api=1&query=Sungai%20Maron%20Pacitan&query_place_id=ChIJgQjeQFncey4RmuU0JUioWjg"","
"Maron, Dersono, Kec. Pringkuku, Kabupaten Pacitan, Jawa Timur 63552, Indonesia,""Tujuan Wisata"",""Tujuan Wisata"",""4060743041843258778"",""Kabupaten Pacitan"",""ID"",""0x2e7bdc5940de0881:0x385aa8482534e59a"",""https://lh3.googleusercontent.com/p/AF1QipMNuPRl3Yiq7QhQIJCyERjVOIzFTXzxm5P_ScFH=w408-h306-k-no"",""false"",""false"",""id"",""0"",""-8.2045083"",""110.9552183"",,""Maron, Dersono, Kecamatan Pringkuku"",,""false"",""ChIJgQjeQFncey4RmuU0JUioWjg"",""63552"",,""3 bulan lalu"",""2024-12-17T05:28:46.359Z"",,,,,,,,,,,,,,,,,,,,,,,,,,,,,,,,,,,,,,,,,,,,,,,,,,,,,,,,,,""Google"",,,""7"",,,""3741"",""2025-04-02T02:10:04.574Z"",""Direct Detail URL: https://www.google.com/maps/place/Sungai+Maron+Pacitan/@-8.204503,110.9526434,17z/data=!4m8!3m7!1s0x2e7bdc5940de0881:0x385aa8482534e59a!8m2!3d-8.2045083!4d110.9552183!9m1!1b1!16s%2Fg%2F11f06mb36n?entry=ttu&g_ep=EgoyMDI1MDMzMC4wIKXMDSoASAFQAw%3D%3D"",""5"",""Jawa Timur"",,""false"",,,""Sungai Maron Pacitan"",""4.7"",,""https://www.google.com/maps/search/?api=1&query=Sungai%20Maron%20Pacitan&query_place_id=ChIJgQjeQFncey4RmuU0JUioWjg"","
"Maron, Dersono, Kec. Pringkuku, Kabupaten Pacitan, Jawa Timur 63552, Indonesia,""Tujuan Wisata"",""Tujuan Wisata"",""4060743041843258778"",""Kabupaten Pacitan"",""ID"",""0x2e7bdc5940de0881:0x385aa8482534e59a"",""https://lh3.googleusercontent.com/p/AF1QipMNuPRl3Yiq7QhQIJCyERjVOIzFTXzxm5P_ScFH=w408-h306-k-no"",""false"",""false"",""id"",""0"",""-8.2045083"",""110.9552183"",,""Maron, Dersono, Kecamatan Pringkuku"",,""false"",""ChIJgQjeQFncey4RmuU0JUioWjg"",""63552"",,""3 bulan lalu"",""2024-12-14T12:05:28.882Z"",,,,""Tidak"",""Tanpa mengantre"",""Hari biasa"",,,,,,,,,,,,,,,,,,,,,,,,,,,,,,,,,,,,,,,,,,,,,,,,,,,,""Google"",,,""2"",,,""3741"",""2025-04-02T02:10:04.574Z"",""Direct Detail URL: https://www.google.com/maps/place/Sungai+Maron+Pacitan/@-8.204503,110.9526434,17z/data=!4m8!3m7!1s0x2e7bdc5940de0881:0x385aa8482534e59a!8m2!3d-8.2045083!4d110.9552183!9m1!1b1!16s%2Fg%2F11f06mb36n?entry=ttu&g_ep=EgoyMDI1MDMzMC4wIKXMDSoASAFQAw%3D%3D"",""3"",""Jawa Timur"",,""false"",,,""Sungai Maron Pacitan"",""4.7"",,""https://www.google.com/maps/search/?api=1&query=Sungai%20Maron%20Pacitan&query_place_id=ChIJgQjeQFncey4RmuU0JUioWjg"","
"Maron, Dersono, Kec. Pringkuku, Kabupaten Pacitan, Jawa Timur 63552, Indonesia,""Tujuan Wisata"",""Tujuan Wisata"",""4060743041843258778"",""Kabupaten Pacitan"",""ID"",""0x2e7bdc5940de0881:0x385aa8482534e59a"",""https://lh3.googleusercontent.com/p/AF1QipMNuPRl3Yiq7QhQIJCyERjVOIzFTXzxm5P_ScFH=w408-h306-k-no"",""false"",""true"",""id"",""0"",""-8.2045083"",""110.9552183"",,""Maron, Dersono, Kecamatan Pringkuku"",""en"",""false"",""ChIJgQjeQFncey4RmuU0JUioWjg"",""63552"",,""3 bulan lalu"",""2024-12-14T06:53:39.933Z"",,,,,""Maks 10 mnt"",""Hari libur nasional"",,""https://lh3.googleusercontent.com/geougc-cs/AIHozJKlcfkTedkYr7qh6tntl26_GmnbKCKo4cjiHoXys7KCbx_T-tMA14iRoJR2vq3VPFOHjfEBMeXG_sXFzaxfM-7fvA7JLGJ-JtP6LPYJ8EoAJQ_rrbInrzABefsJwP0bsfgFqsr0"",,,,,,,,,,,,,,,,,,,,,,,,,,,,,,,,,,,,,,,,,,,,,,,,,,""Google"",,,""51"",,,""3741"",""2025-04-02T02:10:04.574Z"",""Direct Detail URL: https://www.google.com/maps/place/Sungai+Maron+Pacitan/@-8.204503,110.9526434,17z/data=!4m8!3m7!1s0x2e7bdc5940de0881:0x385aa8482534e59a!8m2!3d-8.2045083!4d110.9552183!9m1!1b1!16s%2Fg%2F11f06mb36n?entry=ttu&g_ep=EgoyMDI1MDMzMC4wIKXMDSoASAFQAw%3D%3D"",""5"",""Jawa Timur"",,""false"",""Amazing trip"",""Perjalanan yang menakjubkan"",""Sungai Maron Pacitan"",""4.7"",""id"",""https://www.google.com/maps/search/?api=1&query=Sungai%20Maron%20Pacitan&query_place_id=ChIJgQjeQFncey4RmuU0JUioWjg"","
"Maron, Dersono, Kec. Pringkuku, Kabupaten Pacitan, Jawa Timur 63552, Indonesia,""Tujuan Wisata"",""Tujuan Wisata"",""4060743041843258778"",""Kabupaten Pacitan"",""ID"",""0x2e7bdc5940de0881:0x385aa8482534e59a"",""https://lh3.googleusercontent.com/p/AF1QipMNuPRl3Yiq7QhQIJCyERjVOIzFTXzxm5P_ScFH=w408-h306-k-no"",""false"",""true"",""id"",""0"",""-8.2045083"",""110.9552183"",,""Maron, Dersono, Kecamatan Pringkuku"",""id"",""false"",""ChIJgQjeQFncey4RmuU0JUioWjg"",""63552"",,""3 bulan lalu"",""2024-12-13T08:59:57.607Z"",,,,""Tidak"",""Tanpa mengantre"",""Hari biasa"",,,,,,,,,,,,,,,,,,,,,,,,,,,,,,,,,,,,,,,,,,,,,,,,,,,,""Google"",,,""28"",,,""3741"",""2025-04-02T02:10:04.574Z"",""Direct Detail URL: https://www.google.com/maps/place/Sungai+Maron+Pacitan/@-8.204503,110.9526434,17z/data=!4m8!3m7!1s0x2e7bdc5940de0881:0x385aa8482534e59a!8m2!3d-8.2045083!4d110.9552183!9m1!1b1!16s%2Fg%2F11f06mb36n?entry=ttu&g_ep=EgoyMDI1MDMzMC4wIKXMDSoASAFQAw%3D%3D"",""4"",""Jawa Timur"",,""false"",""Jangan kesini pas musim hujan. Airnya jadi coklat jadi nggak secantik poto2 di google. Selain itu, the best"",,""Sungai Maron Pacitan"",""4.7"",,""https://www.google.com/maps/search/?api=1&query=Sungai%20Maron%20Pacitan&query_place_id=ChIJgQjeQFncey4RmuU0JUioWjg"","
"Maron, Dersono, Kec. Pringkuku, Kabupaten Pacitan, Jawa Timur 63552, Indonesia,""Tujuan Wisata"",""Tujuan Wisata"",""4060743041843258778"",""Kabupaten Pacitan"",""ID"",""0x2e7bdc5940de0881:0x385aa8482534e59a"",""https://lh3.googleusercontent.com/p/AF1QipMNuPRl3Yiq7QhQIJCyERjVOIzFTXzxm5P_ScFH=w408-h306-k-no"",""false"",""false"",""id"",""0"",""-8.2045083"",""110.9552183"",,""Maron, Dersono, Kecamatan Pringkuku"",,""false"",""ChIJgQjeQFncey4RmuU0JUioWjg"",""63552"",,""3 bulan lalu"",""2024-12-13T05:39:47.057Z"",,,,""Ya"",""Maks 10 mnt"",""Akhir pekan"",,,,,,,,,,,,,,,,,,,,,,,,,,,,,,,,,,,,,,,,,,,,,,,,,,,,""Google"",,,""1"",,,""3741"",""2025-04-02T02:10:04.574Z"",""Direct Detail URL: https://www.google.com/maps/place/Sungai+Maron+Pacitan/@-8.204503,110.9526434,17z/data=!4m8!3m7!1s0x2e7bdc5940de0881:0x385aa8482534e59a!8m2!3d-8.2045083!4d110.9552183!9m1!1b1!16s%2Fg%2F11f06mb36n?entry=ttu&g_ep=EgoyMDI1MDMzMC4wIKXMDSoASAFQAw%3D%3D"",""5"",""Jawa Timur"",,""false"",,,""Sungai Maron Pacitan"",""4.7"",,""https://www.google.com/maps/search/?api=1&query=Sungai%20Maron%20Pacitan&query_place_id=ChIJgQjeQFncey4RmuU0JUioWjg"","
"Maron, Dersono, Kec. Pringkuku, Kabupaten Pacitan, Jawa Timur 63552, Indonesia,""Tujuan Wisata"",""Tujuan Wisata"",""4060743041843258778"",""Kabupaten Pacitan"",""ID"",""0x2e7bdc5940de0881:0x385aa8482534e59a"",""https://lh3.googleusercontent.com/p/AF1QipMNuPRl3Yiq7QhQIJCyERjVOIzFTXzxm5P_ScFH=w408-h306-k-no"",""false"",""true"",""id"",""0"",""-8.2045083"",""110.9552183"",,""Maron, Dersono, Kecamatan Pringkuku"",,""false"",""ChIJgQjeQFncey4RmuU0JUioWjg"",""63552"",,""3 bulan lalu"",""2024-12-12T06:56:14.822Z"",,,,,,,,,,,,,,,,,,,,,,,,,,,,,,,,,,,,,,,,,,,,,,,,,,,,,,,,,,""Google"",,,""8"",,,""3741"",""2025-04-02T02:10:04.574Z"",""Direct Detail URL: https://www.google.com/maps/place/Sungai+Maron+Pacitan/@-8.204503,110.9526434,17z/data=!4m8!3m7!1s0x2e7bdc5940de0881:0x385aa8482534e59a!8m2!3d-8.2045083!4d110.9552183!9m1!1b1!16s%2Fg%2F11f06mb36n?entry=ttu&g_ep=EgoyMDI1MDMzMC4wIKXMDSoASAFQAw%3D%3D"",""5"",""Jawa Timur"",,""false"",,,""Sungai Maron Pacitan"",""4.7"",,""https://www.google.com/maps/search/?api=1&query=Sungai%20Maron%20Pacitan&query_place_id=ChIJgQjeQFncey4RmuU0JUioWjg"","
"Maron, Dersono, Kec. Pringkuku, Kabupaten Pacitan, Jawa Timur 63552, Indonesia,""Tujuan Wisata"",""Tujuan Wisata"",""4060743041843258778"",""Kabupaten Pacitan"",""ID"",""0x2e7bdc5940de0881:0x385aa8482534e59a"",""https://lh3.googleusercontent.com/p/AF1QipMNuPRl3Yiq7QhQIJCyERjVOIzFTXzxm5P_ScFH=w408-h306-k-no"",""false"",""true"",""id"",""0"",""-8.2045083"",""110.9552183"",,""Maron, Dersono, Kecamatan Pringkuku"",,""false"",""ChIJgQjeQFncey4RmuU0JUioWjg"",""63552"",,""3 bulan lalu"",""2024-12-12T03:10:43.378Z"",,,,,,,,,,,,,,,,,,,,,,,,,,,,,,,,,,,,,,,,,,,,,,,,,,,,,,,,,,""Google"",,,""6"",,,""3741"",""2025-04-02T02:10:04.574Z"",""Direct Detail URL: https://www.google.com/maps/place/Sungai+Maron+Pacitan/@-8.204503,110.9526434,17z/data=!4m8!3m7!1s0x2e7bdc5940de0881:0x385aa8482534e59a!8m2!3d-8.2045083!4d110.9552183!9m1!1b1!16s%2Fg%2F11f06mb36n?entry=ttu&g_ep=EgoyMDI1MDMzMC4wIKXMDSoASAFQAw%3D%3D"",""5"",""Jawa Timur"",,""false"",,,""Sungai Maron Pacitan"",""4.7"",,""https://www.google.com/maps/search/?api=1&query=Sungai%20Maron%20Pacitan&query_place_id=ChIJgQjeQFncey4RmuU0JUioWjg"","
"Maron, Dersono, Kec. Pringkuku, Kabupaten Pacitan, Jawa Timur 63552, Indonesia,""Tujuan Wisata"",""Tujuan Wisata"",""4060743041843258778"",""Kabupaten Pacitan"",""ID"",""0x2e7bdc5940de0881:0x385aa8482534e59a"",""https://lh3.googleusercontent.com/p/AF1QipMNuPRl3Yiq7QhQIJCyERjVOIzFTXzxm5P_ScFH=w408-h306-k-no"",""false"",""true"",""id"",""0"",""-8.2045083"",""110.9552183"",,""Maron, Dersono, Kecamatan Pringkuku"",""id"",""false"",""ChIJgQjeQFncey4RmuU0JUioWjg"",""63552"",,""3 bulan lalu"",""2024-12-12T01:12:52.788Z"",,,,,""Tanpa mengantre"",""Akhir pekan"",,""https://lh3.googleusercontent.com/geougc-cs/AIHozJLK3VvK3f7SZ3tNCYdhTMELp3sW-EJosPyMpAppESUaPyglv-oK75tGu0qj_p_5KXzSy3J4pJAAEh8QR8dkV72wNFbA0YXtopQa4FKKRhdPwkqd-L3vAbBO2SioyCCIOTSYQdA4"",""https://lh3.googleusercontent.com/geougc-cs/AIHozJIHKjmjWQdr2pvba5MS3wIzPdYjIs5uIdvXaxf-JQwEL6CC8m_eVipjvOOEaul1uo5ypb57L4FLLgiILhJ2XJd1dT7N-a15hpdv4fo7Ea8Cv8PDNBvDdYjOBAWz3955SuJdLeThuQ"",,,,,,,,,,,,,,,,,,,,,,,,,,,,,,,,,,,,,,,,,,,,,,,,,""Google"",,,""9"",,,""3741"",""2025-04-02T02:10:04.574Z"",""Direct Detail URL: https://www.google.com/maps/place/Sungai+Maron+Pacitan/@-8.204503,110.9526434,17z/data=!4m8!3m7!1s0x2e7bdc5940de0881:0x385aa8482534e59a!8m2!3d-8.2045083!4d110.9552183!9m1!1b1!16s%2Fg%2F11f06mb36n?entry=ttu&g_ep=EgoyMDI1MDMzMC4wIKXMDSoASAFQAw%3D%3D"",""5"",""Jawa Timur"",,""false"",""mantap.... bapak yang bawa perahu baik bisa jadi guide selama perjalanan,tidak ngebut jadi bisa ambil poto"""""",,""Sungai Maron Pacitan"",""4.7"",,""https://www.google.com/maps/search/?api=1&query=Sungai%20Maron%20Pacitan&query_place_id=ChIJgQjeQFncey4RmuU0JUioWjg"","
"Maron, Dersono, Kec. Pringkuku, Kabupaten Pacitan, Jawa Timur 63552, Indonesia,""Tujuan Wisata"",""Tujuan Wisata"",""4060743041843258778"",""Kabupaten Pacitan"",""ID"",""0x2e7bdc5940de0881:0x385aa8482534e59a"",""https://lh3.googleusercontent.com/p/AF1QipMNuPRl3Yiq7QhQIJCyERjVOIzFTXzxm5P_ScFH=w408-h306-k-no"",""false"",""true"",""id"",""0"",""-8.2045083"",""110.9552183"",,""Maron, Dersono, Kecamatan Pringkuku"",,""false"",""ChIJgQjeQFncey4RmuU0JUioWjg"",""63552"",,""3 bulan lalu"",""2024-12-11T11:01:19.242Z"",,,,,,,,,,,,,,,,,,,,,,,,,,,,,,,,,,,,,,,,,,,,,,,,,,,,,,,,,,""Google"",,,""13"",,,""3741"",""2025-04-02T02:10:04.574Z"",""Direct Detail URL: https://www.google.com/maps/place/Sungai+Maron+Pacitan/@-8.204503,110.9526434,17z/data=!4m8!3m7!1s0x2e7bdc5940de0881:0x385aa8482534e59a!8m2!3d-8.2045083!4d110.9552183!9m1!1b1!16s%2Fg%2F11f06mb36n?entry=ttu&g_ep=EgoyMDI1MDMzMC4wIKXMDSoASAFQAw%3D%3D"",""4"",""Jawa Timur"",,""false"",,,""Sungai Maron Pacitan"",""4.7"",,""https://www.google.com/maps/search/?api=1&query=Sungai%20Maron%20Pacitan&query_place_id=ChIJgQjeQFncey4RmuU0JUioWjg"","
"Maron, Dersono, Kec. Pringkuku, Kabupaten Pacitan, Jawa Timur 63552, Indonesia,""Tujuan Wisata"",""Tujuan Wisata"",""4060743041843258778"",""Kabupaten Pacitan"",""ID"",""0x2e7bdc5940de0881:0x385aa8482534e59a"",""https://lh3.googleusercontent.com/p/AF1QipMNuPRl3Yiq7QhQIJCyERjVOIzFTXzxm5P_ScFH=w408-h306-k-no"",""false"",""true"",""id"",""0"",""-8.2045083"",""110.9552183"",,""Maron, Dersono, Kecamatan Pringkuku"",,""false"",""ChIJgQjeQFncey4RmuU0JUioWjg"",""63552"",,""3 bulan lalu"",""2024-12-10T10:51:50.900Z"",,,,""Ya"",""10-30 mnt"",""Akhir pekan"",,,,,,,,,,,,,,,,,,,,,,,,,,,,,,,,,,,,,,,,,,,,,,,,,,,,""Google"",,,""2"",,,""3741"",""2025-04-02T02:10:04.574Z"",""Direct Detail URL: https://www.google.com/maps/place/Sungai+Maron+Pacitan/@-8.204503,110.9526434,17z/data=!4m8!3m7!1s0x2e7bdc5940de0881:0x385aa8482534e59a!8m2!3d-8.2045083!4d110.9552183!9m1!1b1!16s%2Fg%2F11f06mb36n?entry=ttu&g_ep=EgoyMDI1MDMzMC4wIKXMDSoASAFQAw%3D%3D"",""5"",""Jawa Timur"",,""false"",,,""Sungai Maron Pacitan"",""4.7"",,""https://www.google.com/maps/search/?api=1&query=Sungai%20Maron%20Pacitan&query_place_id=ChIJgQjeQFncey4RmuU0JUioWjg"","
"Maron, Dersono, Kec. Pringkuku, Kabupaten Pacitan, Jawa Timur 63552, Indonesia,""Tujuan Wisata"",""Tujuan Wisata"",""4060743041843258778"",""Kabupaten Pacitan"",""ID"",""0x2e7bdc5940de0881:0x385aa8482534e59a"",""https://lh3.googleusercontent.com/p/AF1QipMNuPRl3Yiq7QhQIJCyERjVOIzFTXzxm5P_ScFH=w408-h306-k-no"",""false"",""false"",""id"",""0"",""-8.2045083"",""110.9552183"",,""Maron, Dersono, Kecamatan Pringkuku"",,""false"",""ChIJgQjeQFncey4RmuU0JUioWjg"",""63552"",,""3 bulan lalu"",""2024-12-10T06:44:15.585Z"",,,,,,,,,,,,,,,,,,,,,,,,,,,,,,,,,,,,,,,,,,,,,,,,,,,,,,,,,,""Google"",,,""1"",,,""3741"",""2025-04-02T02:10:04.574Z"",""Direct Detail URL: https://www.google.com/maps/place/Sungai+Maron+Pacitan/@-8.204503,110.9526434,17z/data=!4m8!3m7!1s0x2e7bdc5940de0881:0x385aa8482534e59a!8m2!3d-8.2045083!4d110.9552183!9m1!1b1!16s%2Fg%2F11f06mb36n?entry=ttu&g_ep=EgoyMDI1MDMzMC4wIKXMDSoASAFQAw%3D%3D"",""5"",""Jawa Timur"",,""false"",,,""Sungai Maron Pacitan"",""4.7"",,""https://www.google.com/maps/search/?api=1&query=Sungai%20Maron%20Pacitan&query_place_id=ChIJgQjeQFncey4RmuU0JUioWjg"","
"Maron, Dersono, Kec. Pringkuku, Kabupaten Pacitan, Jawa Timur 63552, Indonesia,""Tujuan Wisata"",""Tujuan Wisata"",""4060743041843258778"",""Kabupaten Pacitan"",""ID"",""0x2e7bdc5940de0881:0x385aa8482534e59a"",""https://lh3.googleusercontent.com/p/AF1QipMNuPRl3Yiq7QhQIJCyERjVOIzFTXzxm5P_ScFH=w408-h306-k-no"",""false"",""true"",""id"",""0"",""-8.2045083"",""110.9552183"",,""Maron, Dersono, Kecamatan Pringkuku"",,""false"",""ChIJgQjeQFncey4RmuU0JUioWjg"",""63552"",,""3 bulan lalu"",""2024-12-10T06:26:28.328Z"",,,,""Tidak yakin"",""Tanpa mengantre"",""Hari biasa"",,""https://lh3.googleusercontent.com/geougc-cs/AIHozJLcEj7C3Z0sgEhHchAp3WhDHFejKp8pvSp_Lc0goP_fjnwjjRx0yYDQiSfc3PUFLoOBPa7aEF3wSvHVhe_xLsyIv3YbqNQCHzjoM8_Fs4b6PthMRS7YR7gzsDxIj4DhGVG-6pgu"",""https://lh3.googleusercontent.com/geougc-cs/AIHozJI2p_XRp-sWBl42zpmjf5Z5BRNd4deaEm1yHaTsjYYkYnkWhSz6G95OH4GADwdxD_aZx3MbPDPwlJvYhjqyOCHd4EfEMZWuRPIQDNqvA6KR79DEpyn5ycn8iLpJt7R0jX2B4HVzHw"",,,,,,,,,,,,,,,,,,,,,,,,,,,,,,,,,,,,,,,,,,,,,,,,,""Google"",,,""11"",,,""3741"",""2025-04-02T02:10:04.574Z"",""Direct Detail URL: https://www.google.com/maps/place/Sungai+Maron+Pacitan/@-8.204503,110.9526434,17z/data=!4m8!3m7!1s0x2e7bdc5940de0881:0x385aa8482534e59a!8m2!3d-8.2045083!4d110.9552183!9m1!1b1!16s%2Fg%2F11f06mb36n?entry=ttu&g_ep=EgoyMDI1MDMzMC4wIKXMDSoASAFQAw%3D%3D"",""5"",""Jawa Timur"",,""false"",,,""Sungai Maron Pacitan"",""4.7"",,""https://www.google.com/maps/search/?api=1&query=Sungai%20Maron%20Pacitan&query_place_id=ChIJgQjeQFncey4RmuU0JUioWjg"","
"Maron, Dersono, Kec. Pringkuku, Kabupaten Pacitan, Jawa Timur 63552, Indonesia,""Tujuan Wisata"",""Tujuan Wisata"",""4060743041843258778"",""Kabupaten Pacitan"",""ID"",""0x2e7bdc5940de0881:0x385aa8482534e59a"",""https://lh3.googleusercontent.com/p/AF1QipMNuPRl3Yiq7QhQIJCyERjVOIzFTXzxm5P_ScFH=w408-h306-k-no"",""false"",""true"",""id"",""0"",""-8.2045083"",""110.9552183"",,""Maron, Dersono, Kecamatan Pringkuku"",""id"",""false"",""ChIJgQjeQFncey4RmuU0JUioWjg"",""63552"",,""3 bulan lalu"",""2024-12-08T16:14:11.094Z"",,,,""Tidak"",""Maks 10 mnt"",""Akhir pekan"",,,,,,,,,,,,,,,,,,,,,,,,,,,,,,,,,,,,,,,,,,,,,,,,,,,,""Google"",,,""36"",,,""3741"",""2025-04-02T02:10:04.574Z"",""Direct Detail URL: https://www.google.com/maps/place/Sungai+Maron+Pacitan/@-8.204503,110.9526434,17z/data=!4m8!3m7!1s0x2e7bdc5940de0881:0x385aa8482534e59a!8m2!3d-8.2045083!4d110.9552183!9m1!1b1!16s%2Fg%2F11f06mb36n?entry=ttu&g_ep=EgoyMDI1MDMzMC4wIKXMDSoASAFQAw%3D%3D"",""5"",""Jawa Timur"",,""false"",""Oke"",,""Sungai Maron Pacitan"",""4.7"",,""https://www.google.com/maps/search/?api=1&query=Sungai%20Maron%20Pacitan&query_place_id=ChIJgQjeQFncey4RmuU0JUioWjg"","
"Maron, Dersono, Kec. Pringkuku, Kabupaten Pacitan, Jawa Timur 63552, Indonesia,""Tujuan Wisata"",""Tujuan Wisata"",""4060743041843258778"",""Kabupaten Pacitan"",""ID"",""0x2e7bdc5940de0881:0x385aa8482534e59a"",""https://lh3.googleusercontent.com/p/AF1QipMNuPRl3Yiq7QhQIJCyERjVOIzFTXzxm5P_ScFH=w408-h306-k-no"",""false"",""true"",""id"",""0"",""-8.2045083"",""110.9552183"",,""Maron, Dersono, Kecamatan Pringkuku"",""id"",""false"",""ChIJgQjeQFncey4RmuU0JUioWjg"",""63552"",,""3 bulan lalu"",""2024-12-05T00:29:34.266Z"",,,,""Tidak"",""Tanpa mengantre"",""Hari biasa"",,""https://lh3.googleusercontent.com/geougc-cs/AIHozJLAzz3Q5CnoSD1t4aa5shbBAismg-Yhl0PmsqTtu5gQI3zbLKClMXxBuZBQOqUxvjODj-vRnhCPQ-vAt_pgnBoJX-1l-iGYbQxUBNU0oT9slf_BpLeuBaasoZCCquz_jLJNx5J3"",,,,,,,,,,,,,,,,,,,,,,,,,,,,,,,,,,,,,,,,,,,,,,,,,,""Google"",,,""8"",,,""3741"",""2025-04-02T02:10:04.574Z"",""Direct Detail URL: https://www.google.com/maps/place/Sungai+Maron+Pacitan/@-8.204503,110.9526434,17z/data=!4m8!3m7!1s0x2e7bdc5940de0881:0x385aa8482534e59a!8m2!3d-8.2045083!4d110.9552183!9m1!1b1!16s%2Fg%2F11f06mb36n?entry=ttu&g_ep=EgoyMDI1MDMzMC4wIKXMDSoASAFQAw%3D%3D"",""5"",""Jawa Timur"",,""false"",""Tempatnya bagus, pemandu perahunya sangat ramah, bersahabat"",,""Sungai Maron Pacitan"",""4.7"",,""https://www.google.com/maps/search/?api=1&query=Sungai%20Maron%20Pacitan&query_place_id=ChIJgQjeQFncey4RmuU0JUioWjg"","
"Maron, Dersono, Kec. Pringkuku, Kabupaten Pacitan, Jawa Timur 63552, Indonesia,""Tujuan Wisata"",""Tujuan Wisata"",""4060743041843258778"",""Kabupaten Pacitan"",""ID"",""0x2e7bdc5940de0881:0x385aa8482534e59a"",""https://lh3.googleusercontent.com/p/AF1QipMNuPRl3Yiq7QhQIJCyERjVOIzFTXzxm5P_ScFH=w408-h306-k-no"",""false"",""true"",""id"",""0"",""-8.2045083"",""110.9552183"",,""Maron, Dersono, Kecamatan Pringkuku"",""id"",""false"",""ChIJgQjeQFncey4RmuU0JUioWjg"",""63552"",,""3 bulan lalu"",""2024-12-04T01:23:03.743Z"",,,,,,,,,,,,,,,,,,,,,,,,,,,,,,,,,,,,,,,,,,,,,,,,,,,,,,,,,,""Google"",,,""10"",,,""3741"",""2025-04-02T02:10:04.574Z"",""Direct Detail URL: https://www.google.com/maps/place/Sungai+Maron+Pacitan/@-8.204503,110.9526434,17z/data=!4m8!3m7!1s0x2e7bdc5940de0881:0x385aa8482534e59a!8m2!3d-8.2045083!4d110.9552183!9m1!1b1!16s%2Fg%2F11f06mb36n?entry=ttu&g_ep=EgoyMDI1MDMzMC4wIKXMDSoASAFQAw%3D%3D"",""5"",""Jawa Timur"",,""false"",""tempat sangat bersih"",,""Sungai Maron Pacitan"",""4.7"",,""https://www.google.com/maps/search/?api=1&query=Sungai%20Maron%20Pacitan&query_place_id=ChIJgQjeQFncey4RmuU0JUioWjg"","
"Maron, Dersono, Kec. Pringkuku, Kabupaten Pacitan, Jawa Timur 63552, Indonesia,""Tujuan Wisata"",""Tujuan Wisata"",""4060743041843258778"",""Kabupaten Pacitan"",""ID"",""0x2e7bdc5940de0881:0x385aa8482534e59a"",""https://lh3.googleusercontent.com/p/AF1QipMNuPRl3Yiq7QhQIJCyERjVOIzFTXzxm5P_ScFH=w408-h306-k-no"",""false"",""false"",""id"",""0"",""-8.2045083"",""110.9552183"",,""Maron, Dersono, Kecamatan Pringkuku"",,""false"",""ChIJgQjeQFncey4RmuU0JUioWjg"",""63552"",,""3 bulan lalu"",""2024-12-03T07:56:40.529Z"",,,,,,,,,,,,,,,,,,,,,,,,,,,,,,,,,,,,,,,,,,,,,,,,,,,,,,,,,,""Google"",,,""1"",,,""3741"",""2025-04-02T02:10:04.574Z"",""Direct Detail URL: https://www.google.com/maps/place/Sungai+Maron+Pacitan/@-8.204503,110.9526434,17z/data=!4m8!3m7!1s0x2e7bdc5940de0881:0x385aa8482534e59a!8m2!3d-8.2045083!4d110.9552183!9m1!1b1!16s%2Fg%2F11f06mb36n?entry=ttu&g_ep=EgoyMDI1MDMzMC4wIKXMDSoASAFQAw%3D%3D"",""5"",""Jawa Timur"",,""false"",,,""Sungai Maron Pacitan"",""4.7"",,""https://www.google.com/maps/search/?api=1&query=Sungai%20Maron%20Pacitan&query_place_id=ChIJgQjeQFncey4RmuU0JUioWjg"","
"Maron, Dersono, Kec. Pringkuku, Kabupaten Pacitan, Jawa Timur 63552, Indonesia,""Tujuan Wisata"",""Tujuan Wisata"",""4060743041843258778"",""Kabupaten Pacitan"",""ID"",""0x2e7bdc5940de0881:0x385aa8482534e59a"",""https://lh3.googleusercontent.com/p/AF1QipMNuPRl3Yiq7QhQIJCyERjVOIzFTXzxm5P_ScFH=w408-h306-k-no"",""false"",""true"",""id"",""0"",""-8.2045083"",""110.9552183"",,""Maron, Dersono, Kecamatan Pringkuku"",""ms"",""false"",""ChIJgQjeQFncey4RmuU0JUioWjg"",""63552"",,""3 bulan lalu"",""2024-12-03T05:56:11.136Z"",,,,,""Tanpa mengantre"",""Hari biasa"",,,,,,,,,,,,,,,,,,,,,,,,,,,,,,,,,,,,,,,,,,,,,,,,,,,,""Google"",,,""13"",,,""3741"",""2025-04-02T02:10:04.574Z"",""Direct Detail URL: https://www.google.com/maps/place/Sungai+Maron+Pacitan/@-8.204503,110.9526434,17z/data=!4m8!3m7!1s0x2e7bdc5940de0881:0x385aa8482534e59a!8m2!3d-8.2045083!4d110.9552183!9m1!1b1!16s%2Fg%2F11f06mb36n?entry=ttu&g_ep=EgoyMDI1MDMzMC4wIKXMDSoASAFQAw%3D%3D"",""5"",""Jawa Timur"",,""false"",""Di musim hujan airnya cokelat, sayang sekali, tp ttp indah."",""Kalau musim hujan airnya coklat, sayang sekali, tapi indah."",""Sungai Maron Pacitan"",""4.7"",""id"",""https://www.google.com/maps/search/?api=1&query=Sungai%20Maron%20Pacitan&query_place_id=ChIJgQjeQFncey4RmuU0JUioWjg"","
"Maron, Dersono, Kec. Pringkuku, Kabupaten Pacitan, Jawa Timur 63552, Indonesia,""Tujuan Wisata"",""Tujuan Wisata"",""4060743041843258778"",""Kabupaten Pacitan"",""ID"",""0x2e7bdc5940de0881:0x385aa8482534e59a"",""https://lh3.googleusercontent.com/p/AF1QipMNuPRl3Yiq7QhQIJCyERjVOIzFTXzxm5P_ScFH=w408-h306-k-no"",""false"",""true"",""id"",""0"",""-8.2045083"",""110.9552183"",,""Maron, Dersono, Kecamatan Pringkuku"",""id"",""false"",""ChIJgQjeQFncey4RmuU0JUioWjg"",""63552"",,""3 bulan lalu"",""2024-12-02T11:30:44.509Z"",,,,,""Tanpa mengantre"",""Hari biasa"",,""https://lh3.googleusercontent.com/geougc-cs/AIHozJJElgH_4e07yML8VKFJmccwxrnneqwenCwyfWW6wdxVWUY4YYLh3AiXw2d4aw_1FlIUI1s0MyNr6_UGfHSSS7BoSdzdHRDnIpFG_7ih8z9_13c-FKu0-WDZoMasJ_GXU0ouBxQeLg"",""https://lh3.googleusercontent.com/geougc-cs/AIHozJLKmTX_Y-uryoYei1ZJfFosxC13qeekTo98kOaMMWLyJv3DTtKEKXDCR3a1ZXf1BScs7oqjKnbWg-aEJda6eOJUtJFM_e7i6ChvnGCuv6RKKpf07b31XEC1W-HJ9sQkTEjOoFkw"",""https://lh3.googleusercontent.com/geougc-cs/AIHozJLddl_Y66L3i6fNO2nGffFNDBjut2YVnQtS6Sf9p1g7ABzgEqMWXXDBxovdSzGiCQUXzXj7RbFsaC7Zi8RyAaR42QKvvAj6ekHEUvY84OM_HO4kjaQRY-tusQb-eo_GAu6y8Pbx0Q"",""https://lh3.googleusercontent.com/geougc-cs/AIHozJJq0vJYkG1CSo8NyqY_YxxczsaBWOlHysKlHTkD-HlXo3In1NONbqNF02r7PrJXY6WcROSk5LSLDCciU4GnDsMFEijtgP1nSFXsi9tR--lcGUGTcRB3InQiBInqrTA179QUHf8"",,,,,,,,,,,,,,,,,,,,,,,,,,,,,,,,,,,,,,,,,,,,,,,""Google"",,,""140"",,,""3741"",""2025-04-02T02:10:04.574Z"",""Direct Detail URL: https://www.google.com/maps/place/Sungai+Maron+Pacitan/@-8.204503,110.9526434,17z/data=!4m8!3m7!1s0x2e7bdc5940de0881:0x385aa8482534e59a!8m2!3d-8.2045083!4d110.9552183!9m1!1b1!16s%2Fg%2F11f06mb36n?entry=ttu&g_ep=EgoyMDI1MDMzMC4wIKXMDSoASAFQAw%3D%3D"",""5"",""Jawa Timur"",,""false"",""Sumpaaahh bagus banget pemandangannya aslii sampaaaii di pantai ngiroboyo, worth sama experiencenya terus sama rute naik kapalnyaa jugaa deh yaa!!!!"",,""Sungai Maron Pacitan"",""4.7"",,""https://www.google.com/maps/search/?api=1&query=Sungai%20Maron%20Pacitan&query_place_id=ChIJgQjeQFncey4RmuU0JUioWjg"","
"Maron, Dersono, Kec. Pringkuku, Kabupaten Pacitan, Jawa Timur 63552, Indonesia,""Tujuan Wisata"",""Tujuan Wisata"",""4060743041843258778"",""Kabupaten Pacitan"",""ID"",""0x2e7bdc5940de0881:0x385aa8482534e59a"",""https://lh3.googleusercontent.com/p/AF1QipMNuPRl3Yiq7QhQIJCyERjVOIzFTXzxm5P_ScFH=w408-h306-k-no"",""false"",""false"",""id"",""0"",""-8.2045083"",""110.9552183"",,""Maron, Dersono, Kecamatan Pringkuku"",,""false"",""ChIJgQjeQFncey4RmuU0JUioWjg"",""63552"",,""3 bulan lalu"",""2024-12-02T03:26:32.101Z"",,,,,,""Hari biasa"",,,,,,,,,,,,,,,,,,,,,,,,,,,,,,,,,,,,,,,,,,,,,,,,,,,,""Google"",,,""5"",,,""3741"",""2025-04-02T02:10:04.574Z"",""Direct Detail URL: https://www.google.com/maps/place/Sungai+Maron+Pacitan/@-8.204503,110.9526434,17z/data=!4m8!3m7!1s0x2e7bdc5940de0881:0x385aa8482534e59a!8m2!3d-8.2045083!4d110.9552183!9m1!1b1!16s%2Fg%2F11f06mb36n?entry=ttu&g_ep=EgoyMDI1MDMzMC4wIKXMDSoASAFQAw%3D%3D"",""5"",""Jawa Timur"",,""false"",,,""Sungai Maron Pacitan"",""4.7"",,""https://www.google.com/maps/search/?api=1&query=Sungai%20Maron%20Pacitan&query_place_id=ChIJgQjeQFncey4RmuU0JUioWjg"","
"Maron, Dersono, Kec. Pringkuku, Kabupaten Pacitan, Jawa Timur 63552, Indonesia,""Tujuan Wisata"",""Tujuan Wisata"",""4060743041843258778"",""Kabupaten Pacitan"",""ID"",""0x2e7bdc5940de0881:0x385aa8482534e59a"",""https://lh3.googleusercontent.com/p/AF1QipMNuPRl3Yiq7QhQIJCyERjVOIzFTXzxm5P_ScFH=w408-h306-k-no"",""false"",""false"",""id"",""0"",""-8.2045083"",""110.9552183"",,""Maron, Dersono, Kecamatan Pringkuku"",""id"",""false"",""ChIJgQjeQFncey4RmuU0JUioWjg"",""63552"",,""4 bulan lalu"",""2024-11-30T13:39:36.817Z"",,,,,,,,""https://lh3.googleusercontent.com/geougc-cs/AIHozJKE-HYjYgNVpm2L0TYnUN2lboYDy-yg8QNJ-1CdhBx1Gky7avtEz1EDxHCwqiKrrCKeswh_lYCU6aUMcfW3HS_quMnsFwdaytIlNDJTz0-hPlv7OV6F6w4kyhNG-SrkMhyP1SCE"",""https://lh3.googleusercontent.com/geougc-cs/AIHozJK_vu87PzQV9uRLE_CpovBCmZs_IrIUEe-qvcAz7YcITRijDnsgLFXMc4zv9Nn39cNP-kaQjC3Y3Merk_cQuv5784ZWDuNZKOA1F4fJfZK5nWT4p6fsDEZgq2RrcDCMujc8a8NL"",,,,,,,,,,,,,,,,,,,,,,,,,,,,,,,,,,,,,,,,,,,,,,,,,""Google"",,,""3"",,,""3741"",""2025-04-02T02:10:04.574Z"",""Direct Detail URL: https://www.google.com/maps/place/Sungai+Maron+Pacitan/@-8.204503,110.9526434,17z/data=!4m8!3m7!1s0x2e7bdc5940de0881:0x385aa8482534e59a!8m2!3d-8.2045083!4d110.9552183!9m1!1b1!16s%2Fg%2F11f06mb36n?entry=ttu&g_ep=EgoyMDI1MDMzMC4wIKXMDSoASAFQAw%3D%3D"",""5"",""Jawa Timur"",,""false"",""Mantappp"",,""Sungai Maron Pacitan"",""4.7"",,""https://www.google.com/maps/search/?api=1&query=Sungai%20Maron%20Pacitan&query_place_id=ChIJgQjeQFncey4RmuU0JUioWjg"","
"Maron, Dersono, Kec. Pringkuku, Kabupaten Pacitan, Jawa Timur 63552, Indonesia,""Tujuan Wisata"",""Tujuan Wisata"",""4060743041843258778"",""Kabupaten Pacitan"",""ID"",""0x2e7bdc5940de0881:0x385aa8482534e59a"",""https://lh3.googleusercontent.com/p/AF1QipMNuPRl3Yiq7QhQIJCyERjVOIzFTXzxm5P_ScFH=w408-h306-k-no"",""false"",""true"",""id"",""0"",""-8.2045083"",""110.9552183"",,""Maron, Dersono, Kecamatan Pringkuku"",""en"",""false"",""ChIJgQjeQFncey4RmuU0JUioWjg"",""63552"",,""4 bulan lalu"",""2024-11-29T13:04:11.625Z"",,,,""Tidak"",""Tanpa mengantre"",""Akhir pekan"",,""https://lh3.googleusercontent.com/geougc-cs/AIHozJIUxcBJDwcmGi_1PuzePju46MXJb7ATdhk1kwGE5APwph1WsNN44lfcste7CVkEobMZRsY9Wbt34c2LPAizZL3xq2ZQr8z9mge52v3kheltXdeSHgoFQtSvGBDvgXZ73PF8kXth"",""https://lh3.googleusercontent.com/geougc-cs/AIHozJLm4lYzoTNRz22pmY4MC6o905zuMhdBwHcLNPcpQXSM5pHeCotM2PM0HjLdZFT3RheFP3CgJfb_fb-T02EtF5o1aWgXLwVv-DIKL8nIGMhGtOg6BvCAFXLomiMexrfenAGBzTdYVg"",""https://lh3.googleusercontent.com/geougc-cs/AIHozJI4-jLL0cvTo_EvAQtCQgg3qSsrpW8J4KliiEmSiBdhjtXvBK8gtI74bQU5qhazAzI7Nmi8mfxEvbFAZ6CX1gttPNama1zyvoT15qcaUVZl2NbvdDaftCJhZt1XjleUJHwHaobS"",,,,,,,,,,,,,,,,,,,,,,,,,,,,,,,,,,,,,,,,,,,,,,,,""Google"",,,""172"",,,""3741"",""2025-04-02T02:10:04.574Z"",""Direct Detail URL: https://www.google.com/maps/place/Sungai+Maron+Pacitan/@-8.204503,110.9526434,17z/data=!4m8!3m7!1s0x2e7bdc5940de0881:0x385aa8482534e59a!8m2!3d-8.2045083!4d110.9552183!9m1!1b1!16s%2Fg%2F11f06mb36n?entry=ttu&g_ep=EgoyMDI1MDMzMC4wIKXMDSoASAFQAw%3D%3D"",""4"",""Jawa Timur"",,""false"",""Fresh & syegerrr"",""Segar & syegerrr"",""Sungai Maron Pacitan"",""4.7"",""id"",""https://www.google.com/maps/search/?api=1&query=Sungai%20Maron%20Pacitan&query_place_id=ChIJgQjeQFncey4RmuU0JUioWjg"","
"Maron, Dersono, Kec. Pringkuku, Kabupaten Pacitan, Jawa Timur 63552, Indonesia,""Tujuan Wisata"",""Tujuan Wisata"",""4060743041843258778"",""Kabupaten Pacitan"",""ID"",""0x2e7bdc5940de0881:0x385aa8482534e59a"",""https://lh3.googleusercontent.com/p/AF1QipMNuPRl3Yiq7QhQIJCyERjVOIzFTXzxm5P_ScFH=w408-h306-k-no"",""false"",""true"",""id"",""0"",""-8.2045083"",""110.9552183"",,""Maron, Dersono, Kecamatan Pringkuku"",,""false"",""ChIJgQjeQFncey4RmuU0JUioWjg"",""63552"",,""4 bulan lalu"",""2024-11-28T21:51:52.412Z"",,,,,,,,,,,,,,,,,,,,,,,,,,,,,,,,,,,,,,,,,,,,,,,,,,,,,,,,,,""Google"",,,""30"",,,""3741"",""2025-04-02T02:10:04.574Z"",""Direct Detail URL: https://www.google.com/maps/place/Sungai+Maron+Pacitan/@-8.204503,110.9526434,17z/data=!4m8!3m7!1s0x2e7bdc5940de0881:0x385aa8482534e59a!8m2!3d-8.2045083!4d110.9552183!9m1!1b1!16s%2Fg%2F11f06mb36n?entry=ttu&g_ep=EgoyMDI1MDMzMC4wIKXMDSoASAFQAw%3D%3D"",""5"",""Jawa Timur"",,""false"",,,""Sungai Maron Pacitan"",""4.7"",,""https://www.google.com/maps/search/?api=1&query=Sungai%20Maron%20Pacitan&query_place_id=ChIJgQjeQFncey4RmuU0JUioWjg"","
"Maron, Dersono, Kec. Pringkuku, Kabupaten Pacitan, Jawa Timur 63552, Indonesia,""Tujuan Wisata"",""Tujuan Wisata"",""4060743041843258778"",""Kabupaten Pacitan"",""ID"",""0x2e7bdc5940de0881:0x385aa8482534e59a"",""https://lh3.googleusercontent.com/p/AF1QipMNuPRl3Yiq7QhQIJCyERjVOIzFTXzxm5P_ScFH=w408-h306-k-no"",""false"",""false"",""id"",""0"",""-8.2045083"",""110.9552183"",,""Maron, Dersono, Kecamatan Pringkuku"",""id"",""false"",""ChIJgQjeQFncey4RmuU0JUioWjg"",""63552"",,""4 bulan lalu"",""2024-11-27T01:56:00.447Z"",,,,,,,,,,,,,,,,,,,,,,,,,,,,,,,,,,,,,,,,,,,,,,,,,,,,,,,,,,""Google"",,,""1"",,,""3741"",""2025-04-02T02:10:04.574Z"",""Direct Detail URL: https://www.google.com/maps/place/Sungai+Maron+Pacitan/@-8.204503,110.9526434,17z/data=!4m8!3m7!1s0x2e7bdc5940de0881:0x385aa8482534e59a!8m2!3d-8.2045083!4d110.9552183!9m1!1b1!16s%2Fg%2F11f06mb36n?entry=ttu&g_ep=EgoyMDI1MDMzMC4wIKXMDSoASAFQAw%3D%3D"",""1"",""Jawa Timur"",,""false"",""Bau Sungai dan antri tiket banyak orang"",,""Sungai Maron Pacitan"",""4.7"",,""https://www.google.com/maps/search/?api=1&query=Sungai%20Maron%20Pacitan&query_place_id=ChIJgQjeQFncey4RmuU0JUioWjg"","
"Maron, Dersono, Kec. Pringkuku, Kabupaten Pacitan, Jawa Timur 63552, Indonesia,""Tujuan Wisata"",""Tujuan Wisata"",""4060743041843258778"",""Kabupaten Pacitan"",""ID"",""0x2e7bdc5940de0881:0x385aa8482534e59a"",""https://lh3.googleusercontent.com/p/AF1QipMNuPRl3Yiq7QhQIJCyERjVOIzFTXzxm5P_ScFH=w408-h306-k-no"",""false"",""true"",""id"",""0"",""-8.2045083"",""110.9552183"",,""Maron, Dersono, Kecamatan Pringkuku"",,""false"",""ChIJgQjeQFncey4RmuU0JUioWjg"",""63552"",,""4 bulan lalu"",""2024-11-25T00:18:13.850Z"",,,,""Tidak"",""Tanpa mengantre"",""Akhir pekan"",,,,,,,,,,,,,,,,,,,,,,,,,,,,,,,,,,,,,,,,,,,,,,,,,,,,""Google"",,,""206"",,,""3741"",""2025-04-02T02:10:04.574Z"",""Direct Detail URL: https://www.google.com/maps/place/Sungai+Maron+Pacitan/@-8.204503,110.9526434,17z/data=!4m8!3m7!1s0x2e7bdc5940de0881:0x385aa8482534e59a!8m2!3d-8.2045083!4d110.9552183!9m1!1b1!16s%2Fg%2F11f06mb36n?entry=ttu&g_ep=EgoyMDI1MDMzMC4wIKXMDSoASAFQAw%3D%3D"",""5"",""Jawa Timur"",,""false"",,,""Sungai Maron Pacitan"",""4.7"",,""https://www.google.com/maps/search/?api=1&query=Sungai%20Maron%20Pacitan&query_place_id=ChIJgQjeQFncey4RmuU0JUioWjg"","
"Maron, Dersono, Kec. Pringkuku, Kabupaten Pacitan, Jawa Timur 63552, Indonesia,""Tujuan Wisata"",""Tujuan Wisata"",""4060743041843258778"",""Kabupaten Pacitan"",""ID"",""0x2e7bdc5940de0881:0x385aa8482534e59a"",""https://lh3.googleusercontent.com/p/AF1QipMNuPRl3Yiq7QhQIJCyERjVOIzFTXzxm5P_ScFH=w408-h306-k-no"",""false"",""false"",""id"",""0"",""-8.2045083"",""110.9552183"",,""Maron, Dersono, Kecamatan Pringkuku"",,""false"",""ChIJgQjeQFncey4RmuU0JUioWjg"",""63552"",,""4 bulan lalu"",""2024-11-24T18:21:41.004Z"",,,,,,,,,,,,,,,,,,,,,,,,,,,,,,,,,,,,,,,,,,,,,,,,,,,,,,,,,,""Google"",,,""2"",,,""3741"",""2025-04-02T02:10:04.574Z"",""Direct Detail URL: https://www.google.com/maps/place/Sungai+Maron+Pacitan/@-8.204503,110.9526434,17z/data=!4m8!3m7!1s0x2e7bdc5940de0881:0x385aa8482534e59a!8m2!3d-8.2045083!4d110.9552183!9m1!1b1!16s%2Fg%2F11f06mb36n?entry=ttu&g_ep=EgoyMDI1MDMzMC4wIKXMDSoASAFQAw%3D%3D"",""5"",""Jawa Timur"",,""false"",,,""Sungai Maron Pacitan"",""4.7"",,""https://www.google.com/maps/search/?api=1&query=Sungai%20Maron%20Pacitan&query_place_id=ChIJgQjeQFncey4RmuU0JUioWjg"","
"Maron, Dersono, Kec. Pringkuku, Kabupaten Pacitan, Jawa Timur 63552, Indonesia,""Tujuan Wisata"",""Tujuan Wisata"",""4060743041843258778"",""Kabupaten Pacitan"",""ID"",""0x2e7bdc5940de0881:0x385aa8482534e59a"",""https://lh3.googleusercontent.com/p/AF1QipMNuPRl3Yiq7QhQIJCyERjVOIzFTXzxm5P_ScFH=w408-h306-k-no"",""false"",""false"",""id"",""0"",""-8.2045083"",""110.9552183"",,""Maron, Dersono, Kecamatan Pringkuku"",,""false"",""ChIJgQjeQFncey4RmuU0JUioWjg"",""63552"",,""4 bulan lalu"",""2024-11-24T11:48:02.433Z"",,,,,,,,,,,,,,,,,,,,,,,,,,,,,,,,,,,,,,,,,,,,,,,,,,,,,,,,,,""Google"",,,""2"",,,""3741"",""2025-04-02T02:10:04.574Z"",""Direct Detail URL: https://www.google.com/maps/place/Sungai+Maron+Pacitan/@-8.204503,110.9526434,17z/data=!4m8!3m7!1s0x2e7bdc5940de0881:0x385aa8482534e59a!8m2!3d-8.2045083!4d110.9552183!9m1!1b1!16s%2Fg%2F11f06mb36n?entry=ttu&g_ep=EgoyMDI1MDMzMC4wIKXMDSoASAFQAw%3D%3D"",""5"",""Jawa Timur"",,""false"",,,""Sungai Maron Pacitan"",""4.7"",,""https://www.google.com/maps/search/?api=1&query=Sungai%20Maron%20Pacitan&query_place_id=ChIJgQjeQFncey4RmuU0JUioWjg"","
"Maron, Dersono, Kec. Pringkuku, Kabupaten Pacitan, Jawa Timur 63552, Indonesia,""Tujuan Wisata"",""Tujuan Wisata"",""4060743041843258778"",""Kabupaten Pacitan"",""ID"",""0x2e7bdc5940de0881:0x385aa8482534e59a"",""https://lh3.googleusercontent.com/p/AF1QipMNuPRl3Yiq7QhQIJCyERjVOIzFTXzxm5P_ScFH=w408-h306-k-no"",""false"",""true"",""id"",""0"",""-8.2045083"",""110.9552183"",,""Maron, Dersono, Kecamatan Pringkuku"",,""false"",""ChIJgQjeQFncey4RmuU0JUioWjg"",""63552"",,""4 bulan lalu"",""2024-11-23T13:16:03.632Z"",,,,,,,,""https://lh3.googleusercontent.com/geougc-cs/AIHozJKRUfpMU5CUoxcapZukkN9DgES4ts-49qx47jSRZyN24iZxzJoR0wGzWFJZ0Qn7BIS9kHhShecmEqHLhlkbbA8lv7DEHOB15iYsShtTMLo3WSuJZ6Unje5JLEKtZcSyXD09dsza"",,,,,,,,,,,,,,,,,,,,,,,,,,,,,,,,,,,,,,,,,,,,,,,,,,""Google"",,,""7"",,,""3741"",""2025-04-02T02:10:04.574Z"",""Direct Detail URL: https://www.google.com/maps/place/Sungai+Maron+Pacitan/@-8.204503,110.9526434,17z/data=!4m8!3m7!1s0x2e7bdc5940de0881:0x385aa8482534e59a!8m2!3d-8.2045083!4d110.9552183!9m1!1b1!16s%2Fg%2F11f06mb36n?entry=ttu&g_ep=EgoyMDI1MDMzMC4wIKXMDSoASAFQAw%3D%3D"",""5"",""Jawa Timur"",,""false"",,,""Sungai Maron Pacitan"",""4.7"",,""https://www.google.com/maps/search/?api=1&query=Sungai%20Maron%20Pacitan&query_place_id=ChIJgQjeQFncey4RmuU0JUioWjg"","
"Maron, Dersono, Kec. Pringkuku, Kabupaten Pacitan, Jawa Timur 63552, Indonesia,""Tujuan Wisata"",""Tujuan Wisata"",""4060743041843258778"",""Kabupaten Pacitan"",""ID"",""0x2e7bdc5940de0881:0x385aa8482534e59a"",""https://lh3.googleusercontent.com/p/AF1QipMNuPRl3Yiq7QhQIJCyERjVOIzFTXzxm5P_ScFH=w408-h306-k-no"",""false"",""true"",""id"",""0"",""-8.2045083"",""110.9552183"",,""Maron, Dersono, Kecamatan Pringkuku"",""id"",""false"",""ChIJgQjeQFncey4RmuU0JUioWjg"",""63552"",,""4 bulan lalu"",""2024-11-21T14:07:15.663Z"",,,,""Tidak yakin"",""Tanpa mengantre"",""Hari biasa"",,""https://lh3.googleusercontent.com/geougc-cs/AIHozJJ8c-qCpY2ugsmFozqgjCilF21loB1fDcp1V2SJ3KFwsYsp2phgCkKxJA5DXRDOaGomNPqBRdQhNhhz35XExh86L0atP1FoOca9n4Z--S4QAfVPHcfAzG5JPvvWEfXj_aCVD4KVog"",""https://lh3.googleusercontent.com/geougc-cs/AIHozJJxumXwFsCrjVhLpbft0ltb3ir_Ow0lYXEWJBeY8N4ons48lYubrgz5kR85OFTVPbXv5lLplSqbIyDVd95jEwrRlSeX_-UO3FfFL9DdC9pAG-YeM0q3FRpTM7D_tpYOKWNG-7-6"",""https://lh3.googleusercontent.com/geougc-cs/AIHozJKzUdRy3v0WuyJFB-vuWKJIm-7s9jk7wlnJoWsMA85Uq31CMgXy1E67Vhp3UgGVIivlV65nSyarI-N57O0h5jPPnBW9wVx_nTBQYwSP-uM9bE5JKmStr1MurzM2gvvsEWrqxhe1BA"",,,,,,,,,,,,,,,,,,,,,,,,,,,,,,,,,,,,,,,,,,,,,,,,""Google"",,,""42"",,,""3741"",""2025-04-02T02:10:04.574Z"",""Direct Detail URL: https://www.google.com/maps/place/Sungai+Maron+Pacitan/@-8.204503,110.9526434,17z/data=!4m8!3m7!1s0x2e7bdc5940de0881:0x385aa8482534e59a!8m2!3d-8.2045083!4d110.9552183!9m1!1b1!16s%2Fg%2F11f06mb36n?entry=ttu&g_ep=EgoyMDI1MDMzMC4wIKXMDSoASAFQAw%3D%3D"",""4"",""Jawa Timur"",,""false"",""Tempat yang indah, di cuaca cerah. Semoga bisa balek main kesini"",,""Sungai Maron Pacitan"",""4.7"",,""https://www.google.com/maps/search/?api=1&query=Sungai%20Maron%20Pacitan&query_place_id=ChIJgQjeQFncey4RmuU0JUioWjg"","
"Maron, Dersono, Kec. Pringkuku, Kabupaten Pacitan, Jawa Timur 63552, Indonesia,""Tujuan Wisata"",""Tujuan Wisata"",""4060743041843258778"",""Kabupaten Pacitan"",""ID"",""0x2e7bdc5940de0881:0x385aa8482534e59a"",""https://lh3.googleusercontent.com/p/AF1QipMNuPRl3Yiq7QhQIJCyERjVOIzFTXzxm5P_ScFH=w408-h306-k-no"",""false"",""false"",""id"",""0"",""-8.2045083"",""110.9552183"",,""Maron, Dersono, Kecamatan Pringkuku"",,""false"",""ChIJgQjeQFncey4RmuU0JUioWjg"",""63552"",,""4 bulan lalu"",""2024-11-19T06:03:35.647Z"",,,,""Tidak"",,""Hari biasa"",,,,,,,,,,,,,,,,,,,,,,,,,,,,,,,,,,,,,,,,,,,,,,,,,,,,""Google"",,,""5"",,,""3741"",""2025-04-02T02:10:04.574Z"",""Direct Detail URL: https://www.google.com/maps/place/Sungai+Maron+Pacitan/@-8.204503,110.9526434,17z/data=!4m8!3m7!1s0x2e7bdc5940de0881:0x385aa8482534e59a!8m2!3d-8.2045083!4d110.9552183!9m1!1b1!16s%2Fg%2F11f06mb36n?entry=ttu&g_ep=EgoyMDI1MDMzMC4wIKXMDSoASAFQAw%3D%3D"",""5"",""Jawa Timur"",,""false"",,,""Sungai Maron Pacitan"",""4.7"",,""https://www.google.com/maps/search/?api=1&query=Sungai%20Maron%20Pacitan&query_place_id=ChIJgQjeQFncey4RmuU0JUioWjg"","
"Maron, Dersono, Kec. Pringkuku, Kabupaten Pacitan, Jawa Timur 63552, Indonesia,""Tujuan Wisata"",""Tujuan Wisata"",""4060743041843258778"",""Kabupaten Pacitan"",""ID"",""0x2e7bdc5940de0881:0x385aa8482534e59a"",""https://lh3.googleusercontent.com/p/AF1QipMNuPRl3Yiq7QhQIJCyERjVOIzFTXzxm5P_ScFH=w408-h306-k-no"",""false"",""false"",""id"",""0"",""-8.2045083"",""110.9552183"",,""Maron, Dersono, Kecamatan Pringkuku"",""id"",""false"",""ChIJgQjeQFncey4RmuU0JUioWjg"",""63552"",,""4 bulan lalu"",""2024-11-18T16:49:06.063Z"",,,,""Tidak"",""10-30 mnt"",""Akhir pekan"",,""https://lh3.googleusercontent.com/geougc-cs/AIHozJJyJHnoLRrY6-QeYgVLTrm2DBMeORmpf29Y_YGvtoh-GSLyXhx7ERVkreX13YJl6gv_byEJGZXIhAKwwvrwoQu-tUPFBOOIKGcK6ZFfjkIcmcp1UK6BQ-lngGnSbfG-sNKVwZyQNA"",,,,,,,,,,,,,,,,,,,,,,,,,,,,,,,,,,,,,,,,,,,,,,,,,,""Google"",,,""5"",,,""3741"",""2025-04-02T02:10:04.574Z"",""Direct Detail URL: https://www.google.com/maps/place/Sungai+Maron+Pacitan/@-8.204503,110.9526434,17z/data=!4m8!3m7!1s0x2e7bdc5940de0881:0x385aa8482534e59a!8m2!3d-8.2045083!4d110.9552183!9m1!1b1!16s%2Fg%2F11f06mb36n?entry=ttu&g_ep=EgoyMDI1MDMzMC4wIKXMDSoASAFQAw%3D%3D"",""5"",""Jawa Timur"",,""false"",""Walaupun musim hujan, beruntung airnya g coklat"",,""Sungai Maron Pacitan"",""4.7"",,""https://www.google.com/maps/search/?api=1&query=Sungai%20Maron%20Pacitan&query_place_id=ChIJgQjeQFncey4RmuU0JUioWjg"","
"Maron, Dersono, Kec. Pringkuku, Kabupaten Pacitan, Jawa Timur 63552, Indonesia,""Tujuan Wisata"",""Tujuan Wisata"",""4060743041843258778"",""Kabupaten Pacitan"",""ID"",""0x2e7bdc5940de0881:0x385aa8482534e59a"",""https://lh3.googleusercontent.com/p/AF1QipMNuPRl3Yiq7QhQIJCyERjVOIzFTXzxm5P_ScFH=w408-h306-k-no"",""false"",""false"",""id"",""0"",""-8.2045083"",""110.9552183"",,""Maron, Dersono, Kecamatan Pringkuku"",,""false"",""ChIJgQjeQFncey4RmuU0JUioWjg"",""63552"",,""4 bulan lalu"",""2024-11-18T08:59:36.932Z"",,,,,,,,,,,,,,,,,,,,,,,,,,,,,,,,,,,,,,,,,,,,,,,,,,,,,,,,,,""Google"",,,""6"",,,""3741"",""2025-04-02T02:10:04.574Z"",""Direct Detail URL: https://www.google.com/maps/place/Sungai+Maron+Pacitan/@-8.204503,110.9526434,17z/data=!4m8!3m7!1s0x2e7bdc5940de0881:0x385aa8482534e59a!8m2!3d-8.2045083!4d110.9552183!9m1!1b1!16s%2Fg%2F11f06mb36n?entry=ttu&g_ep=EgoyMDI1MDMzMC4wIKXMDSoASAFQAw%3D%3D"",""1"",""Jawa Timur"",,""false"",,,""Sungai Maron Pacitan"",""4.7"",,""https://www.google.com/maps/search/?api=1&query=Sungai%20Maron%20Pacitan&query_place_id=ChIJgQjeQFncey4RmuU0JUioWjg"","
"Maron, Dersono, Kec. Pringkuku, Kabupaten Pacitan, Jawa Timur 63552, Indonesia,""Tujuan Wisata"",""Tujuan Wisata"",""4060743041843258778"",""Kabupaten Pacitan"",""ID"",""0x2e7bdc5940de0881:0x385aa8482534e59a"",""https://lh3.googleusercontent.com/p/AF1QipMNuPRl3Yiq7QhQIJCyERjVOIzFTXzxm5P_ScFH=w408-h306-k-no"",""false"",""true"",""id"",""0"",""-8.2045083"",""110.9552183"",,""Maron, Dersono, Kecamatan Pringkuku"",""id"",""false"",""ChIJgQjeQFncey4RmuU0JUioWjg"",""63552"",,""4 bulan lalu"",""2024-11-17T07:10:52.450Z"",,,,""Ya"",""10-30 mnt"",""Akhir pekan"",,""https://lh3.googleusercontent.com/geougc-cs/AIHozJKHai_UmQRr6Rnuh_aT7Jh3wtRPua7CGz9FeBfKVNW61u3vrDTE3w8qsb8sdEjvL1QyjLBQNdwvA-EzOqP5As-QC1iUlEmXmc-IdR-LmASgKubeT_IK-UoRVEHGEuiUMvKy6SYZyw"",""https://lh3.googleusercontent.com/geougc-cs/AIHozJIA1I5MpBvINPJJITW4fbKcB6bvCYVvoB9bvfAN5d66aDKqHfSN_uTJmo4e4iWrebMk7lIW77j1cwbfvpbfkmSd-rKhP9L3FYB5GPtMVMJtI8MBj4HXshXkAddtq6WdrsJ4BZiz"",""https://lh3.googleusercontent.com/geougc-cs/AIHozJKZ-fSX5fJY8U_zhQc9KL7svYbXPS7xQ8w7A-amu24cGrC4odn5JMfqh5QPUQiSHnm7JdrGdPdxJ6nIsLP9fnK3EQju0qh1JARuDXWZNpk1-jsVmA8W3_IUPAwCs5uuCqyPEiNJ_w"",""https://lh3.googleusercontent.com/geougc-cs/AIHozJJP5h1yDCvEHKXlZ9Xpbblr4nOxFjZ3D_HJKjJwBh4G59RoNOACWICpnlMHEUnLPwBNgod6cGZmvq9l3wHYKiwcov6I2mwOr3tdrIrURl_Q-J2naAFXKVtUYRgZO7TSy71ogqgY"",""https://lh3.googleusercontent.com/geougc-cs/AIHozJI-UxtGAi4vf0cPgFqK5w5Dcw_NlRH4GVughjddCv2swwIPdHXXm1gV_UDqiZC75r0_uUoJ56xKCegT9b8kZZWLNNtLCTtd6dA0syM-A7rzvwm5jaPe9L9CDGw99F_6kOi7FOLxHA"",,,,,,,,,,,,,,,,,,,,,,,,,,,,,,,,,,,,,,,,,,,,,,""Google"",,,""169"",,,""3741"",""2025-04-02T02:10:04.574Z"",""Direct Detail URL: https://www.google.com/maps/place/Sungai+Maron+Pacitan/@-8.204503,110.9526434,17z/data=!4m8!3m7!1s0x2e7bdc5940de0881:0x385aa8482534e59a!8m2!3d-8.2045083!4d110.9552183!9m1!1b1!16s%2Fg%2F11f06mb36n?entry=ttu&g_ep=EgoyMDI1MDMzMC4wIKXMDSoASAFQAw%3D%3D"",""5"",""Jawa Timur"",,""false"",""Seru.. assikkk.. keren..."",,""Sungai Maron Pacitan"",""4.7"",,""https://www.google.com/maps/search/?api=1&query=Sungai%20Maron%20Pacitan&query_place_id=ChIJgQjeQFncey4RmuU0JUioWjg"","
"Maron, Dersono, Kec. Pringkuku, Kabupaten Pacitan, Jawa Timur 63552, Indonesia,""Tujuan Wisata"",""Tujuan Wisata"",""4060743041843258778"",""Kabupaten Pacitan"",""ID"",""0x2e7bdc5940de0881:0x385aa8482534e59a"",""https://lh3.googleusercontent.com/p/AF1QipMNuPRl3Yiq7QhQIJCyERjVOIzFTXzxm5P_ScFH=w408-h306-k-no"",""false"",""false"",""id"",""0"",""-8.2045083"",""110.9552183"",,""Maron, Dersono, Kecamatan Pringkuku"",""id"",""false"",""ChIJgQjeQFncey4RmuU0JUioWjg"",""63552"",,""4 bulan lalu"",""2024-11-16T08:33:18.648Z"",,,,,,,,""https://lh3.googleusercontent.com/geougc-cs/AIHozJLn54IKW8_Fz30dSwO1XppM7eUmPGh67eUsVeFaZepDCHT24NohUs8_vcLxwx72O4BfR8uxHZVNk5QXyWD_0-zPXfxDBknH650DzwIS6IYVF66Xg_KEKwHJCz8FFXkk-K92V0Rp"",""https://lh3.googleusercontent.com/geougc-cs/AIHozJK4T7EFMlfgVmHHEvTr9Klbnpl6-o7E3i3dBZZU3PN8frm9iehIqRWaL4j0LEI4Mo8Aql3m6aUyVmQXwv8esP0MgeejSumsG7LBXhsXzRk51MtJKo_ELS4QJ3qwlEV8PcqupOKe9g"",,,,,,,,,,,,,,,,,,,,,,,,,,,,,,,,,,,,,,,,,,,,,,,,,""Google"",,,""3"",,,""3741"",""2025-04-02T02:10:04.574Z"",""Direct Detail URL: https://www.google.com/maps/place/Sungai+Maron+Pacitan/@-8.204503,110.9526434,17z/data=!4m8!3m7!1s0x2e7bdc5940de0881:0x385aa8482534e59a!8m2!3d-8.2045083!4d110.9552183!9m1!1b1!16s%2Fg%2F11f06mb36n?entry=ttu&g_ep=EgoyMDI1MDMzMC4wIKXMDSoASAFQAw%3D%3D"",""5"",""Jawa Timur"",,""false"",""Serunya sungai maron 🫰🏼"",,""Sungai Maron Pacitan"",""4.7"",,""https://www.google.com/maps/search/?api=1&query=Sungai%20Maron%20Pacitan&query_place_id=ChIJgQjeQFncey4RmuU0JUioWjg"","
"Maron, Dersono, Kec. Pringkuku, Kabupaten Pacitan, Jawa Timur 63552, Indonesia,""Tujuan Wisata"",""Tujuan Wisata"",""4060743041843258778"",""Kabupaten Pacitan"",""ID"",""0x2e7bdc5940de0881:0x385aa8482534e59a"",""https://lh3.googleusercontent.com/p/AF1QipMNuPRl3Yiq7QhQIJCyERjVOIzFTXzxm5P_ScFH=w408-h306-k-no"",""false"",""true"",""id"",""0"",""-8.2045083"",""110.9552183"",,""Maron, Dersono, Kecamatan Pringkuku"",,""false"",""ChIJgQjeQFncey4RmuU0JUioWjg"",""63552"",,""4 bulan lalu"",""2024-11-16T02:04:50.155Z"",,,,""Tidak"",,""Akhir pekan"",,,,,,,,,,,,,,,,,,,,,,,,,,,,,,,,,,,,,,,,,,,,,,,,,,,,""Google"",,,""2"",,,""3741"",""2025-04-02T02:10:04.574Z"",""Direct Detail URL: https://www.google.com/maps/place/Sungai+Maron+Pacitan/@-8.204503,110.9526434,17z/data=!4m8!3m7!1s0x2e7bdc5940de0881:0x385aa8482534e59a!8m2!3d-8.2045083!4d110.9552183!9m1!1b1!16s%2Fg%2F11f06mb36n?entry=ttu&g_ep=EgoyMDI1MDMzMC4wIKXMDSoASAFQAw%3D%3D"",""5"",""Jawa Timur"",,""false"",,,""Sungai Maron Pacitan"",""4.7"",,""https://www.google.com/maps/search/?api=1&query=Sungai%20Maron%20Pacitan&query_place_id=ChIJgQjeQFncey4RmuU0JUioWjg"","
"Maron, Dersono, Kec. Pringkuku, Kabupaten Pacitan, Jawa Timur 63552, Indonesia,""Tujuan Wisata"",""Tujuan Wisata"",""4060743041843258778"",""Kabupaten Pacitan"",""ID"",""0x2e7bdc5940de0881:0x385aa8482534e59a"",""https://lh3.googleusercontent.com/p/AF1QipMNuPRl3Yiq7QhQIJCyERjVOIzFTXzxm5P_ScFH=w408-h306-k-no"",""false"",""false"",""id"",""0"",""-8.2045083"",""110.9552183"",,""Maron, Dersono, Kecamatan Pringkuku"",,""false"",""ChIJgQjeQFncey4RmuU0JUioWjg"",""63552"",,""4 bulan lalu"",""2024-11-15T21:16:09.209Z"",,,,,,,,,,,,,,,,,,,,,,,,,,,,,,,,,,,,,,,,,,,,,,,,,,,,,,,,,,""Google"",,,""0"",,,""3741"",""2025-04-02T02:10:04.574Z"",""Direct Detail URL: https://www.google.com/maps/place/Sungai+Maron+Pacitan/@-8.204503,110.9526434,17z/data=!4m8!3m7!1s0x2e7bdc5940de0881:0x385aa8482534e59a!8m2!3d-8.2045083!4d110.9552183!9m1!1b1!16s%2Fg%2F11f06mb36n?entry=ttu&g_ep=EgoyMDI1MDMzMC4wIKXMDSoASAFQAw%3D%3D"",""1"",""Jawa Timur"",,""false"",,,""Sungai Maron Pacitan"",""4.7"",,""https://www.google.com/maps/search/?api=1&query=Sungai%20Maron%20Pacitan&query_place_id=ChIJgQjeQFncey4RmuU0JUioWjg"","
"Maron, Dersono, Kec. Pringkuku, Kabupaten Pacitan, Jawa Timur 63552, Indonesia,""Tujuan Wisata"",""Tujuan Wisata"",""4060743041843258778"",""Kabupaten Pacitan"",""ID"",""0x2e7bdc5940de0881:0x385aa8482534e59a"",""https://lh3.googleusercontent.com/p/AF1QipMNuPRl3Yiq7QhQIJCyERjVOIzFTXzxm5P_ScFH=w408-h306-k-no"",""false"",""true"",""id"",""0"",""-8.2045083"",""110.9552183"",,""Maron, Dersono, Kecamatan Pringkuku"",""id"",""false"",""ChIJgQjeQFncey4RmuU0JUioWjg"",""63552"",,""4 bulan lalu"",""2024-11-15T16:07:48.815Z"",,,,""Tidak"",""Tanpa mengantre"",""Akhir pekan"",,""https://lh3.googleusercontent.com/geougc-cs/AIHozJJcfy_bZCYRjuJE8s4LxlCXrUyKfEg2R-29VLFTygJ_hU025768RXYC7g5YvBlzn-1QPKm9DNaRD5mAaOyQRKi1StV-PXuzmJ7bypM1twP2H7HaDEZouSV5jgN_uDbsmUZ520M4uw"",,,,,,,,,,,,,,,,,,,,,,,,,,,,,,,,,,,,,,,,,,,,,,,,,,""Google"",,,""22"",,,""3741"",""2025-04-02T02:10:04.574Z"",""Direct Detail URL: https://www.google.com/maps/place/Sungai+Maron+Pacitan/@-8.204503,110.9526434,17z/data=!4m8!3m7!1s0x2e7bdc5940de0881:0x385aa8482534e59a!8m2!3d-8.2045083!4d110.9552183!9m1!1b1!16s%2Fg%2F11f06mb36n?entry=ttu&g_ep=EgoyMDI1MDMzMC4wIKXMDSoASAFQAw%3D%3D"",""5"",""Jawa Timur"",,""false"",""Tarif/harga per kapal."
100.000 / kapal
1 kapal = 4 orang max (boleh tambah bocil)
5.000 Masuk kawasan per orang

Rekomendasi,
Kalau foto bagusnya pelampung dicopot dl sebentar nnt dipakai lg kalau uda nggk foto.

Durasi PP ± 30menit (maximal kan momen sebisa mungkin)

"Kalau mau foto diayunan langsung request ke supirnya aja jangan malu2"",,""Sungai Maron Pacitan"",""4.7"",,""https://www.google.com/maps/search/?api=1&query=Sungai%20Maron%20Pacitan&query_place_id=ChIJgQjeQFncey4RmuU0JUioWjg"","
"Maron, Dersono, Kec. Pringkuku, Kabupaten Pacitan, Jawa Timur 63552, Indonesia,""Tujuan Wisata"",""Tujuan Wisata"",""4060743041843258778"",""Kabupaten Pacitan"",""ID"",""0x2e7bdc5940de0881:0x385aa8482534e59a"",""https://lh3.googleusercontent.com/p/AF1QipMNuPRl3Yiq7QhQIJCyERjVOIzFTXzxm5P_ScFH=w408-h306-k-no"",""false"",""true"",""id"",""0"",""-8.2045083"",""110.9552183"",,""Maron, Dersono, Kecamatan Pringkuku"",""id"",""false"",""ChIJgQjeQFncey4RmuU0JUioWjg"",""63552"",,""4 bulan lalu"",""2024-11-12T14:01:39.509Z"",,,,,,,,""https://lh3.googleusercontent.com/geougc-cs/AIHozJIf1pt8tbpTUT8Jc7v0whAFO6UqiUZvEK3iopkwErWPceLjeayuTUL-uCsOFTH5-bthtyvfnDyyaS6V36mGY-HJEiNVq2VAgzrpkkk75VhyNEI2E0Z2EzehPm1ut0xdkQh9D7BpAg"",""https://lh3.googleusercontent.com/geougc-cs/AIHozJILjdXD7dK1ON4FxfTeJk8lcXOKuPHgUliPEx6z0WXlKiYLzqmq8p4KETEqPA2HkbiDrt7o-a36rEbIAVvRmSFU9QSl-4HAurldIRBAqIEnZ3-uX8jrXKYX3I6QxEfPu00T9vxr"",,,,,,,,,,,,,,,,,,,,,,,,,,,,,,,,,,,,,,,,,,,,,,,,,""Google"",,,""77"",,,""3741"",""2025-04-02T02:10:04.574Z"",""Direct Detail URL: https://www.google.com/maps/place/Sungai+Maron+Pacitan/@-8.204503,110.9526434,17z/data=!4m8!3m7!1s0x2e7bdc5940de0881:0x385aa8482534e59a!8m2!3d-8.2045083!4d110.9552183!9m1!1b1!16s%2Fg%2F11f06mb36n?entry=ttu&g_ep=EgoyMDI1MDMzMC4wIKXMDSoASAFQAw%3D%3D"",""5"",""Jawa Timur"",,""false"",""seruu bangett"",,""Sungai Maron Pacitan"",""4.7"",,""https://www.google.com/maps/search/?api=1&query=Sungai%20Maron%20Pacitan&query_place_id=ChIJgQjeQFncey4RmuU0JUioWjg"","
"Maron, Dersono, Kec. Pringkuku, Kabupaten Pacitan, Jawa Timur 63552, Indonesia,""Tujuan Wisata"",""Tujuan Wisata"",""4060743041843258778"",""Kabupaten Pacitan"",""ID"",""0x2e7bdc5940de0881:0x385aa8482534e59a"",""https://lh3.googleusercontent.com/p/AF1QipMNuPRl3Yiq7QhQIJCyERjVOIzFTXzxm5P_ScFH=w408-h306-k-no"",""false"",""true"",""id"",""0"",""-8.2045083"",""110.9552183"",,""Maron, Dersono, Kecamatan Pringkuku"",,""false"",""ChIJgQjeQFncey4RmuU0JUioWjg"",""63552"",,""4 bulan lalu"",""2024-11-12T07:27:02.684Z"",,,,""Ya"",""10-30 mnt"",""Akhir pekan"",,,,,,,,,,,,,,,,,,,,,,,,,,,,,,,,,,,,,,,,,,,,,,,,,,,,""Google"",,,""7"",,,""3741"",""2025-04-02T02:10:04.574Z"",""Direct Detail URL: https://www.google.com/maps/place/Sungai+Maron+Pacitan/@-8.204503,110.9526434,17z/data=!4m8!3m7!1s0x2e7bdc5940de0881:0x385aa8482534e59a!8m2!3d-8.2045083!4d110.9552183!9m1!1b1!16s%2Fg%2F11f06mb36n?entry=ttu&g_ep=EgoyMDI1MDMzMC4wIKXMDSoASAFQAw%3D%3D"",""5"",""Jawa Timur"",,""false"",,,""Sungai Maron Pacitan"",""4.7"",,""https://www.google.com/maps/search/?api=1&query=Sungai%20Maron%20Pacitan&query_place_id=ChIJgQjeQFncey4RmuU0JUioWjg"","
"Maron, Dersono, Kec. Pringkuku, Kabupaten Pacitan, Jawa Timur 63552, Indonesia,""Tujuan Wisata"",""Tujuan Wisata"",""4060743041843258778"",""Kabupaten Pacitan"",""ID"",""0x2e7bdc5940de0881:0x385aa8482534e59a"",""https://lh3.googleusercontent.com/p/AF1QipMNuPRl3Yiq7QhQIJCyERjVOIzFTXzxm5P_ScFH=w408-h306-k-no"",""false"",""true"",""id"",""0"",""-8.2045083"",""110.9552183"",,""Maron, Dersono, Kecamatan Pringkuku"",""id"",""false"",""ChIJgQjeQFncey4RmuU0JUioWjg"",""63552"",,""4 bulan lalu"",""2024-11-12T00:59:23.282Z"",,,,""Tidak"",""1 jam+"",""Akhir pekan"",,""https://lh3.googleusercontent.com/geougc-cs/AIHozJJ9TgVXytFejtq5EjSVoRcHJHaaaHmYv5GIzyToS70CZBzQBWjde7_4s15qiQlK2nWmDKsOpBLtV-b_PRcU5dumsHIYWJKJwZcIYkser8R31YBenLFIArTPycCDYDvMeh9Z-hhe"",,,,,,,,,,,,,,,,,,,,,,,,,,,,,,,,,,,,,,,,,,,,,,,,,,""Google"",,,""13"",,,""3741"",""2025-04-02T02:10:04.574Z"",""Direct Detail URL: https://www.google.com/maps/place/Sungai+Maron+Pacitan/@-8.204503,110.9526434,17z/data=!4m8!3m7!1s0x2e7bdc5940de0881:0x385aa8482534e59a!8m2!3d-8.2045083!4d110.9552183!9m1!1b1!16s%2Fg%2F11f06mb36n?entry=ttu&g_ep=EgoyMDI1MDMzMC4wIKXMDSoASAFQAw%3D%3D"",""5"",""Jawa Timur"",,""false"",""Saya kira pendek jarak tempuh naik perahunya, ternyata jauh sekitar 5 KM, lumayan puas naik perahu dengan pemandangan yg indah alami dan bersih."",,""Sungai Maron Pacitan"",""4.7"",,""https://www.google.com/maps/search/?api=1&query=Sungai%20Maron%20Pacitan&query_place_id=ChIJgQjeQFncey4RmuU0JUioWjg"","
"Maron, Dersono, Kec. Pringkuku, Kabupaten Pacitan, Jawa Timur 63552, Indonesia,""Tujuan Wisata"",""Tujuan Wisata"",""4060743041843258778"",""Kabupaten Pacitan"",""ID"",""0x2e7bdc5940de0881:0x385aa8482534e59a"",""https://lh3.googleusercontent.com/p/AF1QipMNuPRl3Yiq7QhQIJCyERjVOIzFTXzxm5P_ScFH=w408-h306-k-no"",""false"",""true"",""id"",""0"",""-8.2045083"",""110.9552183"",,""Maron, Dersono, Kecamatan Pringkuku"",""id"",""false"",""ChIJgQjeQFncey4RmuU0JUioWjg"",""63552"",,""4 bulan lalu"",""2024-11-11T03:08:06.030Z"",,,,""Tidak"",""Tanpa mengantre"",""Hari biasa"",,""https://lh3.googleusercontent.com/geougc-cs/AIHozJItaiiisxaNQSHhZD34yAJXVhprBjjp_bDJ9k1jsS-4qVWrGaz9NBnXSLFs3AM0_i0faaWHKp--kB8IGK8Y540GL1VQHIX7_wXb31om8CdzZXC4EvFeCw8uNlCSKjttTkI4OlLJ"",,,,,,,,,,,,,,,,,,,,,,,,,,,,,,,,,,,,,,,,,,,,,,,,,,""Google"",,,""31"",,,""3741"",""2025-04-02T02:10:04.574Z"",""Direct Detail URL: https://www.google.com/maps/place/Sungai+Maron+Pacitan/@-8.204503,110.9526434,17z/data=!4m8!3m7!1s0x2e7bdc5940de0881:0x385aa8482534e59a!8m2!3d-8.2045083!4d110.9552183!9m1!1b1!16s%2Fg%2F11f06mb36n?entry=ttu&g_ep=EgoyMDI1MDMzMC4wIKXMDSoASAFQAw%3D%3D"",""5"",""Jawa Timur"",,""false"",""Bisa menyatu dg alam...."",,""Sungai Maron Pacitan"",""4.7"",,""https://www.google.com/maps/search/?api=1&query=Sungai%20Maron%20Pacitan&query_place_id=ChIJgQjeQFncey4RmuU0JUioWjg"","
"Maron, Dersono, Kec. Pringkuku, Kabupaten Pacitan, Jawa Timur 63552, Indonesia,""Tujuan Wisata"",""Tujuan Wisata"",""4060743041843258778"",""Kabupaten Pacitan"",""ID"",""0x2e7bdc5940de0881:0x385aa8482534e59a"",""https://lh3.googleusercontent.com/p/AF1QipMNuPRl3Yiq7QhQIJCyERjVOIzFTXzxm5P_ScFH=w408-h306-k-no"",""false"",""true"",""id"",""0"",""-8.2045083"",""110.9552183"",,""Maron, Dersono, Kecamatan Pringkuku"",,""false"",""ChIJgQjeQFncey4RmuU0JUioWjg"",""63552"",,""4 bulan lalu"",""2024-11-10T21:21:04.018Z"",,,,""Tidak"",""Tanpa mengantre"",""Hari biasa"",,""https://lh3.googleusercontent.com/geougc-cs/AIHozJJJSJxqJqu7UXO7mSweHhN4QZToG6YMtaPqlKOajBw9uBBlt0nYQIFD0cfeYarCzYUlobJTNBvAswkIXghuACuedOGB1RlcV4ZaTZhizrMTLr2czmZi_xeGgkFDF-oB4Rakzpp0"",""https://lh3.googleusercontent.com/geougc-cs/AIHozJL2qI86JZcKSSW66gLi-b-F7tXy92-npJoX2bgwnGe4fKQW1A70vlcRP1HRH91VZuqdeC8ooLeS6tf-3Rou6eOWakRnORodXxGpswE5qjOHUDBLH3AqqFjObJYHhV3Brkdw34t8Cw"",,,,,,,,,,,,,,,,,,,,,,,,,,,,,,,,,,,,,,,,,,,,,,,,,""Google"",,,""73"",,,""3741"",""2025-04-02T02:10:04.574Z"",""Direct Detail URL: https://www.google.com/maps/place/Sungai+Maron+Pacitan/@-8.204503,110.9526434,17z/data=!4m8!3m7!1s0x2e7bdc5940de0881:0x385aa8482534e59a!8m2!3d-8.2045083!4d110.9552183!9m1!1b1!16s%2Fg%2F11f06mb36n?entry=ttu&g_ep=EgoyMDI1MDMzMC4wIKXMDSoASAFQAw%3D%3D"",""5"",""Jawa Timur"",,""false"",,,""Sungai Maron Pacitan"",""4.7"",,""https://www.google.com/maps/search/?api=1&query=Sungai%20Maron%20Pacitan&query_place_id=ChIJgQjeQFncey4RmuU0JUioWjg"","
"Maron, Dersono, Kec. Pringkuku, Kabupaten Pacitan, Jawa Timur 63552, Indonesia,""Tujuan Wisata"",""Tujuan Wisata"",""4060743041843258778"",""Kabupaten Pacitan"",""ID"",""0x2e7bdc5940de0881:0x385aa8482534e59a"",""https://lh3.googleusercontent.com/p/AF1QipMNuPRl3Yiq7QhQIJCyERjVOIzFTXzxm5P_ScFH=w408-h306-k-no"",""false"",""true"",""id"",""0"",""-8.2045083"",""110.9552183"",,""Maron, Dersono, Kecamatan Pringkuku"",,""false"",""ChIJgQjeQFncey4RmuU0JUioWjg"",""63552"",,""4 bulan lalu"",""2024-11-10T02:06:25.371Z"",,,,,,,,,,,,,,,,,,,,,,,,,,,,,,,,,,,,,,,,,,,,,,,,,,,,,,,,,,""Google"",,,""12"",,,""3741"",""2025-04-02T02:10:04.574Z"",""Direct Detail URL: https://www.google.com/maps/place/Sungai+Maron+Pacitan/@-8.204503,110.9526434,17z/data=!4m8!3m7!1s0x2e7bdc5940de0881:0x385aa8482534e59a!8m2!3d-8.2045083!4d110.9552183!9m1!1b1!16s%2Fg%2F11f06mb36n?entry=ttu&g_ep=EgoyMDI1MDMzMC4wIKXMDSoASAFQAw%3D%3D"",""5"",""Jawa Timur"",,""false"",,,""Sungai Maron Pacitan"",""4.7"",,""https://www.google.com/maps/search/?api=1&query=Sungai%20Maron%20Pacitan&query_place_id=ChIJgQjeQFncey4RmuU0JUioWjg"","
"Maron, Dersono, Kec. Pringkuku, Kabupaten Pacitan, Jawa Timur 63552, Indonesia,""Tujuan Wisata"",""Tujuan Wisata"",""4060743041843258778"",""Kabupaten Pacitan"",""ID"",""0x2e7bdc5940de0881:0x385aa8482534e59a"",""https://lh3.googleusercontent.com/p/AF1QipMNuPRl3Yiq7QhQIJCyERjVOIzFTXzxm5P_ScFH=w408-h306-k-no"",""false"",""true"",""id"",""0"",""-8.2045083"",""110.9552183"",,""Maron, Dersono, Kecamatan Pringkuku"",,""false"",""ChIJgQjeQFncey4RmuU0JUioWjg"",""63552"",,""4 bulan lalu"",""2024-11-08T04:53:33.171Z"",,,,""Tidak"",""10-30 mnt"",""Akhir pekan"",,""https://lh3.googleusercontent.com/geougc-cs/AIHozJJsxUjQCSQWTulZ5Q4xwjQ8orzPnrHspH21ieLl_ENTxJ3qPBojFoUl7HyxmdRHf45PADUXgDCnkxbLmvJ41rq6eKi3w_G2v-WBEJgmnoI8sVHt4KNjyybD2rmp_zRTwZB_cwro"",""https://lh3.googleusercontent.com/geougc-cs/AIHozJJ23GGOmGq-mAnFGCXyhDqGe172XHQirH7zxVDrFeXkaK6RbHuLiWLx3N-D-go135BJftcSPCr8V-rGJv1Wimm6PCmOSS3bdq7WlSq89s2eNzUDHG5kQEp2gVRVbf-SNZeJXjcy"",,,,,,,,,,,,,,,,,,,,,,,,,,,,,,,,,,,,,,,,,,,,,,,,,""Google"",,,""18"",,,""3741"",""2025-04-02T02:10:04.574Z"",""Direct Detail URL: https://www.google.com/maps/place/Sungai+Maron+Pacitan/@-8.204503,110.9526434,17z/data=!4m8!3m7!1s0x2e7bdc5940de0881:0x385aa8482534e59a!8m2!3d-8.2045083!4d110.9552183!9m1!1b1!16s%2Fg%2F11f06mb36n?entry=ttu&g_ep=EgoyMDI1MDMzMC4wIKXMDSoASAFQAw%3D%3D"",""5"",""Jawa Timur"",,""false"",,,""Sungai Maron Pacitan"",""4.7"",,""https://www.google.com/maps/search/?api=1&query=Sungai%20Maron%20Pacitan&query_place_id=ChIJgQjeQFncey4RmuU0JUioWjg"","
"Maron, Dersono, Kec. Pringkuku, Kabupaten Pacitan, Jawa Timur 63552, Indonesia,""Tujuan Wisata"",""Tujuan Wisata"",""4060743041843258778"",""Kabupaten Pacitan"",""ID"",""0x2e7bdc5940de0881:0x385aa8482534e59a"",""https://lh3.googleusercontent.com/p/AF1QipMNuPRl3Yiq7QhQIJCyERjVOIzFTXzxm5P_ScFH=w408-h306-k-no"",""false"",""false"",""id"",""0"",""-8.2045083"",""110.9552183"",,""Maron, Dersono, Kecamatan Pringkuku"",,""false"",""ChIJgQjeQFncey4RmuU0JUioWjg"",""63552"",,""4 bulan lalu"",""2024-11-05T12:36:15.029Z"",,,,""Tidak"",""Tanpa mengantre"",""Akhir pekan"",,,,,,,,,,,,,,,,,,,,,,,,,,,,,,,,,,,,,,,,,,,,,,,,,,,,""Google"",,,""1"",,,""3741"",""2025-04-02T02:10:04.574Z"",""Direct Detail URL: https://www.google.com/maps/place/Sungai+Maron+Pacitan/@-8.204503,110.9526434,17z/data=!4m8!3m7!1s0x2e7bdc5940de0881:0x385aa8482534e59a!8m2!3d-8.2045083!4d110.9552183!9m1!1b1!16s%2Fg%2F11f06mb36n?entry=ttu&g_ep=EgoyMDI1MDMzMC4wIKXMDSoASAFQAw%3D%3D"",""5"",""Jawa Timur"",,""false"",,,""Sungai Maron Pacitan"",""4.7"",,""https://www.google.com/maps/search/?api=1&query=Sungai%20Maron%20Pacitan&query_place_id=ChIJgQjeQFncey4RmuU0JUioWjg"","
"Maron, Dersono, Kec. Pringkuku, Kabupaten Pacitan, Jawa Timur 63552, Indonesia,""Tujuan Wisata"",""Tujuan Wisata"",""4060743041843258778"",""Kabupaten Pacitan"",""ID"",""0x2e7bdc5940de0881:0x385aa8482534e59a"",""https://lh3.googleusercontent.com/p/AF1QipMNuPRl3Yiq7QhQIJCyERjVOIzFTXzxm5P_ScFH=w408-h306-k-no"",""false"",""true"",""id"",""0"",""-8.2045083"",""110.9552183"",,""Maron, Dersono, Kecamatan Pringkuku"",""id"",""false"",""ChIJgQjeQFncey4RmuU0JUioWjg"",""63552"",,""4 bulan lalu"",""2024-11-05T01:50:07.095Z"",,,,,""10-30 mnt"",,,,,,,,,,,,,,,,,,,,,,,,,,,,,,,,,,,,,,,,,,,,,,,,,,,,,""Google"",,,""55"",,,""3741"",""2025-04-02T02:10:04.574Z"",""Direct Detail URL: https://www.google.com/maps/place/Sungai+Maron+Pacitan/@-8.204503,110.9526434,17z/data=!4m8!3m7!1s0x2e7bdc5940de0881:0x385aa8482534e59a!8m2!3d-8.2045083!4d110.9552183!9m1!1b1!16s%2Fg%2F11f06mb36n?entry=ttu&g_ep=EgoyMDI1MDMzMC4wIKXMDSoASAFQAw%3D%3D"",""5"",""Jawa Timur"",,""false"",""Sayang kemaren kesini pas hujan"",,""Sungai Maron Pacitan"",""4.7"",,""https://www.google.com/maps/search/?api=1&query=Sungai%20Maron%20Pacitan&query_place_id=ChIJgQjeQFncey4RmuU0JUioWjg"","
"Maron, Dersono, Kec. Pringkuku, Kabupaten Pacitan, Jawa Timur 63552, Indonesia,""Tujuan Wisata"",""Tujuan Wisata"",""4060743041843258778"",""Kabupaten Pacitan"",""ID"",""0x2e7bdc5940de0881:0x385aa8482534e59a"",""https://lh3.googleusercontent.com/p/AF1QipMNuPRl3Yiq7QhQIJCyERjVOIzFTXzxm5P_ScFH=w408-h306-k-no"",""false"",""false"",""id"",""0"",""-8.2045083"",""110.9552183"",,""Maron, Dersono, Kecamatan Pringkuku"",,""false"",""ChIJgQjeQFncey4RmuU0JUioWjg"",""63552"",,""4 bulan lalu"",""2024-11-02T12:21:06.075Z"",,,,,,,,,,,,,,,,,,,,,,,,,,,,,,,,,,,,,,,,,,,,,,,,,,,,,,,,,,""Google"",,,""0"",,,""3741"",""2025-04-02T02:10:04.574Z"",""Direct Detail URL: https://www.google.com/maps/place/Sungai+Maron+Pacitan/@-8.204503,110.9526434,17z/data=!4m8!3m7!1s0x2e7bdc5940de0881:0x385aa8482534e59a!8m2!3d-8.2045083!4d110.9552183!9m1!1b1!16s%2Fg%2F11f06mb36n?entry=ttu&g_ep=EgoyMDI1MDMzMC4wIKXMDSoASAFQAw%3D%3D"",""5"",""Jawa Timur"",,""false"",,,""Sungai Maron Pacitan"",""4.7"",,""https://www.google.com/maps/search/?api=1&query=Sungai%20Maron%20Pacitan&query_place_id=ChIJgQjeQFncey4RmuU0JUioWjg"","
"Maron, Dersono, Kec. Pringkuku, Kabupaten Pacitan, Jawa Timur 63552, Indonesia,""Tujuan Wisata"",""Tujuan Wisata"",""4060743041843258778"",""Kabupaten Pacitan"",""ID"",""0x2e7bdc5940de0881:0x385aa8482534e59a"",""https://lh3.googleusercontent.com/p/AF1QipMNuPRl3Yiq7QhQIJCyERjVOIzFTXzxm5P_ScFH=w408-h306-k-no"",""false"",""true"",""id"",""0"",""-8.2045083"",""110.9552183"",,""Maron, Dersono, Kecamatan Pringkuku"",""id"",""false"",""ChIJgQjeQFncey4RmuU0JUioWjg"",""63552"",,""5 bulan lalu"",""2024-10-31T11:57:10.080Z"",,,,""Tidak"",""Tanpa mengantre"",""Hari biasa"",,""https://lh3.googleusercontent.com/geougc-cs/AIHozJIVWY2O5P4dYa6icNkt8bmLYMPdDo2bBHNoFipXQVpUUqXTt_OG-68s59YexynYnjgGRs5a3AC06ofRxdF6aO7qn4oq20DxN5jFNfz-E8OZZPpm7VilC9hoH-VKref8DgAbmLIk"",""https://lh3.googleusercontent.com/geougc-cs/AIHozJKaNF_ZeWCNzS8v9i3qTuaMJmTwTVJ_H6Q_7kmba6dnrGRrYw2iDwADGSL2T69k2QlbkqXz2PbqCMxmEuZqi25k9d7KJIHPxCeuR-cpjsz5NsvNkWSueXn1V4mMjzdm6lnNcNS_"",""https://lh3.googleusercontent.com/geougc-cs/AIHozJJJt6KxvwJrR-aSm3WMX5spfjRusQD9a-e45GtUG3WGlkbtGj7ElC7Fwb7Vv0OdOSLqOU4-CewvyRaHecdGOBzKAuPP5dLsGtx5kU5yVhRXwJqHx75tS7z0ug8_92pn5NEURpVM"",""https://lh3.googleusercontent.com/geougc-cs/AIHozJKPmCVjjZdTdQ3SED2CU1AWL7djSDFVNR0QyTa5e_UdAe3oE0tdvEWMHgT3_2n7h7hhfJ_lr_gMN2cxGAt0KD0zsiiEnun4cFgc99SBYE56RWUptbtu25LiH-GQcH66i8dOrr0bug"",""https://lh3.googleusercontent.com/geougc-cs/AIHozJIL2k7fPSMpa1dtm7eOHwXiJb9fKiGdk2JROPOr2dGOGWuhgd2J3ejsUMgK5_5XjlC12yXbMgpVmxuZlDL8qkS9x6GQMm5Kn3dzLMDgLnTAwVyo0Pbpn4HGR-a76RBnWbtF5vA"",""https://lh3.googleusercontent.com/geougc-cs/AIHozJKPfpqa39rJlchoG181KoSYKefa-F-7dvY1D--3b_uNyQ8zVk_E122bfdOq9mSqkJBzo1ChqB35mMcxK8v4ehbrFzYgHkB19h7e8J_dcbyHkRpcuOheqJTT_ko6hQ8FfhMLEZGB"",""https://lh3.googleusercontent.com/geougc-cs/AIHozJKcv9-DIo-iGHLqeJzhvgAMHMFtABzkha5UZGlriVJrILSXx9xznfBK9OPmXR60r3R-2LiOA6E7b4UtJ2DkTkyvM7JosqBhXZBPnfMeqEUiBylotaD9MvaPLfz-GhysPiYlKD_jQA"",""https://lh3.googleusercontent.com/geougc-cs/AIHozJIJAip2119KbNJ5e-xeh-co2WtI4Wi3gc8--NbqX_w64wM_fhS-cP1glgWDBxmCJlf6rWWHpfBOHZtMnkroVGR96aM5TJelfRj9nEP5-qTRUyRElPqOvhcUyMV1lH2CERRdHXg"",""https://lh3.googleusercontent.com/geougc-cs/AIHozJLoLy2LtyYrsyEDe2FdpRwskBoPsqP5ZbjWjr4j_KHvNlk96w8-8GXzdhC8nTyOccSqY1w9MepZ1UMFeVQn0pDINAOYMedFem-09_84DIhBMo2e1nB9u2DRexif31kfyKnYQ7gv"",""https://lh3.googleusercontent.com/geougc-cs/AIHozJJUkiU9dyQwRUZBpB8r8HCvcd7V0RAOEfRf-bmTndv7wHT73qZlBQngSFkUoPYpHL3zqzNY3MC5N37jTPDjixTGd0ckV9xUPrbQTIUmLIK0TtfU1DGcBHBmwCzVmbKzUac9Zgei"",""https://lh3.googleusercontent.com/geougc-cs/AIHozJKhWiNpd4f0-jQ-hM0bMmPcaLvjdsNSgunEcIzUOP7Ca8lXjLUHYQBd8EBrCIt-k_Ld6FuQ9L_adr-KM90dUCn1sxtE6BId2e-e5D0lwqqsLGXSHjq4aMFlgXjcsacOborBXQ92-g"",,,,,,,,,,,,,,,,,,,,,,,,,,,,,,,,,,,,,,,,""Google"",,,""26"",,,""3741"",""2025-04-02T02:10:04.574Z"",""Direct Detail URL: https://www.google.com/maps/place/Sungai+Maron+Pacitan/@-8.204503,110.9526434,17z/data=!4m8!3m7!1s0x2e7bdc5940de0881:0x385aa8482534e59a!8m2!3d-8.2045083!4d110.9552183!9m1!1b1!16s%2Fg%2F11f06mb36n?entry=ttu&g_ep=EgoyMDI1MDMzMC4wIKXMDSoASAFQAw%3D%3D"",""5"",""Jawa Timur"",,""false"",""""""Sungai Maron"""""
Tempat ini luar biasa,
Rute lokasi cukup mudah,tempat parkir cukup luas,tersedia kamar mandi,terdapat warung juga.
Untuk pemesanan kapal bisa langsung di loket dengan harga 100.000 per kapal dan maximal 4 orang.
Disediakan pelampung.

Rutenya sepanjang sungai maron sampai ke pantai, selama perjalanan akan disuguhkan pemandangan yang luarbiasa, bisa minta juga untuk berhenti di spot foto.
Durasinya cukup lama, bisa 1 jam lebih, tergantung seberapa sering dan lamanya untuk berhenti buat dokumentasi.

Moment berkunjung waktu itu saat weekday, jadi sangat sepi, hanya 2 kapal yang berlayar, ini yang membuat suasana semakin menenangkan buat healing, karna bisa menikmati suasana dengan maksimal.

*koreksi bila ada kesalahan informasi
"*07 September 2023"",,""Sungai Maron Pacitan"",""4.7"",,""https://www.google.com/maps/search/?api=1&query=Sungai%20Maron%20Pacitan&query_place_id=ChIJgQjeQFncey4RmuU0JUioWjg"","
"Maron, Dersono, Kec. Pringkuku, Kabupaten Pacitan, Jawa Timur 63552, Indonesia,""Tujuan Wisata"",""Tujuan Wisata"",""4060743041843258778"",""Kabupaten Pacitan"",""ID"",""0x2e7bdc5940de0881:0x385aa8482534e59a"",""https://lh3.googleusercontent.com/p/AF1QipMNuPRl3Yiq7QhQIJCyERjVOIzFTXzxm5P_ScFH=w408-h306-k-no"",""false"",""false"",""id"",""0"",""-8.2045083"",""110.9552183"",,""Maron, Dersono, Kecamatan Pringkuku"",""id"",""false"",""ChIJgQjeQFncey4RmuU0JUioWjg"",""63552"",,""5 bulan lalu"",""2024-10-31T11:55:30.097Z"",,,,""Ya"",""1 jam+"",""Akhir pekan"",,,,,,,,,,,,,,,,,,,,,,,,,,,,,,,,,,,,,,,,,,,,,,,,,,,,""Google"",,,""4"",,,""3741"",""2025-04-02T02:10:04.574Z"",""Direct Detail URL: https://www.google.com/maps/place/Sungai+Maron+Pacitan/@-8.204503,110.9526434,17z/data=!4m8!3m7!1s0x2e7bdc5940de0881:0x385aa8482534e59a!8m2!3d-8.2045083!4d110.9552183!9m1!1b1!16s%2Fg%2F11f06mb36n?entry=ttu&g_ep=EgoyMDI1MDMzMC4wIKXMDSoASAFQAw%3D%3D"",""5"",""Jawa Timur"",,""false"",""Wisata yang sangat menarik dan pemandangannya indah, sungainya dan lautnya bersih"",,""Sungai Maron Pacitan"",""4.7"",,""https://www.google.com/maps/search/?api=1&query=Sungai%20Maron%20Pacitan&query_place_id=ChIJgQjeQFncey4RmuU0JUioWjg"","
"Maron, Dersono, Kec. Pringkuku, Kabupaten Pacitan, Jawa Timur 63552, Indonesia,""Tujuan Wisata"",""Tujuan Wisata"",""4060743041843258778"",""Kabupaten Pacitan"",""ID"",""0x2e7bdc5940de0881:0x385aa8482534e59a"",""https://lh3.googleusercontent.com/p/AF1QipMNuPRl3Yiq7QhQIJCyERjVOIzFTXzxm5P_ScFH=w408-h306-k-no"",""false"",""true"",""id"",""0"",""-8.2045083"",""110.9552183"",,""Maron, Dersono, Kecamatan Pringkuku"",""id"",""false"",""ChIJgQjeQFncey4RmuU0JUioWjg"",""63552"",,""5 bulan lalu"",""2024-10-30T11:25:15.344Z"",,,,,,,,""https://lh3.googleusercontent.com/geougc-cs/AIHozJKUtj2n6o8nvuI8TgvXcmExHEadxlnCZUfClNqIldQuIAx2jl98TgJPeITqhqLPAowIVmjd_rc5iGDGN53h8UoCvifOYvUJNxij9GjZN045N1b7V3Q_OPq8DP9NNa6VPDiLEyDzQA"",""https://lh3.googleusercontent.com/geougc-cs/AIHozJItmyxu7iQgV__3OdejaOUiKyGHqZv2lnVi6YoSCCbUB1MnJTE13fwOc4vP2Kl6fQHlMM7Az6_0U3v05b4rillWb_RzP8gzNQfP1cQsRcaMBoRqfY0BzuocM0P7L7jaNICY4tno"",""https://lh3.googleusercontent.com/geougc-cs/AIHozJLwflcIvzLxuKDdzaefB-gu1b6p8cDdWSETa9RACsKq92_jME4cD3EJ9l6XsvF9_kS4xoAvOLubGkzVdvrUicnyWyI80AyYsOVkmOAsYXJkVZAnnee2Y5NrreS5gKpCfAPrYIdCmg"",""https://lh3.googleusercontent.com/geougc-cs/AIHozJJ8ZwL2Rx3rxS49BqZTdZunorS96KSedhRzQg9u9rU7hOed2wS6_GcaRvIMapFKoek01Dn0bBz5NVAGuBfwE_Mn1_tuTSXqw8ezpLdRZ9PVaG8VG5VXZBwQay8kpU4w0UJ4pTI"",""https://lh3.googleusercontent.com/geougc-cs/AIHozJIqTS_Fay3SzT1SYpz8NngErgR6EY2VomOYFVlqyUShliykFvvdoNyb6YZHmWvCl3RUOydkBK2eyJ6wiXhNDoZPquttevdELCRgSDaa2erj8q-15wttwLzn6qoQLXZQ-B06NYe2DA"",""https://lh3.googleusercontent.com/geougc-cs/AIHozJISLW9sT7fJtQAiu_ymhmjk-fZP284TxxIfdqHbAVAFlaFB08sKlMh4aPBQGA5TsetM4Qh460iBP-8d1WFjx0bfgkEu9I8-pSNT53fpPCT2w4he_p8orNq-0qYKw0ggVy13WBI_"",""https://lh3.googleusercontent.com/geougc-cs/AIHozJIBx_Tl4FEQjiK5QGKPewkT-GQM97d7nVAzyPdlPJogpPWq0yuTJ5FqXdYx_ghAtHqxMh_I07EQlFMUUivRnYN1DClKU7CucZgdZFBJ7wIutMY13QEU1jn7waBtnQVESCX_xta-gA"",""https://lh3.googleusercontent.com/geougc-cs/AIHozJJ6wH_CPv8oVCeqPcL84IHp107s_LxpnrulW8QszQeqrsj9869j6vdsaA6ABFkuBNIGJS2ZwZBCvNB5faA7uBujGgmviKpWSK-p7KTehCiQlQFzW7Sl2qHcrooI216luCImnDE"",""https://lh3.googleusercontent.com/geougc-cs/AIHozJIdwPCpnXICYJcHL6Jmd0R-iwmq85dNHFou_YOdEl9BnG86YKOD0qhZU7uy_XU50_xOFt_xcZ-G7Wj0cpuB_yv3tVxbK4iz14xwx3THmVfDwjbWRnvfyNXvbhCgcD6dKvb8oIn2"",""https://lh3.googleusercontent.com/geougc-cs/AIHozJImD1iMw2ZoGOf2jqgaDO91od_AgpTk5TAk7aff7btzaudc3YxO6FrML1bNTUOUTaQmyKDMQUTvf1l4OIJfjBb4h1zXkrb-2YIVubJ19H_9uGPEnyv5J46xe0p6KeZwNv0MiXy2"",""https://lh3.googleusercontent.com/geougc-cs/AIHozJJPLbctzDA7KGtCL_7ed_I2jg3zdHtCLdyDfpkAnFnQ_H7DaAcTt1D198WNA_grxJeCq6BU6tS5YFCtP89Q2MvmriZC3-BlXwdUBN8go8BLxkjC-a8XripfuEKUTODhsjRNz8IzEA"",""https://lh3.googleusercontent.com/geougc-cs/AIHozJIgWXMlMLo0eYLcuJufXhRQhl6IBPsOGB4wPUPBSJbRFni-6gpT9Nyz7ufruMPUckaZ04ge6A_qQ8JLJ-wF7fO93L7jfkVjiQMIpkV23yCnOn2zt0V5xO9myyPyK4LTRMRXAlR6"",""https://lh3.googleusercontent.com/geougc-cs/AIHozJJBbCZhllWyTGRedkG-eDm-Y4qdsLFcqy10yjQOb_DPJt0ZBvvdZ5th_QYhQaOTaFDGum9j-cirEIeCg04w8IKEWOzv_FcYwDUL07dbvcFxcrchxOGzvofkuV31IDNBBkXZeFe7aA"",""https://lh3.googleusercontent.com/geougc-cs/AIHozJKr60Y0M1enSCn-dEjLW_ki1rlFj4v7t8UyB5SYLe-Fu1u5S27RM0NlPIh1_qCMxi8iMU-o9Kz2LH2X8ypn-zanorp8F-g3yUV9CP8iyGVg32YvNc4-o9kZKnBHnIr_l6w15MbU"",""https://lh3.googleusercontent.com/geougc-cs/AIHozJKMW1Lpwy9VU-IROsVII9s9ZHqgYJvNaXHZbpbZpIGcTmCIrRQRl7olhx1eU3NA9dUBD-q8jAD5-m1TSu4XFZ90JbhBGPCuLnJs3iBII7bdfFqYwBZwMs0SknwP87zGFt9Y4WvmYg"",""https://lh3.googleusercontent.com/geougc-cs/AIHozJKpvH4U2raFHDJl8d1V1CdTK63A6UM4Nw-H4B2ge4_NfMazg6vP7eSRywtldg6TptBy_s2ozkm0B0vYL5OgWcdULHI5N5bLpdeJJZHHXqgTnpk8EXHDl2N2gZahAWWFqDflTKC7"",""https://lh3.googleusercontent.com/geougc-cs/AIHozJLRvON_u83TvEvp0xTqgmLH4Wg098zFMgcN_X_9Z39ISMCVPKWjCsaTm5Ba4uq1DXZq1GGcV3qBpBTWVmn3ebes2N978dq0XPmU3V3TyE75x_k76PrGHb6XrCQoMEnz3PlfM3DD"",""https://lh3.googleusercontent.com/geougc-cs/AIHozJI4xnE1ieC2sEEKXVl1sqz_VTkd3zHkxrlzDf60jPXYPHF88r_G78ZB5T3xfbyVMPtJcs901ByPIQpo98R7SgreYcdyq_q1ARHOKrW47BxaG0sFkbiB_JUdWjNiQ1aqfnOaHzXC"",""https://lh3.googleusercontent.com/geougc-cs/AIHozJKFaRczDl6TE1UZglXVj4d4js_PMNAHbH4mrH4ZO90ynEq9SGg8YReIQobvaw_k8tufLkFo4NhorFWD89Y_31DD8TiqvP6wFdhT2Hny4K-MqmMaA1BERM7y9W5ys-9xAYawpOlrzQ"",""https://lh3.googleusercontent.com/geougc-cs/AIHozJJqsgwP5mUDues0aQl4FYsy9jgp1jiSVHuWNgW3SSk4K0QcC0vuhgYO8glHl9sALTrMMlU0erN5oR8TbK7afLHP_3_90eJ81Yt8mV8G-xWl-Dml02LfwFNE_Fv9rGwo9syhy0Ob"",""https://lh3.googleusercontent.com/geougc-cs/AIHozJJRpOCKlhKjhgRoeMaUT2y8_WLcmzliqOsiO2ZrivLm5dV9wvSjKW4CXfZ8wuz3ffdOP5FGQ9wmJZikbRnJKnM_hRX8u-rqxdm48qNK_BlM5ilOXiU0u_vpLf87_ps-Q8GdGLrvDg"",""https://lh3.googleusercontent.com/geougc-cs/AIHozJJG_hVkpNsaartgKGs4rb7G3cDP8EP5fVPQ8XX0P5dPp8NidIm6VNywH6PqZ_BuA3MF0Rxec7OR-ga9eK-eet4pQpTv3mjqCXw1ILkH1u2fykmABSYA2J3HU_Wht1LGHtsgG3g"",""https://lh3.googleusercontent.com/geougc-cs/AIHozJKyXzJz_DpP_lVhfpY0JHB3aGG5BGmCcXxvbNQBwXTh6Hg7d5j44F-v8MplqBoTHjsIPg8NTxP-6gI6ceBYRy8Yl2_R7TAZ_mK8SLKbqtOJnqVK0Yi5WXiKLPCX55HvGsZ5VOTYGQ"",""https://lh3.googleusercontent.com/geougc-cs/AIHozJLo72SNFDTQZy7ihCQ-Lyvl0oZ4Rr4IZi8UekbXx-zdVT7rU3hl1rY-55XwKIfVf6Qj-cH9jdFfPOBYSMbwtmcdKwi99__piVpzmZztxIHc0Fv83bWDfFXHyKlU6N3lo77eqETa"",""https://lh3.googleusercontent.com/geougc-cs/AIHozJKPA5xFd2vbdDen4np-Z8QU30BU6moyMyehBxWukebGIWa9O0Vbq0Eirljt9ivTI1mewE_fsbdGgHMvUSEU9Gve43rpiIsxqj30D1rOHoSY9nOS3h-pvVVDTYCY_wuBMzfoJFLo"",""https://lh3.googleusercontent.com/geougc-cs/AIHozJKJ5fUkyGpjY5JOYA8qVjzm_t1XRRXoT9MwoYurLxV83Lb5t32Qhh5078oiEJw2Nx_G8RuoguA4kZ3TdjERxqUWGg5c0ehNlHr47zm4Jn4J1gvds4jgyBGUu72oVdL9_Tt0IAUj"",""https://lh3.googleusercontent.com/geougc-cs/AIHozJIYFMiT6mEqGX0a8Xdc9Vh03McZFYkhLwLxjM0H0DGSQ5x_tw5TCrsmsS6_4UVVclHDRgUrx66ySZq6Og8WOzTFchdAYVj3g7CAKc4-sthG_O3pLUkj0QpIWtpophLuZi9aatcTxw"",""https://lh3.googleusercontent.com/geougc-cs/AIHozJIDq1MUVgBrPQBpFpYWRZmwzH-eFUiipmwgAuOsLgr7INllqvdLNnHhrDC-UHnUyPbKCBF5HU8_5Pem99KCTPDMFzUXnQHvjJopo-_7Ed1MLesfR90VzqJpolSba9u1_SYhLr2o"",""https://lh3.googleusercontent.com/geougc-cs/AIHozJJjkLqfEkOdJA5fsOO5pwBbFnoipu6eVzH6wGBA8TLkqn4zhdPxTR9k0uF0gih1b-JWRV85YBR6aB28JqvyPPULLK1mYCj1I5tEbzbZ4xX9fsH1tJPy6_NZ2O0JCPyc8rSqmPlM"",""https://lh3.googleusercontent.com/geougc-cs/AIHozJLtf18LvYnn-B2eVvJVR2Ib5xKjFwswsiOXYKqBAQAJM36UklXR2tQTfNJNDrPLciftR4VtklCv7xGbRCyC-x9rlGdL6KU7UWoOy3AeXAjLhf_vitlSeBpIILjqriyxL29o-5c"",""https://lh3.googleusercontent.com/geougc-cs/AIHozJIJlJtLzdJpyDvfFDsGJ8sg2E3JqO0JzxOmM-XcOKkzhOb8su-buZY8fi0tkGHGI_7dL8zXYyAjKluwF0TSh63v1youNYnnMMRrrADuJ7q5riqPiz5lnZ29SFH4cg-CN0VAqCzP"",""https://lh3.googleusercontent.com/geougc-cs/AIHozJIjMGDTtvespiP8fKFKOaJDMJVDaC7_sGkz-1bi5WFW5lYefvxGWf0Mrk0eSUf8Cpn9dykneLoaw5gMEzotLLRnt39Dgs5RtjFxdJgQPzRfCU4A31sqDbIok3srJJPK79auYO6i"",""https://lh3.googleusercontent.com/geougc-cs/AIHozJKslQm76yNONfsvxPbgRDtn01oZhRObjODiQREOmzknegv19Hts-gTEWcRhBx-kDAU9ZIjq-31_8IgYFqC1HROKkDcJBoHfrtjXW2BppezLwXlmmlLIkxTLXt_LtpZPC19Nyj8G"",""https://lh3.googleusercontent.com/geougc-cs/AIHozJLkNMrUs5hqqL95nA_m3x1YIofU9_bKEa9OGGl8jAqp20yB6ckcTKntJH4yDd7RIfys7Nt7KaZXyCqWXOnxhFk0Z1s2QSRCWO3LYY411eNBkpiofw6CxWInWzdF9_LkDmL6GyQ"",""https://lh3.googleusercontent.com/geougc-cs/AIHozJK1tRneSEWkBc3GplRvBouaUKmkpZdXhzI8qzP3D9OP4rllqPqxlbipyow5VB0KHZHI52VHiydvE11jfSbY6PTlDc8neOvomd_LrKW3bO8Cco5mSAo-X__vslb_m08TGRLMsI7e"",""https://lh3.googleusercontent.com/geougc-cs/AIHozJJFKlWs9zeQWknPVqKg_aLdUEGaWqvsMWhjEpHU3NIOx4Frwv_Eq0MH-T_h9qwqnXKjPQDcl5-7o0_veYgLwRaKAPNpDidf0DlemHVl3Nt031K8mWcixslvOYGXW_HK9Mo_b2U"",""https://lh3.googleusercontent.com/geougc-cs/AIHozJLpV-uHYHW_1DkvCnwUwRxkG9X6x5HZ8A_aYDnlSXWlvKOnT1jYXP5aJ0z9a1kvt5OvXYEHWFd0fQLS51WkSmY395RBJ3d7jwLa0cXsRFfu_obqCvxuhkJkZXyE2zegePuWOEnIQA"",""https://lh3.googleusercontent.com/geougc-cs/AIHozJKEJ-Hn28_mHQmkJgQsv2sxrek1SjR144SdESbOJgo02QpfMis2qdEa5RfwKTHAc-5dWJ4utwt4q0DgXhfIu5inXsMxV5USYnulCb47fYyTBNtQa0rMoV015HykldOByq-IDKFS"",""https://lh3.googleusercontent.com/geougc-cs/AIHozJIupt3tuDINNnE8MNppG3snO9q_IWfFKMM5kauq1DwCLMonKiHmjXC00E3-utB-37Ndlvu9kX0uPR3SH13GWQ_CUV33DSen7iSG925q7aWKTGsaFAy2QdFzU1ZJ78_DkB3TrweVHA"",""https://lh3.googleusercontent.com/geougc-cs/AIHozJLwn9IrgLKMYuFolpRJQi4ybxrEdqRLELxJL9hRmy7C7c2iC4x75PI8vNIQG-eoCW5X59jHnwOCrZWFhrdJoFUdb-uC6-uSPMCn43tmngb3a7kl3geXqAmbZyz-MoGgtzQyo2c8"",""https://lh3.googleusercontent.com/geougc-cs/AIHozJLXeCiCWkjzHlb_qP-6RKWh0EirV2uIe45zFLC-3FgYZghDcBLrAiLuE236PbfWJoWQOsokq_Jj5IA0DulpjZjz1LChMBmf7fHxaT3qpndGYECAZmfTZP8U2c8e7ubTHqFXBosm"",""https://lh3.googleusercontent.com/geougc-cs/AIHozJI6a3JMec8rsXCM8FQerRFOAsYNtqJBkDsOTgm8Baql5GvBijXAJ--X0yiNcSPR4w131q078_6RmLb6X6A4yIRh-xIWEh_HYIjZrk4bTbUyD8tVl8tBTtkG2Fnvan-BsOpDU9Jq"",""https://lh3.googleusercontent.com/geougc-cs/AIHozJKGW0I0wx9dwgG5N5eKF8cTpYmO5vnke58L_I_UvqlNKvzAPH7xLlMA6lNc57oqCaLjMaZ810_BoRMm4mnPu3xte5dcUJAmkbMArV34ifC1rDOqBZSE16eY5tinaMFUTMDanSqgdg"",""https://lh3.googleusercontent.com/geougc-cs/AIHozJLR-MJdeEKrDzV4N3VPgNyf24diVnxV7XcXOWTyUigEupS-W4uEDvsq9cVD43rMVWC0_WGldjpNBN8AbxoN7rcjMGa8fA1yVFhfT3JLCooLZtzFNtqercGZF83W95uEfMRVElk"",""https://lh3.googleusercontent.com/geougc-cs/AIHozJLYnVijKV9zfbqeotmklInUiPpE02R0VWjE1UfYmIsleQYf1N8LAMSw9l8D7uwIJrsL1uqEPMLpA0hh2eUrXKMcmaycKuo7bB6sf1woVkwCSLEGiItuEE4s689sxX5J6zguRDlGxg"",""https://lh3.googleusercontent.com/geougc-cs/AIHozJLU1GjFlCBkoG7POH5E68NrjDsnuT__6E3zNrR2qtYRWYVMyw9cq_ci09AzyP6yKz72C0bljU29881rZoIBY-wga-gyDQTkly_jCQl1dk-GqpFqoIoB20bI89FMk5cDxVC9yrQI"",""https://lh3.googleusercontent.com/geougc-cs/AIHozJIhWEUAgb4ty8_n1D_rSQ1NLzbTOZYSwxywrKjGKbFCE06rHpeUD3fuzfGTArvN6UmVbUzaOvoN2rUj26QEvJrT09oAx2fqvPKkfj2SppMJvSlWVMAlAwjs2ePi6tRh50T9rgCGdQ"",""https://lh3.googleusercontent.com/geougc-cs/AIHozJLhyf08rbV9FMRBvF9z5MVSRrt4IuZDmX_NU_s3pRP5Dvg7eIEMmhFB4Mr6BrK3LIN0sc_H1D0dm-0stAq-e1x6EHN7Xt7FpMMMpGpTtLw3dkn8mQnhnalfkXZp04WWR_RHvciP"",""https://lh3.googleusercontent.com/geougc-cs/AIHozJKmXvdphcuVvfBe-qFxfCnGbkc7dfM1CCoRXLmiCOhme8aiffIqSUx7msmejmDKm72PDTIxBt7TyRRoFpsOiy6txybJfl-fZvxyWjoWaTlM3joGVnFRASHcE7STBHIbew9791YqIw"",""https://lh3.googleusercontent.com/geougc-cs/AIHozJLOOHl-zwSpKKcBvVvPfFJDC0gFE7F8PTnmIMyLovk4pIqF1RGyV0Ojwas1ZTzYe3SX23EHJrWd1uCAdNCZF-S5hse8FxGghPdieP0tO8U2epIQJMRfWZcSbpafLyO3gatWAYZV"",""Google"",,,""283"",,,""3741"",""2025-04-02T02:10:04.574Z"",""Direct Detail URL: https://www.google.com/maps/place/Sungai+Maron+Pacitan/@-8.204503,110.9526434,17z/data=!4m8!3m7!1s0x2e7bdc5940de0881:0x385aa8482534e59a!8m2!3d-8.2045083!4d110.9552183!9m1!1b1!16s%2Fg%2F11f06mb36n?entry=ttu&g_ep=EgoyMDI1MDMzMC4wIKXMDSoASAFQAw%3D%3D"",""5"",""Jawa Timur"",,""false"",""Bagus tempatnya...tapi kesini udah bayar retribusi masih dimintai parkir 10rb belum lagi bayar wisatanya. Kesini pas lautnya surut jadi agak coklat airnya"",,""Sungai Maron Pacitan"",""4.7"",,""https://www.google.com/maps/search/?api=1&query=Sungai%20Maron%20Pacitan&query_place_id=ChIJgQjeQFncey4RmuU0JUioWjg"","
"Maron, Dersono, Kec. Pringkuku, Kabupaten Pacitan, Jawa Timur 63552, Indonesia,""Tujuan Wisata"",""Tujuan Wisata"",""4060743041843258778"",""Kabupaten Pacitan"",""ID"",""0x2e7bdc5940de0881:0x385aa8482534e59a"",""https://lh3.googleusercontent.com/p/AF1QipMNuPRl3Yiq7QhQIJCyERjVOIzFTXzxm5P_ScFH=w408-h306-k-no"",""false"",""true"",""id"",""0"",""-8.2045083"",""110.9552183"",,""Maron, Dersono, Kecamatan Pringkuku"",,""false"",""ChIJgQjeQFncey4RmuU0JUioWjg"",""63552"",,""5 bulan lalu"",""2024-10-30T08:17:41.636Z"",,,,,,,,,,,,,,,,,,,,,,,,,,,,,,,,,,,,,,,,,,,,,,,,,,,,,,,,,,""Google"",,,""4"",,,""3741"",""2025-04-02T02:10:04.574Z"",""Direct Detail URL: https://www.google.com/maps/place/Sungai+Maron+Pacitan/@-8.204503,110.9526434,17z/data=!4m8!3m7!1s0x2e7bdc5940de0881:0x385aa8482534e59a!8m2!3d-8.2045083!4d110.9552183!9m1!1b1!16s%2Fg%2F11f06mb36n?entry=ttu&g_ep=EgoyMDI1MDMzMC4wIKXMDSoASAFQAw%3D%3D"",""5"",""Jawa Timur"",,""false"",,,""Sungai Maron Pacitan"",""4.7"",,""https://www.google.com/maps/search/?api=1&query=Sungai%20Maron%20Pacitan&query_place_id=ChIJgQjeQFncey4RmuU0JUioWjg"","
"Maron, Dersono, Kec. Pringkuku, Kabupaten Pacitan, Jawa Timur 63552, Indonesia,""Tujuan Wisata"",""Tujuan Wisata"",""4060743041843258778"",""Kabupaten Pacitan"",""ID"",""0x2e7bdc5940de0881:0x385aa8482534e59a"",""https://lh3.googleusercontent.com/p/AF1QipMNuPRl3Yiq7QhQIJCyERjVOIzFTXzxm5P_ScFH=w408-h306-k-no"",""false"",""false"",""id"",""0"",""-8.2045083"",""110.9552183"",,""Maron, Dersono, Kecamatan Pringkuku"",,""false"",""ChIJgQjeQFncey4RmuU0JUioWjg"",""63552"",,""5 bulan lalu"",""2024-10-30T02:31:37.768Z"",,,,,,,,,,,,,,,,,,,,,,,,,,,,,,,,,,,,,,,,,,,,,,,,,,,,,,,,,,""Google"",,,""4"",,,""3741"",""2025-04-02T02:10:04.574Z"",""Direct Detail URL: https://www.google.com/maps/place/Sungai+Maron+Pacitan/@-8.204503,110.9526434,17z/data=!4m8!3m7!1s0x2e7bdc5940de0881:0x385aa8482534e59a!8m2!3d-8.2045083!4d110.9552183!9m1!1b1!16s%2Fg%2F11f06mb36n?entry=ttu&g_ep=EgoyMDI1MDMzMC4wIKXMDSoASAFQAw%3D%3D"",""5"",""Jawa Timur"",,""false"",,,""Sungai Maron Pacitan"",""4.7"",,""https://www.google.com/maps/search/?api=1&query=Sungai%20Maron%20Pacitan&query_place_id=ChIJgQjeQFncey4RmuU0JUioWjg"","
"Maron, Dersono, Kec. Pringkuku, Kabupaten Pacitan, Jawa Timur 63552, Indonesia,""Tujuan Wisata"",""Tujuan Wisata"",""4060743041843258778"",""Kabupaten Pacitan"",""ID"",""0x2e7bdc5940de0881:0x385aa8482534e59a"",""https://lh3.googleusercontent.com/p/AF1QipMNuPRl3Yiq7QhQIJCyERjVOIzFTXzxm5P_ScFH=w408-h306-k-no"",""false"",""true"",""id"",""0"",""-8.2045083"",""110.9552183"",,""Maron, Dersono, Kecamatan Pringkuku"",,""false"",""ChIJgQjeQFncey4RmuU0JUioWjg"",""63552"",,""5 bulan lalu"",""2024-10-30T01:13:44.235Z"",,,,,,""Akhir pekan"",,,,,,,,,,,,,,,,,,,,,,,,,,,,,,,,,,,,,,,,,,,,,,,,,,,,""Google"",,,""46"",,,""3741"",""2025-04-02T02:10:04.574Z"",""Direct Detail URL: https://www.google.com/maps/place/Sungai+Maron+Pacitan/@-8.204503,110.9526434,17z/data=!4m8!3m7!1s0x2e7bdc5940de0881:0x385aa8482534e59a!8m2!3d-8.2045083!4d110.9552183!9m1!1b1!16s%2Fg%2F11f06mb36n?entry=ttu&g_ep=EgoyMDI1MDMzMC4wIKXMDSoASAFQAw%3D%3D"",""5"",""Jawa Timur"",,""false"",,,""Sungai Maron Pacitan"",""4.7"",,""https://www.google.com/maps/search/?api=1&query=Sungai%20Maron%20Pacitan&query_place_id=ChIJgQjeQFncey4RmuU0JUioWjg"","
"Maron, Dersono, Kec. Pringkuku, Kabupaten Pacitan, Jawa Timur 63552, Indonesia,""Tujuan Wisata"",""Tujuan Wisata"",""4060743041843258778"",""Kabupaten Pacitan"",""ID"",""0x2e7bdc5940de0881:0x385aa8482534e59a"",""https://lh3.googleusercontent.com/p/AF1QipMNuPRl3Yiq7QhQIJCyERjVOIzFTXzxm5P_ScFH=w408-h306-k-no"",""false"",""true"",""id"",""0"",""-8.2045083"",""110.9552183"",,""Maron, Dersono, Kecamatan Pringkuku"",,""false"",""ChIJgQjeQFncey4RmuU0JUioWjg"",""63552"",,""5 bulan lalu"",""2024-10-29T08:37:28.997Z"",,,,,,,,,,,,,,,,,,,,,,,,,,,,,,,,,,,,,,,,,,,,,,,,,,,,,,,,,,""Google"",,,""12"",,,""3741"",""2025-04-02T02:10:04.574Z"",""Direct Detail URL: https://www.google.com/maps/place/Sungai+Maron+Pacitan/@-8.204503,110.9526434,17z/data=!4m8!3m7!1s0x2e7bdc5940de0881:0x385aa8482534e59a!8m2!3d-8.2045083!4d110.9552183!9m1!1b1!16s%2Fg%2F11f06mb36n?entry=ttu&g_ep=EgoyMDI1MDMzMC4wIKXMDSoASAFQAw%3D%3D"",""5"",""Jawa Timur"",,""false"",,,""Sungai Maron Pacitan"",""4.7"",,""https://www.google.com/maps/search/?api=1&query=Sungai%20Maron%20Pacitan&query_place_id=ChIJgQjeQFncey4RmuU0JUioWjg"","
"Maron, Dersono, Kec. Pringkuku, Kabupaten Pacitan, Jawa Timur 63552, Indonesia,""Tujuan Wisata"",""Tujuan Wisata"",""4060743041843258778"",""Kabupaten Pacitan"",""ID"",""0x2e7bdc5940de0881:0x385aa8482534e59a"",""https://lh3.googleusercontent.com/p/AF1QipMNuPRl3Yiq7QhQIJCyERjVOIzFTXzxm5P_ScFH=w408-h306-k-no"",""false"",""true"",""id"",""0"",""-8.2045083"",""110.9552183"",,""Maron, Dersono, Kecamatan Pringkuku"",""id"",""false"",""ChIJgQjeQFncey4RmuU0JUioWjg"",""63552"",,""5 bulan lalu"",""2024-10-29T08:14:06.078Z"",,,,""Tidak"",""10-30 mnt"",""Akhir pekan"",,""https://lh3.googleusercontent.com/geougc-cs/AIHozJI37i0aNJ_5BYRvsNJ_VA8jgXbjISJ85H-lJNCYU354EfCHLZcPro6Z4Z47pC29N1OdKNOEl8TJwBvFU4-8aZ5s9nnR7jwh5gsi4GQzYg_NJ9zt5tiVYiaQE57xei4g1ukQNitb"",""https://lh3.googleusercontent.com/geougc-cs/AIHozJKg-sJp6Qy68yMuhtnhYclseManrU-uSm8FF6oPTvp-X3pS9Jf7U2P4OUMYiN_nTM6PS0nEv_MZkOeELj6p0gEm8kTeXFb0GgJ38hsPH3DXJcRkTtFglQqbMMD9Uvm2JGcc1iqW"",""https://lh3.googleusercontent.com/geougc-cs/AIHozJKALsdohDRSyxeK17tOJ9ujfzfkQzoVyOjVLDHZsFD88ZnhB_DK9DI_UsuQ8Gm1aCN2lAg6FIjib2hEhoYdVufDP71Hf5bYNLBIH9IcqiU9S_p4KDMfkBOaH2J25Rw0alFuPhrgiQ"",""https://lh3.googleusercontent.com/geougc-cs/AIHozJIc3hihTNNG7yr1H453F0-ZJLK293D-vgwxzEfbDih1Y8faU9fVVA3pDOZQ46aHt08p0EoDOtsX7ftVAh-vHXJ9o4tT1yIn5NI9NvtPrFBhNQIIZtsjO9olZSSb_1MC_v7W3REN"",,,,,,,,,,,,,,,,,,,,,,,,,,,,,,,,,,,,,,,,,,,,,,,""Google"",,,""16"",,,""3741"",""2025-04-02T02:10:04.574Z"",""Direct Detail URL: https://www.google.com/maps/place/Sungai+Maron+Pacitan/@-8.204503,110.9526434,17z/data=!4m8!3m7!1s0x2e7bdc5940de0881:0x385aa8482534e59a!8m2!3d-8.2045083!4d110.9552183!9m1!1b1!16s%2Fg%2F11f06mb36n?entry=ttu&g_ep=EgoyMDI1MDMzMC4wIKXMDSoASAFQAw%3D%3D"",""5"",""Jawa Timur"",,""false"",""Bagusss, suasananya asrii, banyak spot foto. Bapak kapalnya ramah."",,""Sungai Maron Pacitan"",""4.7"",,""https://www.google.com/maps/search/?api=1&query=Sungai%20Maron%20Pacitan&query_place_id=ChIJgQjeQFncey4RmuU0JUioWjg"","
"Maron, Dersono, Kec. Pringkuku, Kabupaten Pacitan, Jawa Timur 63552, Indonesia,""Tujuan Wisata"",""Tujuan Wisata"",""4060743041843258778"",""Kabupaten Pacitan"",""ID"",""0x2e7bdc5940de0881:0x385aa8482534e59a"",""https://lh3.googleusercontent.com/p/AF1QipMNuPRl3Yiq7QhQIJCyERjVOIzFTXzxm5P_ScFH=w408-h306-k-no"",""false"",""true"",""id"",""0"",""-8.2045083"",""110.9552183"",,""Maron, Dersono, Kecamatan Pringkuku"",,""false"",""ChIJgQjeQFncey4RmuU0JUioWjg"",""63552"",,""5 bulan lalu"",""2024-10-29T00:11:25.393Z"",,,,""Tidak"",""Tanpa mengantre"",""Hari biasa"",,,,,,,,,,,,,,,,,,,,,,,,,,,,,,,,,,,,,,,,,,,,,,,,,,,,""Google"",,,""25"",,,""3741"",""2025-04-02T02:10:04.574Z"",""Direct Detail URL: https://www.google.com/maps/place/Sungai+Maron+Pacitan/@-8.204503,110.9526434,17z/data=!4m8!3m7!1s0x2e7bdc5940de0881:0x385aa8482534e59a!8m2!3d-8.2045083!4d110.9552183!9m1!1b1!16s%2Fg%2F11f06mb36n?entry=ttu&g_ep=EgoyMDI1MDMzMC4wIKXMDSoASAFQAw%3D%3D"",""5"",""Jawa Timur"",,""false"",,,""Sungai Maron Pacitan"",""4.7"",,""https://www.google.com/maps/search/?api=1&query=Sungai%20Maron%20Pacitan&query_place_id=ChIJgQjeQFncey4RmuU0JUioWjg"","
"Maron, Dersono, Kec. Pringkuku, Kabupaten Pacitan, Jawa Timur 63552, Indonesia,""Tujuan Wisata"",""Tujuan Wisata"",""4060743041843258778"",""Kabupaten Pacitan"",""ID"",""0x2e7bdc5940de0881:0x385aa8482534e59a"",""https://lh3.googleusercontent.com/p/AF1QipMNuPRl3Yiq7QhQIJCyERjVOIzFTXzxm5P_ScFH=w408-h306-k-no"",""false"",""false"",""id"",""0"",""-8.2045083"",""110.9552183"",,""Maron, Dersono, Kecamatan Pringkuku"",""id"",""false"",""ChIJgQjeQFncey4RmuU0JUioWjg"",""63552"",,""5 bulan lalu"",""2024-10-28T22:42:17.448Z"",,,,,,,,,,,,,,,,,,,,,,,,,,,,,,,,,,,,,,,,,,,,,,,,,,,,,,,,,,""Google"",,,""1"",,,""3741"",""2025-04-02T02:10:04.574Z"",""Direct Detail URL: https://www.google.com/maps/place/Sungai+Maron+Pacitan/@-8.204503,110.9526434,17z/data=!4m8!3m7!1s0x2e7bdc5940de0881:0x385aa8482534e59a!8m2!3d-8.2045083!4d110.9552183!9m1!1b1!16s%2Fg%2F11f06mb36n?entry=ttu&g_ep=EgoyMDI1MDMzMC4wIKXMDSoASAFQAw%3D%3D"",""5"",""Jawa Timur"",,""false"",""Bagus"",,""Sungai Maron Pacitan"",""4.7"",,""https://www.google.com/maps/search/?api=1&query=Sungai%20Maron%20Pacitan&query_place_id=ChIJgQjeQFncey4RmuU0JUioWjg"","
"Maron, Dersono, Kec. Pringkuku, Kabupaten Pacitan, Jawa Timur 63552, Indonesia,""Tujuan Wisata"",""Tujuan Wisata"",""4060743041843258778"",""Kabupaten Pacitan"",""ID"",""0x2e7bdc5940de0881:0x385aa8482534e59a"",""https://lh3.googleusercontent.com/p/AF1QipMNuPRl3Yiq7QhQIJCyERjVOIzFTXzxm5P_ScFH=w408-h306-k-no"",""false"",""false"",""id"",""0"",""-8.2045083"",""110.9552183"",,""Maron, Dersono, Kecamatan Pringkuku"",""id"",""false"",""ChIJgQjeQFncey4RmuU0JUioWjg"",""63552"",,""5 bulan lalu"",""2024-10-28T11:24:09.745Z"",,,,,,""Akhir pekan"",,""https://lh3.googleusercontent.com/geougc-cs/AIHozJJ9kvzjBv4kURfpWDNJlakxtrOaxQDif5Ef2X7zA71BGd5er55q8MT8fnZuxVNXtzETTaZl81hUkJkLN-_B5s82KTpK9QgnUGp26r-m8czxwNEvx_4iPabuLUrzpYecb39lSihp"",""https://lh3.googleusercontent.com/geougc-cs/AIHozJI6kBs6PSO_NlnvnfNNfP8J8LezjZSOaKUBzFxUQK6WyInj-zsgjYto3SkkqPTjH6OPJ-Aqv3sAzWf5OK3yOwPdFXh_uJOYjrxA13WQLMfXsKpOUtjaRg4ZtQ49D-XAbG5pakJ21g"",,,,,,,,,,,,,,,,,,,,,,,,,,,,,,,,,,,,,,,,,,,,,,,,,""Google"",,,""2"",,,""3741"",""2025-04-02T02:10:04.574Z"",""Direct Detail URL: https://www.google.com/maps/place/Sungai+Maron+Pacitan/@-8.204503,110.9526434,17z/data=!4m8!3m7!1s0x2e7bdc5940de0881:0x385aa8482534e59a!8m2!3d-8.2045083!4d110.9552183!9m1!1b1!16s%2Fg%2F11f06mb36n?entry=ttu&g_ep=EgoyMDI1MDMzMC4wIKXMDSoASAFQAw%3D%3D"",""5"",""Jawa Timur"",,""false"",""Emang se bagus ituuu sungai amazon nya pacitan"",,""Sungai Maron Pacitan"",""4.7"",,""https://www.google.com/maps/search/?api=1&query=Sungai%20Maron%20Pacitan&query_place_id=ChIJgQjeQFncey4RmuU0JUioWjg"","
"Maron, Dersono, Kec. Pringkuku, Kabupaten Pacitan, Jawa Timur 63552, Indonesia,""Tujuan Wisata"",""Tujuan Wisata"",""4060743041843258778"",""Kabupaten Pacitan"",""ID"",""0x2e7bdc5940de0881:0x385aa8482534e59a"",""https://lh3.googleusercontent.com/p/AF1QipMNuPRl3Yiq7QhQIJCyERjVOIzFTXzxm5P_ScFH=w408-h306-k-no"",""false"",""true"",""id"",""0"",""-8.2045083"",""110.9552183"",,""Maron, Dersono, Kecamatan Pringkuku"",,""false"",""ChIJgQjeQFncey4RmuU0JUioWjg"",""63552"",,""5 bulan lalu"",""2024-10-27T01:12:01.452Z"",,,,""Tidak yakin"",""Tanpa mengantre"",""Hari biasa"",,,,,,,,,,,,,,,,,,,,,,,,,,,,,,,,,,,,,,,,,,,,,,,,,,,,""Google"",,,""20"",,,""3741"",""2025-04-02T02:10:04.574Z"",""Direct Detail URL: https://www.google.com/maps/place/Sungai+Maron+Pacitan/@-8.204503,110.9526434,17z/data=!4m8!3m7!1s0x2e7bdc5940de0881:0x385aa8482534e59a!8m2!3d-8.2045083!4d110.9552183!9m1!1b1!16s%2Fg%2F11f06mb36n?entry=ttu&g_ep=EgoyMDI1MDMzMC4wIKXMDSoASAFQAw%3D%3D"",""5"",""Jawa Timur"",,""false"",,,""Sungai Maron Pacitan"",""4.7"",,""https://www.google.com/maps/search/?api=1&query=Sungai%20Maron%20Pacitan&query_place_id=ChIJgQjeQFncey4RmuU0JUioWjg"","
"Maron, Dersono, Kec. Pringkuku, Kabupaten Pacitan, Jawa Timur 63552, Indonesia,""Tujuan Wisata"",""Tujuan Wisata"",""4060743041843258778"",""Kabupaten Pacitan"",""ID"",""0x2e7bdc5940de0881:0x385aa8482534e59a"",""https://lh3.googleusercontent.com/p/AF1QipMNuPRl3Yiq7QhQIJCyERjVOIzFTXzxm5P_ScFH=w408-h306-k-no"",""false"",""false"",""id"",""0"",""-8.2045083"",""110.9552183"",,""Maron, Dersono, Kecamatan Pringkuku"",,""false"",""ChIJgQjeQFncey4RmuU0JUioWjg"",""63552"",,""5 bulan lalu"",""2024-10-25T00:13:26.240Z"",,,,""Tidak"",""Tanpa mengantre"",""Hari biasa"",,,,,,,,,,,,,,,,,,,,,,,,,,,,,,,,,,,,,,,,,,,,,,,,,,,,""Google"",,,""12"",,,""3741"",""2025-04-02T02:10:04.574Z"",""Direct Detail URL: https://www.google.com/maps/place/Sungai+Maron+Pacitan/@-8.204503,110.9526434,17z/data=!4m8!3m7!1s0x2e7bdc5940de0881:0x385aa8482534e59a!8m2!3d-8.2045083!4d110.9552183!9m1!1b1!16s%2Fg%2F11f06mb36n?entry=ttu&g_ep=EgoyMDI1MDMzMC4wIKXMDSoASAFQAw%3D%3D"",""5"",""Jawa Timur"",,""false"",,,""Sungai Maron Pacitan"",""4.7"",,""https://www.google.com/maps/search/?api=1&query=Sungai%20Maron%20Pacitan&query_place_id=ChIJgQjeQFncey4RmuU0JUioWjg"","
"Maron, Dersono, Kec. Pringkuku, Kabupaten Pacitan, Jawa Timur 63552, Indonesia,""Tujuan Wisata"",""Tujuan Wisata"",""4060743041843258778"",""Kabupaten Pacitan"",""ID"",""0x2e7bdc5940de0881:0x385aa8482534e59a"",""https://lh3.googleusercontent.com/p/AF1QipMNuPRl3Yiq7QhQIJCyERjVOIzFTXzxm5P_ScFH=w408-h306-k-no"",""false"",""true"",""id"",""0"",""-8.2045083"",""110.9552183"",,""Maron, Dersono, Kecamatan Pringkuku"",""id"",""false"",""ChIJgQjeQFncey4RmuU0JUioWjg"",""63552"",,""5 bulan lalu"",""2024-10-22T14:57:51.642Z"",,,,""Tidak"",""10-30 mnt"",""Akhir pekan"",,""https://lh3.googleusercontent.com/geougc-cs/AIHozJKAO_xL-Sstp_HEHVX52vckFDQ2TZBuLMVTXKNJktqyR0YJh0ZTiVy6zGAML9NIR2HevBCr45Ayld_ueuCDQQH_TSS_NxUtcfDpKkeLCLvjGMyIDGUrfib3Cajd8SICcg6kQN6BfQ"",""https://lh3.googleusercontent.com/geougc-cs/AIHozJJowlJ7ssEQT9bXfFAUMU8GGA4xU5AEYINqdX0N6Jx-eaN4_qHd8mxxKX8xTalX8l-AKb1EDDn7SWCjS3qNxzeT8i30n4QK9JEeScne-VRIHLOFi9aU_x9pQQ6fIU524uFvGGw"",""https://lh3.googleusercontent.com/geougc-cs/AIHozJJLEQtzEqLznXbjfA2QIRRVYhJsYLZe2fJ745ne0quzHAMyXxV8bwXEW9BHsbu76pM8LGCd_5jbJ1TJDBrIcLnWkOUCM-DCvh9OKjZG0VzAMrv5MwAyRPIm0TVLo58lNXIipZGrVw"",,,,,,,,,,,,,,,,,,,,,,,,,,,,,,,,,,,,,,,,,,,,,,,,""Google"",,,""6"",,,""3741"",""2025-04-02T02:10:04.574Z"",""Direct Detail URL: https://www.google.com/maps/place/Sungai+Maron+Pacitan/@-8.204503,110.9526434,17z/data=!4m8!3m7!1s0x2e7bdc5940de0881:0x385aa8482534e59a!8m2!3d-8.2045083!4d110.9552183!9m1!1b1!16s%2Fg%2F11f06mb36n?entry=ttu&g_ep=EgoyMDI1MDMzMC4wIKXMDSoASAFQAw%3D%3D"",""5"",""Jawa Timur"",,""false"",""Sungainya bersih"",,""Sungai Maron Pacitan"",""4.7"",,""https://www.google.com/maps/search/?api=1&query=Sungai%20Maron%20Pacitan&query_place_id=ChIJgQjeQFncey4RmuU0JUioWjg"","
"Maron, Dersono, Kec. Pringkuku, Kabupaten Pacitan, Jawa Timur 63552, Indonesia,""Tujuan Wisata"",""Tujuan Wisata"",""4060743041843258778"",""Kabupaten Pacitan"",""ID"",""0x2e7bdc5940de0881:0x385aa8482534e59a"",""https://lh3.googleusercontent.com/p/AF1QipMNuPRl3Yiq7QhQIJCyERjVOIzFTXzxm5P_ScFH=w408-h306-k-no"",""false"",""false"",""id"",""0"",""-8.2045083"",""110.9552183"",,""Maron, Dersono, Kecamatan Pringkuku"",""id"",""false"",""ChIJgQjeQFncey4RmuU0JUioWjg"",""63552"",,""5 bulan lalu"",""2024-10-22T04:49:06.449Z"",,,,,,,,,,,,,,,,,,,,,,,,,,,,,,,,,,,,,,,,,,,,,,,,,,,,,,,,,,""Google"",,,""6"",,,""3741"",""2025-04-02T02:10:04.574Z"",""Direct Detail URL: https://www.google.com/maps/place/Sungai+Maron+Pacitan/@-8.204503,110.9526434,17z/data=!4m8!3m7!1s0x2e7bdc5940de0881:0x385aa8482534e59a!8m2!3d-8.2045083!4d110.9552183!9m1!1b1!16s%2Fg%2F11f06mb36n?entry=ttu&g_ep=EgoyMDI1MDMzMC4wIKXMDSoASAFQAw%3D%3D"",""5"",""Jawa Timur"",,""false"",""Sangat memuaskan berwisata dengan perahu menyusuri pantai maron Pacitan"",,""Sungai Maron Pacitan"",""4.7"",,""https://www.google.com/maps/search/?api=1&query=Sungai%20Maron%20Pacitan&query_place_id=ChIJgQjeQFncey4RmuU0JUioWjg"","
"Maron, Dersono, Kec. Pringkuku, Kabupaten Pacitan, Jawa Timur 63552, Indonesia,""Tujuan Wisata"",""Tujuan Wisata"",""4060743041843258778"",""Kabupaten Pacitan"",""ID"",""0x2e7bdc5940de0881:0x385aa8482534e59a"",""https://lh3.googleusercontent.com/p/AF1QipMNuPRl3Yiq7QhQIJCyERjVOIzFTXzxm5P_ScFH=w408-h306-k-no"",""false"",""true"",""id"",""0"",""-8.2045083"",""110.9552183"",,""Maron, Dersono, Kecamatan Pringkuku"",,""false"",""ChIJgQjeQFncey4RmuU0JUioWjg"",""63552"",,""5 bulan lalu"",""2024-10-21T10:18:37.858Z"",,,,,,,,,,,,,,,,,,,,,,,,,,,,,,,,,,,,,,,,,,,,,,,,,,,,,,,,,,""Google"",,,""13"",,,""3741"",""2025-04-02T02:10:04.574Z"",""Direct Detail URL: https://www.google.com/maps/place/Sungai+Maron+Pacitan/@-8.204503,110.9526434,17z/data=!4m8!3m7!1s0x2e7bdc5940de0881:0x385aa8482534e59a!8m2!3d-8.2045083!4d110.9552183!9m1!1b1!16s%2Fg%2F11f06mb36n?entry=ttu&g_ep=EgoyMDI1MDMzMC4wIKXMDSoASAFQAw%3D%3D"",""5"",""Jawa Timur"",,""false"",,,""Sungai Maron Pacitan"",""4.7"",,""https://www.google.com/maps/search/?api=1&query=Sungai%20Maron%20Pacitan&query_place_id=ChIJgQjeQFncey4RmuU0JUioWjg"","
"Maron, Dersono, Kec. Pringkuku, Kabupaten Pacitan, Jawa Timur 63552, Indonesia,""Tujuan Wisata"",""Tujuan Wisata"",""4060743041843258778"",""Kabupaten Pacitan"",""ID"",""0x2e7bdc5940de0881:0x385aa8482534e59a"",""https://lh3.googleusercontent.com/p/AF1QipMNuPRl3Yiq7QhQIJCyERjVOIzFTXzxm5P_ScFH=w408-h306-k-no"",""false"",""true"",""id"",""0"",""-8.2045083"",""110.9552183"",,""Maron, Dersono, Kecamatan Pringkuku"",""en"",""false"",""ChIJgQjeQFncey4RmuU0JUioWjg"",""63552"",,""5 bulan lalu"",""2024-10-20T13:17:12.902Z"",,,,""Ya"",""Maks 10 mnt"",""Akhir pekan"",,""https://lh3.googleusercontent.com/geougc-cs/AIHozJJXHbSHtToVhPYuNKz1aduYcltr67ixlOWfP1H2Y0-K-CGy62hPs56sb3aPQtR_qloHxxOf07dRFwQx0USGqgMR6WOzR2twvWSUOk90pNj53ai4YfVeto8sUwEuR0XUgO0lyk2NTA"",""https://lh3.googleusercontent.com/geougc-cs/AIHozJI6davxBUfH732vbCts4OeI0-CQ3mT2HCuR_oXNHz2xpW4yM-Q3ypkL6rmljLaOFPX8Uei1vkCdH7fM0-ikBTpKxqCc8FubLmBgm_v6jtnUlY1Pfhz0Xlpq3ij_P9xgMONykDF09Q"",""https://lh3.googleusercontent.com/geougc-cs/AIHozJKNxK_UsB57ggoT3wdh6kpqR_uwPP0hvdLPRSvh_no5cbDgeN_OgqIqHiepQZdJ31NNuiBoBgIn38yyy707Qug3SLfnkQ8GVoTopbgHioZpV4I4rrIoC0OqaRgQyfkWQgjmc9Mhdg"",,,,,,,,,,,,,,,,,,,,,,,,,,,,,,,,,,,,,,,,,,,,,,,,""Google"",,,""12"",,,""3741"",""2025-04-02T02:10:04.574Z"",""Direct Detail URL: https://www.google.com/maps/place/Sungai+Maron+Pacitan/@-8.204503,110.9526434,17z/data=!4m8!3m7!1s0x2e7bdc5940de0881:0x385aa8482534e59a!8m2!3d-8.2045083!4d110.9552183!9m1!1b1!16s%2Fg%2F11f06mb36n?entry=ttu&g_ep=EgoyMDI1MDMzMC4wIKXMDSoASAFQAw%3D%3D"",""5"",""Jawa Timur"",,""false"",""A nice place to release stress"",""Tempat yang bagus untuk melepaskan stres"",""Sungai Maron Pacitan"",""4.7"",""id"",""https://www.google.com/maps/search/?api=1&query=Sungai%20Maron%20Pacitan&query_place_id=ChIJgQjeQFncey4RmuU0JUioWjg"","
"Maron, Dersono, Kec. Pringkuku, Kabupaten Pacitan, Jawa Timur 63552, Indonesia,""Tujuan Wisata"",""Tujuan Wisata"",""4060743041843258778"",""Kabupaten Pacitan"",""ID"",""0x2e7bdc5940de0881:0x385aa8482534e59a"",""https://lh3.googleusercontent.com/p/AF1QipMNuPRl3Yiq7QhQIJCyERjVOIzFTXzxm5P_ScFH=w408-h306-k-no"",""false"",""true"",""id"",""0"",""-8.2045083"",""110.9552183"",,""Maron, Dersono, Kecamatan Pringkuku"",""id"",""false"",""ChIJgQjeQFncey4RmuU0JUioWjg"",""63552"",,""5 bulan lalu"",""2024-10-19T11:43:36.145Z"",,,,""Tidak"",""Tanpa mengantre"",""Hari biasa"",,,,,,,,,,,,,,,,,,,,,,,,,,,,,,,,,,,,,,,,,,,,,,,,,,,,""Google"",,,""28"",,,""3741"",""2025-04-02T02:10:04.574Z"",""Direct Detail URL: https://www.google.com/maps/place/Sungai+Maron+Pacitan/@-8.204503,110.9526434,17z/data=!4m8!3m7!1s0x2e7bdc5940de0881:0x385aa8482534e59a!8m2!3d-8.2045083!4d110.9552183!9m1!1b1!16s%2Fg%2F11f06mb36n?entry=ttu&g_ep=EgoyMDI1MDMzMC4wIKXMDSoASAFQAw%3D%3D"",""5"",""Jawa Timur"",,""false"",""Wisata sungai yang menyenangkan"",,""Sungai Maron Pacitan"",""4.7"",,""https://www.google.com/maps/search/?api=1&query=Sungai%20Maron%20Pacitan&query_place_id=ChIJgQjeQFncey4RmuU0JUioWjg"","
"Maron, Dersono, Kec. Pringkuku, Kabupaten Pacitan, Jawa Timur 63552, Indonesia,""Tujuan Wisata"",""Tujuan Wisata"",""4060743041843258778"",""Kabupaten Pacitan"",""ID"",""0x2e7bdc5940de0881:0x385aa8482534e59a"",""https://lh3.googleusercontent.com/p/AF1QipMNuPRl3Yiq7QhQIJCyERjVOIzFTXzxm5P_ScFH=w408-h306-k-no"",""false"",""false"",""id"",""0"",""-8.2045083"",""110.9552183"",,""Maron, Dersono, Kecamatan Pringkuku"",,""false"",""ChIJgQjeQFncey4RmuU0JUioWjg"",""63552"",,""5 bulan lalu"",""2024-10-19T06:58:43.059Z"",,,,,,,,,,,,,,,,,,,,,,,,,,,,,,,,,,,,,,,,,,,,,,,,,,,,,,,,,,""Google"",,,""2"",,,""3741"",""2025-04-02T02:10:04.574Z"",""Direct Detail URL: https://www.google.com/maps/place/Sungai+Maron+Pacitan/@-8.204503,110.9526434,17z/data=!4m8!3m7!1s0x2e7bdc5940de0881:0x385aa8482534e59a!8m2!3d-8.2045083!4d110.9552183!9m1!1b1!16s%2Fg%2F11f06mb36n?entry=ttu&g_ep=EgoyMDI1MDMzMC4wIKXMDSoASAFQAw%3D%3D"",""5"",""Jawa Timur"",,""false"",,,""Sungai Maron Pacitan"",""4.7"",,""https://www.google.com/maps/search/?api=1&query=Sungai%20Maron%20Pacitan&query_place_id=ChIJgQjeQFncey4RmuU0JUioWjg"","
"Maron, Dersono, Kec. Pringkuku, Kabupaten Pacitan, Jawa Timur 63552, Indonesia,""Tujuan Wisata"",""Tujuan Wisata"",""4060743041843258778"",""Kabupaten Pacitan"",""ID"",""0x2e7bdc5940de0881:0x385aa8482534e59a"",""https://lh3.googleusercontent.com/p/AF1QipMNuPRl3Yiq7QhQIJCyERjVOIzFTXzxm5P_ScFH=w408-h306-k-no"",""false"",""false"",""id"",""0"",""-8.2045083"",""110.9552183"",,""Maron, Dersono, Kecamatan Pringkuku"",,""false"",""ChIJgQjeQFncey4RmuU0JUioWjg"",""63552"",,""5 bulan lalu"",""2024-10-16T00:17:03.065Z"",,,,""Ya"",""Tanpa mengantre"",""Hari biasa"",,,,,,,,,,,,,,,,,,,,,,,,,,,,,,,,,,,,,,,,,,,,,,,,,,,,""Google"",,,""9"",,,""3741"",""2025-04-02T02:10:04.574Z"",""Direct Detail URL: https://www.google.com/maps/place/Sungai+Maron+Pacitan/@-8.204503,110.9526434,17z/data=!4m8!3m7!1s0x2e7bdc5940de0881:0x385aa8482534e59a!8m2!3d-8.2045083!4d110.9552183!9m1!1b1!16s%2Fg%2F11f06mb36n?entry=ttu&g_ep=EgoyMDI1MDMzMC4wIKXMDSoASAFQAw%3D%3D"",""5"",""Jawa Timur"",,""false"",,,""Sungai Maron Pacitan"",""4.7"",,""https://www.google.com/maps/search/?api=1&query=Sungai%20Maron%20Pacitan&query_place_id=ChIJgQjeQFncey4RmuU0JUioWjg"","
"Maron, Dersono, Kec. Pringkuku, Kabupaten Pacitan, Jawa Timur 63552, Indonesia,""Tujuan Wisata"",""Tujuan Wisata"",""4060743041843258778"",""Kabupaten Pacitan"",""ID"",""0x2e7bdc5940de0881:0x385aa8482534e59a"",""https://lh3.googleusercontent.com/p/AF1QipMNuPRl3Yiq7QhQIJCyERjVOIzFTXzxm5P_ScFH=w408-h306-k-no"",""false"",""true"",""id"",""0"",""-8.2045083"",""110.9552183"",,""Maron, Dersono, Kecamatan Pringkuku"",,""false"",""ChIJgQjeQFncey4RmuU0JUioWjg"",""63552"",,""5 bulan lalu"",""2024-10-15T05:04:00.471Z"",,,,,,,,,,,,,,,,,,,,,,,,,,,,,,,,,,,,,,,,,,,,,,,,,,,,,,,,,,""Google"",,,""3"",,,""3741"",""2025-04-02T02:10:04.574Z"",""Direct Detail URL: https://www.google.com/maps/place/Sungai+Maron+Pacitan/@-8.204503,110.9526434,17z/data=!4m8!3m7!1s0x2e7bdc5940de0881:0x385aa8482534e59a!8m2!3d-8.2045083!4d110.9552183!9m1!1b1!16s%2Fg%2F11f06mb36n?entry=ttu&g_ep=EgoyMDI1MDMzMC4wIKXMDSoASAFQAw%3D%3D"",""5"",""Jawa Timur"",,""false"",,,""Sungai Maron Pacitan"",""4.7"",,""https://www.google.com/maps/search/?api=1&query=Sungai%20Maron%20Pacitan&query_place_id=ChIJgQjeQFncey4RmuU0JUioWjg"","
"Maron, Dersono, Kec. Pringkuku, Kabupaten Pacitan, Jawa Timur 63552, Indonesia,""Tujuan Wisata"",""Tujuan Wisata"",""4060743041843258778"",""Kabupaten Pacitan"",""ID"",""0x2e7bdc5940de0881:0x385aa8482534e59a"",""https://lh3.googleusercontent.com/p/AF1QipMNuPRl3Yiq7QhQIJCyERjVOIzFTXzxm5P_ScFH=w408-h306-k-no"",""false"",""false"",""id"",""0"",""-8.2045083"",""110.9552183"",,""Maron, Dersono, Kecamatan Pringkuku"",,""false"",""ChIJgQjeQFncey4RmuU0JUioWjg"",""63552"",,""5 bulan lalu"",""2024-10-13T15:44:05.379Z"",,,,,,,,,,,,,,,,,,,,,,,,,,,,,,,,,,,,,,,,,,,,,,,,,,,,,,,,,,""Google"",,,""3"",,,""3741"",""2025-04-02T02:10:04.574Z"",""Direct Detail URL: https://www.google.com/maps/place/Sungai+Maron+Pacitan/@-8.204503,110.9526434,17z/data=!4m8!3m7!1s0x2e7bdc5940de0881:0x385aa8482534e59a!8m2!3d-8.2045083!4d110.9552183!9m1!1b1!16s%2Fg%2F11f06mb36n?entry=ttu&g_ep=EgoyMDI1MDMzMC4wIKXMDSoASAFQAw%3D%3D"",""5"",""Jawa Timur"",,""false"",,,""Sungai Maron Pacitan"",""4.7"",,""https://www.google.com/maps/search/?api=1&query=Sungai%20Maron%20Pacitan&query_place_id=ChIJgQjeQFncey4RmuU0JUioWjg"","
"Maron, Dersono, Kec. Pringkuku, Kabupaten Pacitan, Jawa Timur 63552, Indonesia,""Tujuan Wisata"",""Tujuan Wisata"",""4060743041843258778"",""Kabupaten Pacitan"",""ID"",""0x2e7bdc5940de0881:0x385aa8482534e59a"",""https://lh3.googleusercontent.com/p/AF1QipMNuPRl3Yiq7QhQIJCyERjVOIzFTXzxm5P_ScFH=w408-h306-k-no"",""false"",""false"",""id"",""0"",""-8.2045083"",""110.9552183"",,""Maron, Dersono, Kecamatan Pringkuku"",""id"",""false"",""ChIJgQjeQFncey4RmuU0JUioWjg"",""63552"",,""5 bulan lalu"",""2024-10-13T06:03:14.793Z"",,,,,,,,,,,,,,,,,,,,,,,,,,,,,,,,,,,,,,,,,,,,,,,,,,,,,,,,,,""Google"",,,""4"",,,""3741"",""2025-04-02T02:10:04.574Z"",""Direct Detail URL: https://www.google.com/maps/place/Sungai+Maron+Pacitan/@-8.204503,110.9526434,17z/data=!4m8!3m7!1s0x2e7bdc5940de0881:0x385aa8482534e59a!8m2!3d-8.2045083!4d110.9552183!9m1!1b1!16s%2Fg%2F11f06mb36n?entry=ttu&g_ep=EgoyMDI1MDMzMC4wIKXMDSoASAFQAw%3D%3D"",""5"",""Jawa Timur"",,""false"",""Mantap"",,""Sungai Maron Pacitan"",""4.7"",,""https://www.google.com/maps/search/?api=1&query=Sungai%20Maron%20Pacitan&query_place_id=ChIJgQjeQFncey4RmuU0JUioWjg"","
"Maron, Dersono, Kec. Pringkuku, Kabupaten Pacitan, Jawa Timur 63552, Indonesia,""Tujuan Wisata"",""Tujuan Wisata"",""4060743041843258778"",""Kabupaten Pacitan"",""ID"",""0x2e7bdc5940de0881:0x385aa8482534e59a"",""https://lh3.googleusercontent.com/p/AF1QipMNuPRl3Yiq7QhQIJCyERjVOIzFTXzxm5P_ScFH=w408-h306-k-no"",""false"",""true"",""id"",""0"",""-8.2045083"",""110.9552183"",,""Maron, Dersono, Kecamatan Pringkuku"",""id"",""false"",""ChIJgQjeQFncey4RmuU0JUioWjg"",""63552"",,""5 bulan lalu"",""2024-10-12T15:46:30.542Z"",,,,,,,,""https://lh3.googleusercontent.com/geougc-cs/AIHozJIrBwN4hh_gtZPYBKXhKCwndG9C3jNaqXf1E2fJdfMlbI511JkTjHR0pp_D1277Vx8R4ACfjFfeDRQMfZ-fzhtfZ1zotSRCSMjdSxRw6katax5F3e0D0ZdkHX96DeuxOVvpwhPO"",""https://lh3.googleusercontent.com/geougc-cs/AIHozJKwazNGBfy0DzvUkbzH3V2XQGo4KaIIuB1HQeV6oi1GYRAcJft6qTsSMZLUo_-QaEiH2jc-27LGKGb9l_Pr784hYKe7Ya4lpz_4QPW-r79GrQu9LieI2fR_6ltLQTfb26J8Q0Vm"",""https://lh3.googleusercontent.com/geougc-cs/AIHozJJEfdCFn0IGvLeMUAKVhXxHxRWlRxyK5tOnYqMvmlELMZPRILlulQzDsG1TFNzCETX1AXXlVDEK3fij28gCAmQ1XrpSn34DfRV-m0Z6r36lCk_xekZP--16pyFyMWNhd4c7G_Mr8A"",""https://lh3.googleusercontent.com/geougc-cs/AIHozJIV5dMn7QjJjKnNPhZ6sNAoMIZi7CKpkfTZ-cZbnL0_x1mfvDUOaz4Oi6TXGoLszfBdVWFETffDsQKeMzbee3-0idc1_4bBdtM1RSKiqst5QeQX2QY8koi4aijB8O9t41VuhW33"",""https://lh3.googleusercontent.com/geougc-cs/AIHozJLm7oKDX8PUEJRLX4dwqbLHZfUFZA9KiyTg8MNsMNdpIvyqmpL_7Eh94EYhRK1N8S9EOo2bAj_rzWp2OQMgixLKG85g_7riQDcmRdfVSXHT328fJN0w0VvmjQFnDrEfAQEPf4vPWA"",""https://lh3.googleusercontent.com/geougc-cs/AIHozJLhFM5d2H65ADhjuvZj1tNvLIDDXEkyyA_oLcHpUHtTmi0ocCZP8tp2_abjf7uWM7zuOUKX6bNP0o8J-rB8zk3n6cTNlKzTqob3lIG957_vAW2gLZynVeQA3r7085JxaxGsAAw"",,,,,,,,,,,,,,,,,,,,,,,,,,,,,,,,,,,,,,,,,,,,,""Google"",,,""9"",,,""3741"",""2025-04-02T02:10:04.574Z"",""Direct Detail URL: https://www.google.com/maps/place/Sungai+Maron+Pacitan/@-8.204503,110.9526434,17z/data=!4m8!3m7!1s0x2e7bdc5940de0881:0x385aa8482534e59a!8m2!3d-8.2045083!4d110.9552183!9m1!1b1!16s%2Fg%2F11f06mb36n?entry=ttu&g_ep=EgoyMDI1MDMzMC4wIKXMDSoASAFQAw%3D%3D"",""5"",""Jawa Timur"",,""false"",""Pemandangan bagus pokoknya gak nyesel datang kesini"",,""Sungai Maron Pacitan"",""4.7"",,""https://www.google.com/maps/search/?api=1&query=Sungai%20Maron%20Pacitan&query_place_id=ChIJgQjeQFncey4RmuU0JUioWjg"","
"Maron, Dersono, Kec. Pringkuku, Kabupaten Pacitan, Jawa Timur 63552, Indonesia,""Tujuan Wisata"",""Tujuan Wisata"",""4060743041843258778"",""Kabupaten Pacitan"",""ID"",""0x2e7bdc5940de0881:0x385aa8482534e59a"",""https://lh3.googleusercontent.com/p/AF1QipMNuPRl3Yiq7QhQIJCyERjVOIzFTXzxm5P_ScFH=w408-h306-k-no"",""false"",""true"",""id"",""0"",""-8.2045083"",""110.9552183"",,""Maron, Dersono, Kecamatan Pringkuku"",""jv"",""false"",""ChIJgQjeQFncey4RmuU0JUioWjg"",""63552"",,""5 bulan lalu"",""2024-10-12T13:58:12.594Z"",,""2024-10-09T12:39:26.000Z"",""Mohoh maaf kak. Akan kami tegur untuk hal serperti ini. Agar tidak terulang kembali."",,,,,""https://lh3.googleusercontent.com/geougc-cs/AIHozJKQw_c_VItT07ujbimBH_LBCXX9UaStIURste07vhnAqi0Mw80HvN6kmhZ8GnZLJcAX1nfDox_oTeLl-S6K8oKIHON2NNGp3Su6r7Lz0YCzZaanlUJ7fkt2eakJm9VrnqImvsNdZg"",,,,,,,,,,,,,,,,,,,,,,,,,,,,,,,,,,,,,,,,,,,,,,,,,,""Google"",,,""9"",,,""3741"",""2025-04-02T02:10:04.574Z"",""Direct Detail URL: https://www.google.com/maps/place/Sungai+Maron+Pacitan/@-8.204503,110.9526434,17z/data=!4m8!3m7!1s0x2e7bdc5940de0881:0x385aa8482534e59a!8m2!3d-8.2045083!4d110.9552183!9m1!1b1!16s%2Fg%2F11f06mb36n?entry=ttu&g_ep=EgoyMDI1MDMzMC4wIKXMDSoASAFQAw%3D%3D"",""1"",""Jawa Timur"",,""false"",""Operator prahu no. 84 nek omonganmu sengak karo pengunjung, ora kooperatif, pulatanmu peteng mbesengut, pengunjung request jawabane ora nyenengke"
Mending balio wae ngarit neng kebon
Rasah kerjo neng nggon tempat wisata
"Bola bali nyang maron nggowo keluarga/konco, lg pisan iki ktmu operator kapal modelan koyo ngene"",""Operator kapal no. 84 Jika Anda berbicara dengan pengunjung terburu-buru, Anda tidak kooperatif, lingkaran Anda gelap, jawaban atas permintaan pengunjung tidak memuaskan"
Adalah baik untuk memotong rumput di kebun
Merasa seperti bekerja di tempat wisata
"Saya akan kembali ke Maron bersama keluarga saya/di belakang layar, ini adalah operator kapal model"",""Sungai Maron Pacitan"",""4.7"",""id"",""https://www.google.com/maps/search/?api=1&query=Sungai%20Maron%20Pacitan&query_place_id=ChIJgQjeQFncey4RmuU0JUioWjg"","
"Maron, Dersono, Kec. Pringkuku, Kabupaten Pacitan, Jawa Timur 63552, Indonesia,""Tujuan Wisata"",""Tujuan Wisata"",""4060743041843258778"",""Kabupaten Pacitan"",""ID"",""0x2e7bdc5940de0881:0x385aa8482534e59a"",""https://lh3.googleusercontent.com/p/AF1QipMNuPRl3Yiq7QhQIJCyERjVOIzFTXzxm5P_ScFH=w408-h306-k-no"",""false"",""false"",""id"",""0"",""-8.2045083"",""110.9552183"",,""Maron, Dersono, Kecamatan Pringkuku"",,""false"",""ChIJgQjeQFncey4RmuU0JUioWjg"",""63552"",,""5 bulan lalu"",""2024-10-12T05:05:08.752Z"",,,,,,,,,,,,,,,,,,,,,,,,,,,,,,,,,,,,,,,,,,,,,,,,,,,,,,,,,,""Google"",,,""11"",,,""3741"",""2025-04-02T02:10:04.574Z"",""Direct Detail URL: https://www.google.com/maps/place/Sungai+Maron+Pacitan/@-8.204503,110.9526434,17z/data=!4m8!3m7!1s0x2e7bdc5940de0881:0x385aa8482534e59a!8m2!3d-8.2045083!4d110.9552183!9m1!1b1!16s%2Fg%2F11f06mb36n?entry=ttu&g_ep=EgoyMDI1MDMzMC4wIKXMDSoASAFQAw%3D%3D"",""5"",""Jawa Timur"",,""false"",,,""Sungai Maron Pacitan"",""4.7"",,""https://www.google.com/maps/search/?api=1&query=Sungai%20Maron%20Pacitan&query_place_id=ChIJgQjeQFncey4RmuU0JUioWjg"","
"Maron, Dersono, Kec. Pringkuku, Kabupaten Pacitan, Jawa Timur 63552, Indonesia,""Tujuan Wisata"",""Tujuan Wisata"",""4060743041843258778"",""Kabupaten Pacitan"",""ID"",""0x2e7bdc5940de0881:0x385aa8482534e59a"",""https://lh3.googleusercontent.com/p/AF1QipMNuPRl3Yiq7QhQIJCyERjVOIzFTXzxm5P_ScFH=w408-h306-k-no"",""false"",""false"",""id"",""0"",""-8.2045083"",""110.9552183"",,""Maron, Dersono, Kecamatan Pringkuku"",""id"",""false"",""ChIJgQjeQFncey4RmuU0JUioWjg"",""63552"",,""5 bulan lalu"",""2024-10-11T12:00:44.305Z"",,,,""Tidak"",""Tanpa mengantre"",""Hari biasa"",,,,,,,,,,,,,,,,,,,,,,,,,,,,,,,,,,,,,,,,,,,,,,,,,,,,""Google"",,,""8"",,,""3741"",""2025-04-02T02:10:04.574Z"",""Direct Detail URL: https://www.google.com/maps/place/Sungai+Maron+Pacitan/@-8.204503,110.9526434,17z/data=!4m8!3m7!1s0x2e7bdc5940de0881:0x385aa8482534e59a!8m2!3d-8.2045083!4d110.9552183!9m1!1b1!16s%2Fg%2F11f06mb36n?entry=ttu&g_ep=EgoyMDI1MDMzMC4wIKXMDSoASAFQAw%3D%3D"",""5"",""Jawa Timur"",,""false"",""Worth the price guys, eventhought u must pay it's about 100.000, i recommend u all to go there by many People. Saran guys, jgn dateng pagi"""" soalnya airnya blm pasang, pasang nya masih siang an guys.. jam 12an keatas"",,""Sungai Maron Pacitan"",""4.7"",,""https://www.google.com/maps/search/?api=1&query=Sungai%20Maron%20Pacitan&query_place_id=ChIJgQjeQFncey4RmuU0JUioWjg"","
"Maron, Dersono, Kec. Pringkuku, Kabupaten Pacitan, Jawa Timur 63552, Indonesia,""Tujuan Wisata"",""Tujuan Wisata"",""4060743041843258778"",""Kabupaten Pacitan"",""ID"",""0x2e7bdc5940de0881:0x385aa8482534e59a"",""https://lh3.googleusercontent.com/p/AF1QipMNuPRl3Yiq7QhQIJCyERjVOIzFTXzxm5P_ScFH=w408-h306-k-no"",""false"",""false"",""id"",""0"",""-8.2045083"",""110.9552183"",,""Maron, Dersono, Kecamatan Pringkuku"",,""false"",""ChIJgQjeQFncey4RmuU0JUioWjg"",""63552"",,""5 bulan lalu"",""2024-10-10T17:50:40.164Z"",,,,,,,,,,,,,,,,,,,,,,,,,,,,,,,,,,,,,,,,,,,,,,,,,,,,,,,,,,""Google"",,,""0"",,,""3741"",""2025-04-02T02:10:04.574Z"",""Direct Detail URL: https://www.google.com/maps/place/Sungai+Maron+Pacitan/@-8.204503,110.9526434,17z/data=!4m8!3m7!1s0x2e7bdc5940de0881:0x385aa8482534e59a!8m2!3d-8.2045083!4d110.9552183!9m1!1b1!16s%2Fg%2F11f06mb36n?entry=ttu&g_ep=EgoyMDI1MDMzMC4wIKXMDSoASAFQAw%3D%3D"",""5"",""Jawa Timur"",,""false"",,,""Sungai Maron Pacitan"",""4.7"",,""https://www.google.com/maps/search/?api=1&query=Sungai%20Maron%20Pacitan&query_place_id=ChIJgQjeQFncey4RmuU0JUioWjg"","
"Maron, Dersono, Kec. Pringkuku, Kabupaten Pacitan, Jawa Timur 63552, Indonesia,""Tujuan Wisata"",""Tujuan Wisata"",""4060743041843258778"",""Kabupaten Pacitan"",""ID"",""0x2e7bdc5940de0881:0x385aa8482534e59a"",""https://lh3.googleusercontent.com/p/AF1QipMNuPRl3Yiq7QhQIJCyERjVOIzFTXzxm5P_ScFH=w408-h306-k-no"",""false"",""false"",""id"",""0"",""-8.2045083"",""110.9552183"",,""Maron, Dersono, Kecamatan Pringkuku"",,""false"",""ChIJgQjeQFncey4RmuU0JUioWjg"",""63552"",,""5 bulan lalu"",""2024-10-09T23:56:13.854Z"",,,,""Tidak"",""Tanpa mengantre"",""Hari libur nasional"",,,,,,,,,,,,,,,,,,,,,,,,,,,,,,,,,,,,,,,,,,,,,,,,,,,,""Google"",,,""0"",,,""3741"",""2025-04-02T02:10:04.574Z"",""Direct Detail URL: https://www.google.com/maps/place/Sungai+Maron+Pacitan/@-8.204503,110.9526434,17z/data=!4m8!3m7!1s0x2e7bdc5940de0881:0x385aa8482534e59a!8m2!3d-8.2045083!4d110.9552183!9m1!1b1!16s%2Fg%2F11f06mb36n?entry=ttu&g_ep=EgoyMDI1MDMzMC4wIKXMDSoASAFQAw%3D%3D"",""4"",""Jawa Timur"",,""false"",,,""Sungai Maron Pacitan"",""4.7"",,""https://www.google.com/maps/search/?api=1&query=Sungai%20Maron%20Pacitan&query_place_id=ChIJgQjeQFncey4RmuU0JUioWjg"","
"Maron, Dersono, Kec. Pringkuku, Kabupaten Pacitan, Jawa Timur 63552, Indonesia,""Tujuan Wisata"",""Tujuan Wisata"",""4060743041843258778"",""Kabupaten Pacitan"",""ID"",""0x2e7bdc5940de0881:0x385aa8482534e59a"",""https://lh3.googleusercontent.com/p/AF1QipMNuPRl3Yiq7QhQIJCyERjVOIzFTXzxm5P_ScFH=w408-h306-k-no"",""false"",""true"",""id"",""0"",""-8.2045083"",""110.9552183"",,""Maron, Dersono, Kecamatan Pringkuku"",,""false"",""ChIJgQjeQFncey4RmuU0JUioWjg"",""63552"",,""5 bulan lalu"",""2024-10-09T11:53:27.762Z"",,,,""Tidak"",""10-30 mnt"",""Akhir pekan"",,""https://lh3.googleusercontent.com/geougc-cs/AIHozJJoMHAwmCp9qTHhK00j9dwNYbPlP2O-whvcQ3PFbNhtR-2o_cb18Stc7WTIDZOVpin4Tq7hFsICoXgNlRyMwRZcdl0tx41Zh7EyuvUODqbDjp47OlZeN139s_-Kxon5XBBupX7CBQ"",,,,,,,,,,,,,,,,,,,,,,,,,,,,,,,,,,,,,,,,,,,,,,,,,,""Google"",,,""5"",,,""3741"",""2025-04-02T02:10:04.574Z"",""Direct Detail URL: https://www.google.com/maps/place/Sungai+Maron+Pacitan/@-8.204503,110.9526434,17z/data=!4m8!3m7!1s0x2e7bdc5940de0881:0x385aa8482534e59a!8m2!3d-8.2045083!4d110.9552183!9m1!1b1!16s%2Fg%2F11f06mb36n?entry=ttu&g_ep=EgoyMDI1MDMzMC4wIKXMDSoASAFQAw%3D%3D"",""5"",""Jawa Timur"",,""false"",,,""Sungai Maron Pacitan"",""4.7"",,""https://www.google.com/maps/search/?api=1&query=Sungai%20Maron%20Pacitan&query_place_id=ChIJgQjeQFncey4RmuU0JUioWjg"","
"Maron, Dersono, Kec. Pringkuku, Kabupaten Pacitan, Jawa Timur 63552, Indonesia,""Tujuan Wisata"",""Tujuan Wisata"",""4060743041843258778"",""Kabupaten Pacitan"",""ID"",""0x2e7bdc5940de0881:0x385aa8482534e59a"",""https://lh3.googleusercontent.com/p/AF1QipMNuPRl3Yiq7QhQIJCyERjVOIzFTXzxm5P_ScFH=w408-h306-k-no"",""false"",""true"",""id"",""0"",""-8.2045083"",""110.9552183"",,""Maron, Dersono, Kecamatan Pringkuku"",,""false"",""ChIJgQjeQFncey4RmuU0JUioWjg"",""63552"",,""5 bulan lalu"",""2024-10-09T08:45:39.608Z"",,,,,,""Hari libur nasional"",,,,,,,,,,,,,,,,,,,,,,,,,,,,,,,,,,,,,,,,,,,,,,,,,,,,""Google"",,,""1"",,,""3741"",""2025-04-02T02:10:04.574Z"",""Direct Detail URL: https://www.google.com/maps/place/Sungai+Maron+Pacitan/@-8.204503,110.9526434,17z/data=!4m8!3m7!1s0x2e7bdc5940de0881:0x385aa8482534e59a!8m2!3d-8.2045083!4d110.9552183!9m1!1b1!16s%2Fg%2F11f06mb36n?entry=ttu&g_ep=EgoyMDI1MDMzMC4wIKXMDSoASAFQAw%3D%3D"",""5"",""Jawa Timur"",,""false"",,,""Sungai Maron Pacitan"",""4.7"",,""https://www.google.com/maps/search/?api=1&query=Sungai%20Maron%20Pacitan&query_place_id=ChIJgQjeQFncey4RmuU0JUioWjg"","
"Maron, Dersono, Kec. Pringkuku, Kabupaten Pacitan, Jawa Timur 63552, Indonesia,""Tujuan Wisata"",""Tujuan Wisata"",""4060743041843258778"",""Kabupaten Pacitan"",""ID"",""0x2e7bdc5940de0881:0x385aa8482534e59a"",""https://lh3.googleusercontent.com/p/AF1QipMNuPRl3Yiq7QhQIJCyERjVOIzFTXzxm5P_ScFH=w408-h306-k-no"",""false"",""true"",""id"",""0"",""-8.2045083"",""110.9552183"",,""Maron, Dersono, Kecamatan Pringkuku"",,""false"",""ChIJgQjeQFncey4RmuU0JUioWjg"",""63552"",,""5 bulan lalu"",""2024-10-09T06:29:10.241Z"",,,,""Tidak"",""Maks 10 mnt"",""Akhir pekan"",,,,,,,,,,,,,,,,,,,,,,,,,,,,,,,,,,,,,,,,,,,,,,,,,,,,""Google"",,,""54"",,,""3741"",""2025-04-02T02:10:04.574Z"",""Direct Detail URL: https://www.google.com/maps/place/Sungai+Maron+Pacitan/@-8.204503,110.9526434,17z/data=!4m8!3m7!1s0x2e7bdc5940de0881:0x385aa8482534e59a!8m2!3d-8.2045083!4d110.9552183!9m1!1b1!16s%2Fg%2F11f06mb36n?entry=ttu&g_ep=EgoyMDI1MDMzMC4wIKXMDSoASAFQAw%3D%3D"",""5"",""Jawa Timur"",,""false"",,,""Sungai Maron Pacitan"",""4.7"",,""https://www.google.com/maps/search/?api=1&query=Sungai%20Maron%20Pacitan&query_place_id=ChIJgQjeQFncey4RmuU0JUioWjg"","
